TrafficDirection,AgreementReference,AgreementStart Date,AgreementEnd Date,Home PMNCountry,Partner PMNCountry,DiscountMethod,ServiceType,EventType,CalculationType,DiscountHome PMN(s),DiscountPartner PMN(s),DiscountRate,DiscountType,DiscountTax,DiscountCurrency,BalanceType,ChargingIncrement,LowerBound,UpperBound,BoundType,ValidFrom,ValidTo,QualifyingDirection,QualifyingService Type,QualifyingEvent Type,QualifyingVolume,QualifyingBasis,Fair UsageRate,Fair UsageThreshold,AccessFee Rate,IncrementalRate,Selected Destinations,CountryName,IMSI Cap Traffic in MB,IMSI Cap Value,IMSI Cap Currency,M2M Segment,Regular Segment
Bi-Directional,FT Europe Intragroup 2015 POL03,01-JAN-2026,30-JUN-2026,United Kingdom,Poland,End of Agreement,Data,MB,"Single Rate Effective (Voice, SMS, Data, VoLTE)","GBRME, GBROR",POL03,0.05000,Value,Net,EUR,Balanced,Actual,,,,01-JAN-26,30-JUN-26,,All,All,,,,,,,,,,,,,ALL
Bi-Directional,FT Europe Intragroup 2015 POL03,01-JAN-2026,30-JUN-2026,United Kingdom,Poland,End of Agreement,Data,MB,"Stepped/Tiered (Voice, SMS, Data, VoLTE)","GBRME, GBROR",POL03,0.01500,Value,Net,EUR,Unbalanced,Actual,0.000,30.000,YoY Total Traffic Growth %,01-JAN-26,30-JUN-26,,All,All,,,,,,,,,,,,,ALL
Bi-Directional,FT Europe Intragroup 2015 POL03,01-JAN-2026,30-JUN-2026,United Kingdom,Poland,End of Agreement,Data,MB,"Stepped/Tiered (Voice, SMS, Data, VoLTE)","GBRME, GBROR",POL03,0.01400,Value,Net,EUR,Unbalanced,Actual,30.000,60.000,YoY Total Traffic Growth %,01-JAN-26,30-JUN-26,,All,All,,,,,,,,,,,,,ALL
Bi-Directional,FT Europe Intragroup 2015 POL03,01-JAN-2026,30-JUN-2026,United Kingdom,Poland,End of Agreement,Data,MB,"Stepped/Tiered (Voice, SMS, Data, VoLTE)","GBRME, GBROR",POL03,0.01200,Value,Net,EUR,Unbalanced,Actual,60.000,90.000,YoY Total Traffic Growth %,01-JAN-26,30-JUN-26,,All,All,,,,,,,,,,,,,ALL
Bi-Directional,FT Europe Intragroup 2015 POL03,01-JAN-2026,30-JUN-2026,United Kingdom,Poland,End of Agreement,Data,MB,"Stepped/Tiered (Voice, SMS, Data, VoLTE)","GBRME, GBROR",POL03,0.01100,Value,Net,EUR,Unbalanced,Actual,90.000,120.000,YoY Total Traffic Growth %,01-JAN-26,30-JUN-26,,All,All,,,,,,,,,,,,,ALL
Bi-Directional,FT Europe Intragroup 2015 POL03,01-JAN-2026,30-JUN-2026,United Kingdom,Poland,End of Agreement,Data,MB,"Stepped/Tiered (Voice, SMS, Data, VoLTE)","GBRME, GBROR",POL03,0.01000,Value,Net,EUR,Unbalanced,Actual,120.000,,YoY Total Traffic Growth %,01-JAN-26,30-JUN-26,,All,All,,,,,,,,,,,,,ALL
Bi-Directional,FT Europe Intragroup 2015 POL03,01-JAN-2026,30-JUN-2026,United Kingdom,Poland,End of Agreement,SMS,MO,"Single Rate Effective (Voice, SMS, Data, VoLTE)","GBRME, GBROR",POL03,0.01000,Value,Net,EUR,Unbalanced,Actual,,,,01-JAN-26,30-JUN-26,,All,All,,,,,,,,,,,,,ALL
Bi-Directional,FT Europe Intragroup 2015 POL03,01-JAN-2026,30-JUN-2026,United Kingdom,Poland,End of Agreement,SMS,MO,"Single Rate Effective (Voice, SMS, Data, VoLTE)","GBRME, GBROR",POL03,0.02000,Value,Net,EUR,Balanced,Actual,,,,01-JAN-26,30-JUN-26,,All,All,,,,,,,,,,,,,ALL
Bi-Directional,FT Europe Intragroup 2015 POL03,01-JAN-2026,30-JUN-2026,United Kingdom,Poland,End of Agreement,Voice,MO,"Send or Pay Traffic (Voice, SMS, Data, VoLTE)","GBRME, GBROR",POL03,,,Net,EUR,,Actual,40.000,,Market Share %,01-JAN-26,30-JUN-26,,All,All,,,,,,,,,,,,,ALL
Bi-Directional,FT Europe Intragroup 2015 POL03,01-JAN-2026,30-JUN-2026,United Kingdom,Poland,End of Agreement,Voice,MT,"Single Rate Effective (Voice, SMS, Data, VoLTE)","GBRME, GBROR",POL03,0.00000,Value,Net,EUR,No-Balancing,Actual,,,,01-JAN-26,30-JUN-26,,All,All,,,,,,,,,,,,,ALL
Bi-Directional,FT Europe Intragroup 2015 POL03,01-JAN-2026,30-JUN-2026,United Kingdom,Poland,End of Agreement,Voice,MO,"Single Rate Effective (Voice, SMS, Data, VoLTE)","GBRME, GBROR",POL03,0.04000,Value,Net,EUR,Balanced,Actual,,,,01-JAN-26,30-JUN-26,,All,All,,,,,,,,,,,,,ALL
Bi-Directional,FT Europe Intragroup 2015 POL03,01-JAN-2026,30-JUN-2026,United Kingdom,Poland,End of Agreement,Voice,MO,"Single Rate Effective (Voice, SMS, Data, VoLTE)","GBRME, GBROR",POL03,0.03000,Value,Net,EUR,Unbalanced,Actual,,,,01-JAN-26,30-JUN-26,,All,All,,,,,,,,,,,,,ALL
Customer/Outbound,FT Europe Intragroup 2015 POL03,01-JAN-2026,30-JUN-2026,United Kingdom,Poland,End of Agreement,Voice,MO,"Stepped/Tiered (Voice, SMS, Data, VoLTE)","GBRME, GBROR",POL03,-0.01000,,Net,EUR,No-Balancing,Actual,40.000,,Market Share %,01-JAN-26,30-JUN-26,Customer/Outbound,Voice,MO,85.00,Market Share %,,,,,,,,,,,ALL
Visitor/Inbound,FT Europe Intragroup 2015 POL03,01-JAN-2026,30-JUN-2026,United Kingdom,Poland,End of Agreement,Voice,MO,"Stepped/Tiered (Voice, SMS, Data, VoLTE)","GBRME, GBROR",POL03,-0.01000,,Net,EUR,No-Balancing,Actual,40.000,,Market Share %,01-JAN-26,30-JUN-26,Visitor/Inbound,Voice,MO,85.00,Market Share %,,,,,,,,,,,ALL
Customer/Outbound,Isle of Man:Manx Isle of Man JAN26 DEC26,01-JAN-2026,31-DEC-2026,United Kingdom,Isle of Man,End of Agreement,All,All,Send or Pay Financial (All Services),"GBRME, GBROR",GBRMT,,,Gross,GBP,No-Balancing,Actual,"200,000.000",,Financial Commitment,01-JAN-26,31-DEC-26,,,,,,,,,,N/A,,,,,,ALL
Customer/Outbound,Isle of Man:Manx Isle of Man JAN26 DEC26,01-JAN-2026,31-DEC-2026,United Kingdom,Isle of Man,End of Agreement,Data,MB,"Stepped/Tiered (Voice, SMS, Data, VoLTE)","GBRME, GBROR",GBRMT,0.00039,Value,Gross,GBP,No-Balancing,Actual,"50,000,001.000",,Volume,01-JAN-26,31-DEC-26,,,,,,,,,,N/A,,,,,,ALL
Customer/Outbound,Isle of Man:Manx Isle of Man JAN26 DEC26,01-JAN-2026,31-DEC-2026,United Kingdom,Isle of Man,End of Agreement,Data,MB,"Stepped/Tiered (Voice, SMS, Data, VoLTE)","GBRME, GBROR",GBRMT,0.00146,Value,Gross,GBP,No-Balancing,Actual,0.000,"5,000,000.000",Volume,01-JAN-26,31-DEC-26,,,,,,,,,,N/A,,,,,,ALL
Customer/Outbound,Isle of Man:Manx Isle of Man JAN26 DEC26,01-JAN-2026,31-DEC-2026,United Kingdom,Isle of Man,End of Agreement,Data,MB,"Stepped/Tiered (Voice, SMS, Data, VoLTE)","GBRME, GBROR",GBRMT,0.00098,Value,Gross,GBP,No-Balancing,Actual,"5,000,001.000","15,000,000.000",Volume,01-JAN-26,31-DEC-26,,,,,,,,,,N/A,,,,,,ALL
Customer/Outbound,Isle of Man:Manx Isle of Man JAN26 DEC26,01-JAN-2026,31-DEC-2026,United Kingdom,Isle of Man,End of Agreement,Data,MB,"Stepped/Tiered (Voice, SMS, Data, VoLTE)","GBRME, GBROR",GBRMT,0.00049,Value,Gross,GBP,No-Balancing,Actual,"15,000,001.000","50,000,000.000",Volume,01-JAN-26,31-DEC-26,,,,,,,,,,N/A,,,,,,ALL
Customer/Outbound,Isle of Man:Manx Isle of Man JAN26 DEC26,01-JAN-2026,31-DEC-2026,United Kingdom,Isle of Man,End of Agreement,SMS,MO,"Single Rate Effective (Voice, SMS, Data, VoLTE)","GBRME, GBROR",GBRMT,0.00400,Value,Gross,GBP,No-Balancing,Actual,,,,01-JAN-26,31-DEC-26,,,,,,,,,,ALL,,,,,,ALL
Customer/Outbound,Isle of Man:Manx Isle of Man JAN26 DEC26,01-JAN-2026,31-DEC-2026,United Kingdom,Isle of Man,End of Agreement,Voice,MO,"Single Rate Effective (Voice, SMS, Data, VoLTE)","GBRME, GBROR",GBRMT,0.01500,Value,Gross,GBP,No-Balancing,Actual,,,,01-JAN-26,31-DEC-26,,,,,,,,,,"HOM, LOC, MULTI",Austria,,,,,ALL
Customer/Outbound,Isle of Man:Manx Isle of Man JAN26 DEC26,01-JAN-2026,31-DEC-2026,United Kingdom,Isle of Man,End of Agreement,Voice,MO,"Single Rate Effective (Voice, SMS, Data, VoLTE)","GBRME, GBROR",GBRMT,0.06000,Value,Gross,GBP,No-Balancing,Actual,,,,01-JAN-26,31-DEC-26,,,,,,,,,,MULTI,Zimbabwe,,,,,ALL
Customer/Outbound,Isle of Man:Manx Isle of Man JAN26 DEC26,01-JAN-2026,31-DEC-2026,United Kingdom,Isle of Man,End of Agreement,Voice,MO,"Single Rate Effective (Voice, SMS, Data, VoLTE)","GBRME, GBROR",GBRMT,0.06000,Value,Gross,GBP,No-Balancing,Actual,,,,01-JAN-26,31-DEC-26,,,,,,,,,,MULTI,Zambia,,,,,ALL
Customer/Outbound,Isle of Man:Manx Isle of Man JAN26 DEC26,01-JAN-2026,31-DEC-2026,United Kingdom,Isle of Man,End of Agreement,Voice,MO,"Single Rate Effective (Voice, SMS, Data, VoLTE)","GBRME, GBROR",GBRMT,0.06000,Value,Gross,GBP,No-Balancing,Actual,,,,01-JAN-26,31-DEC-26,,,,,,,,,,MULTI,Yemen,,,,,ALL
Customer/Outbound,Isle of Man:Manx Isle of Man JAN26 DEC26,01-JAN-2026,31-DEC-2026,United Kingdom,Isle of Man,End of Agreement,Voice,MO,"Single Rate Effective (Voice, SMS, Data, VoLTE)","GBRME, GBROR",GBRMT,0.06000,Value,Gross,GBP,No-Balancing,Actual,,,,01-JAN-26,31-DEC-26,,,,,,,,,,MULTI,Western Sahara,,,,,ALL
Customer/Outbound,Isle of Man:Manx Isle of Man JAN26 DEC26,01-JAN-2026,31-DEC-2026,United Kingdom,Isle of Man,End of Agreement,Voice,MO,"Single Rate Effective (Voice, SMS, Data, VoLTE)","GBRME, GBROR",GBRMT,0.06000,Value,Gross,GBP,No-Balancing,Actual,,,,01-JAN-26,31-DEC-26,,,,,,,,,,MULTI,Wallis and Futuna,,,,,ALL
Customer/Outbound,Isle of Man:Manx Isle of Man JAN26 DEC26,01-JAN-2026,31-DEC-2026,United Kingdom,Isle of Man,End of Agreement,Voice,MO,"Single Rate Effective (Voice, SMS, Data, VoLTE)","GBRME, GBROR",GBRMT,0.06000,Value,Gross,GBP,No-Balancing,Actual,,,,01-JAN-26,31-DEC-26,,,,,,,,,,MULTI,"Virgin Islands, U.S.",,,,,ALL
Customer/Outbound,Isle of Man:Manx Isle of Man JAN26 DEC26,01-JAN-2026,31-DEC-2026,United Kingdom,Isle of Man,End of Agreement,Voice,MO,"Single Rate Effective (Voice, SMS, Data, VoLTE)","GBRME, GBROR",GBRMT,0.06000,Value,Gross,GBP,No-Balancing,Actual,,,,01-JAN-26,31-DEC-26,,,,,,,,,,MULTI,"Virgin Islands, British",,,,,ALL
Customer/Outbound,Isle of Man:Manx Isle of Man JAN26 DEC26,01-JAN-2026,31-DEC-2026,United Kingdom,Isle of Man,End of Agreement,Voice,MO,"Single Rate Effective (Voice, SMS, Data, VoLTE)","GBRME, GBROR",GBRMT,0.06000,Value,Gross,GBP,No-Balancing,Actual,,,,01-JAN-26,31-DEC-26,,,,,,,,,,MULTI,Viet Nam,,,,,ALL
Customer/Outbound,Isle of Man:Manx Isle of Man JAN26 DEC26,01-JAN-2026,31-DEC-2026,United Kingdom,Isle of Man,End of Agreement,Voice,MO,"Single Rate Effective (Voice, SMS, Data, VoLTE)","GBRME, GBROR",GBRMT,0.06000,Value,Gross,GBP,No-Balancing,Actual,,,,01-JAN-26,31-DEC-26,,,,,,,,,,MULTI,Venezuela,,,,,ALL
Customer/Outbound,Isle of Man:Manx Isle of Man JAN26 DEC26,01-JAN-2026,31-DEC-2026,United Kingdom,Isle of Man,End of Agreement,Voice,MO,"Single Rate Effective (Voice, SMS, Data, VoLTE)","GBRME, GBROR",GBRMT,0.06000,Value,Gross,GBP,No-Balancing,Actual,,,,01-JAN-26,31-DEC-26,,,,,,,,,,MULTI,Vanuatu,,,,,ALL
Customer/Outbound,Isle of Man:Manx Isle of Man JAN26 DEC26,01-JAN-2026,31-DEC-2026,United Kingdom,Isle of Man,End of Agreement,Voice,MO,"Single Rate Effective (Voice, SMS, Data, VoLTE)","GBRME, GBROR",GBRMT,0.06000,Value,Gross,GBP,No-Balancing,Actual,,,,01-JAN-26,31-DEC-26,,,,,,,,,,MULTI,Uzbekistan,,,,,ALL
Customer/Outbound,Isle of Man:Manx Isle of Man JAN26 DEC26,01-JAN-2026,31-DEC-2026,United Kingdom,Isle of Man,End of Agreement,Voice,MO,"Single Rate Effective (Voice, SMS, Data, VoLTE)","GBRME, GBROR",GBRMT,0.06000,Value,Gross,GBP,No-Balancing,Actual,,,,01-JAN-26,31-DEC-26,,,,,,,,,,MULTI,Uruguay,,,,,ALL
Customer/Outbound,Isle of Man:Manx Isle of Man JAN26 DEC26,01-JAN-2026,31-DEC-2026,United Kingdom,Isle of Man,End of Agreement,Voice,MO,"Single Rate Effective (Voice, SMS, Data, VoLTE)","GBRME, GBROR",GBRMT,0.06000,Value,Gross,GBP,No-Balancing,Actual,,,,01-JAN-26,31-DEC-26,,,,,,,,,,MULTI,United States Minor Outlying Islands,,,,,ALL
Customer/Outbound,Isle of Man:Manx Isle of Man JAN26 DEC26,01-JAN-2026,31-DEC-2026,United Kingdom,Isle of Man,End of Agreement,Voice,MO,"Single Rate Effective (Voice, SMS, Data, VoLTE)","GBRME, GBROR",GBRMT,0.06000,Value,Gross,GBP,No-Balancing,Actual,,,,01-JAN-26,31-DEC-26,,,,,,,,,,MULTI,United States,,,,,ALL
Customer/Outbound,Isle of Man:Manx Isle of Man JAN26 DEC26,01-JAN-2026,31-DEC-2026,United Kingdom,Isle of Man,End of Agreement,Voice,MO,"Single Rate Effective (Voice, SMS, Data, VoLTE)","GBRME, GBROR",GBRMT,0.06000,Value,Gross,GBP,No-Balancing,Actual,,,,01-JAN-26,31-DEC-26,,,,,,,,,,MULTI,United Arab Emirates,,,,,ALL
Customer/Outbound,Isle of Man:Manx Isle of Man JAN26 DEC26,01-JAN-2026,31-DEC-2026,United Kingdom,Isle of Man,End of Agreement,Voice,MO,"Single Rate Effective (Voice, SMS, Data, VoLTE)","GBRME, GBROR",GBRMT,0.06000,Value,Gross,GBP,No-Balancing,Actual,,,,01-JAN-26,31-DEC-26,,,,,,,,,,MULTI,Ukraine,,,,,ALL
Customer/Outbound,Isle of Man:Manx Isle of Man JAN26 DEC26,01-JAN-2026,31-DEC-2026,United Kingdom,Isle of Man,End of Agreement,Voice,MO,"Single Rate Effective (Voice, SMS, Data, VoLTE)","GBRME, GBROR",GBRMT,0.06000,Value,Gross,GBP,No-Balancing,Actual,,,,01-JAN-26,31-DEC-26,,,,,,,,,,MULTI,Uganda,,,,,ALL
Customer/Outbound,Isle of Man:Manx Isle of Man JAN26 DEC26,01-JAN-2026,31-DEC-2026,United Kingdom,Isle of Man,End of Agreement,Voice,MO,"Single Rate Effective (Voice, SMS, Data, VoLTE)","GBRME, GBROR",GBRMT,0.06000,Value,Gross,GBP,No-Balancing,Actual,,,,01-JAN-26,31-DEC-26,,,,,,,,,,MULTI,Tuvalu,,,,,ALL
Customer/Outbound,Isle of Man:Manx Isle of Man JAN26 DEC26,01-JAN-2026,31-DEC-2026,United Kingdom,Isle of Man,End of Agreement,Voice,MO,"Single Rate Effective (Voice, SMS, Data, VoLTE)","GBRME, GBROR",GBRMT,0.06000,Value,Gross,GBP,No-Balancing,Actual,,,,01-JAN-26,31-DEC-26,,,,,,,,,,MULTI,Turks and Caicos Islands,,,,,ALL
Customer/Outbound,Isle of Man:Manx Isle of Man JAN26 DEC26,01-JAN-2026,31-DEC-2026,United Kingdom,Isle of Man,End of Agreement,Voice,MO,"Single Rate Effective (Voice, SMS, Data, VoLTE)","GBRME, GBROR",GBRMT,0.06000,Value,Gross,GBP,No-Balancing,Actual,,,,01-JAN-26,31-DEC-26,,,,,,,,,,MULTI,Turkmenistan,,,,,ALL
Customer/Outbound,Isle of Man:Manx Isle of Man JAN26 DEC26,01-JAN-2026,31-DEC-2026,United Kingdom,Isle of Man,End of Agreement,Voice,MO,"Single Rate Effective (Voice, SMS, Data, VoLTE)","GBRME, GBROR",GBRMT,0.06000,Value,Gross,GBP,No-Balancing,Actual,,,,01-JAN-26,31-DEC-26,,,,,,,,,,MULTI,Turkey,,,,,ALL
Customer/Outbound,Isle of Man:Manx Isle of Man JAN26 DEC26,01-JAN-2026,31-DEC-2026,United Kingdom,Isle of Man,End of Agreement,Voice,MO,"Single Rate Effective (Voice, SMS, Data, VoLTE)","GBRME, GBROR",GBRMT,0.06000,Value,Gross,GBP,No-Balancing,Actual,,,,01-JAN-26,31-DEC-26,,,,,,,,,,MULTI,Tunisia,,,,,ALL
Customer/Outbound,Isle of Man:Manx Isle of Man JAN26 DEC26,01-JAN-2026,31-DEC-2026,United Kingdom,Isle of Man,End of Agreement,Voice,MO,"Single Rate Effective (Voice, SMS, Data, VoLTE)","GBRME, GBROR",GBRMT,0.06000,Value,Gross,GBP,No-Balancing,Actual,,,,01-JAN-26,31-DEC-26,,,,,,,,,,MULTI,Trinidad and Tobago,,,,,ALL
Customer/Outbound,Isle of Man:Manx Isle of Man JAN26 DEC26,01-JAN-2026,31-DEC-2026,United Kingdom,Isle of Man,End of Agreement,Voice,MO,"Single Rate Effective (Voice, SMS, Data, VoLTE)","GBRME, GBROR",GBRMT,0.06000,Value,Gross,GBP,No-Balancing,Actual,,,,01-JAN-26,31-DEC-26,,,,,,,,,,MULTI,Tonga,,,,,ALL
Customer/Outbound,Isle of Man:Manx Isle of Man JAN26 DEC26,01-JAN-2026,31-DEC-2026,United Kingdom,Isle of Man,End of Agreement,Voice,MO,"Single Rate Effective (Voice, SMS, Data, VoLTE)","GBRME, GBROR",GBRMT,0.06000,Value,Gross,GBP,No-Balancing,Actual,,,,01-JAN-26,31-DEC-26,,,,,,,,,,MULTI,Tokelau,,,,,ALL
Customer/Outbound,Isle of Man:Manx Isle of Man JAN26 DEC26,01-JAN-2026,31-DEC-2026,United Kingdom,Isle of Man,End of Agreement,Voice,MO,"Single Rate Effective (Voice, SMS, Data, VoLTE)","GBRME, GBROR",GBRMT,0.06000,Value,Gross,GBP,No-Balancing,Actual,,,,01-JAN-26,31-DEC-26,,,,,,,,,,MULTI,Togo,,,,,ALL
Customer/Outbound,Isle of Man:Manx Isle of Man JAN26 DEC26,01-JAN-2026,31-DEC-2026,United Kingdom,Isle of Man,End of Agreement,Voice,MO,"Single Rate Effective (Voice, SMS, Data, VoLTE)","GBRME, GBROR",GBRMT,0.06000,Value,Gross,GBP,No-Balancing,Actual,,,,01-JAN-26,31-DEC-26,,,,,,,,,,MULTI,Thailand,,,,,ALL
Customer/Outbound,Isle of Man:Manx Isle of Man JAN26 DEC26,01-JAN-2026,31-DEC-2026,United Kingdom,Isle of Man,End of Agreement,Voice,MO,"Single Rate Effective (Voice, SMS, Data, VoLTE)","GBRME, GBROR",GBRMT,0.06000,Value,Gross,GBP,No-Balancing,Actual,,,,01-JAN-26,31-DEC-26,,,,,,,,,,MULTI,"Tanzania, United Republic of",,,,,ALL
Customer/Outbound,Isle of Man:Manx Isle of Man JAN26 DEC26,01-JAN-2026,31-DEC-2026,United Kingdom,Isle of Man,End of Agreement,Voice,MO,"Single Rate Effective (Voice, SMS, Data, VoLTE)","GBRME, GBROR",GBRMT,0.06000,Value,Gross,GBP,No-Balancing,Actual,,,,01-JAN-26,31-DEC-26,,,,,,,,,,MULTI,Tajikistan,,,,,ALL
Customer/Outbound,Isle of Man:Manx Isle of Man JAN26 DEC26,01-JAN-2026,31-DEC-2026,United Kingdom,Isle of Man,End of Agreement,Voice,MO,"Single Rate Effective (Voice, SMS, Data, VoLTE)","GBRME, GBROR",GBRMT,0.06000,Value,Gross,GBP,No-Balancing,Actual,,,,01-JAN-26,31-DEC-26,,,,,,,,,,MULTI,"Taiwan, Province of China",,,,,ALL
Customer/Outbound,Isle of Man:Manx Isle of Man JAN26 DEC26,01-JAN-2026,31-DEC-2026,United Kingdom,Isle of Man,End of Agreement,Voice,MO,"Single Rate Effective (Voice, SMS, Data, VoLTE)","GBRME, GBROR",GBRMT,0.06000,Value,Gross,GBP,No-Balancing,Actual,,,,01-JAN-26,31-DEC-26,,,,,,,,,,MULTI,Syrian Arab Republic,,,,,ALL
Customer/Outbound,Isle of Man:Manx Isle of Man JAN26 DEC26,01-JAN-2026,31-DEC-2026,United Kingdom,Isle of Man,End of Agreement,Voice,MO,"Single Rate Effective (Voice, SMS, Data, VoLTE)","GBRME, GBROR",GBRMT,0.06000,Value,Gross,GBP,No-Balancing,Actual,,,,01-JAN-26,31-DEC-26,,,,,,,,,,MULTI,Switzerland,,,,,ALL
Customer/Outbound,Isle of Man:Manx Isle of Man JAN26 DEC26,01-JAN-2026,31-DEC-2026,United Kingdom,Isle of Man,End of Agreement,Voice,MO,"Single Rate Effective (Voice, SMS, Data, VoLTE)","GBRME, GBROR",GBRMT,0.06000,Value,Gross,GBP,No-Balancing,Actual,,,,01-JAN-26,31-DEC-26,,,,,,,,,,MULTI,Swaziland,,,,,ALL
Customer/Outbound,Isle of Man:Manx Isle of Man JAN26 DEC26,01-JAN-2026,31-DEC-2026,United Kingdom,Isle of Man,End of Agreement,Voice,MO,"Single Rate Effective (Voice, SMS, Data, VoLTE)","GBRME, GBROR",GBRMT,0.06000,Value,Gross,GBP,No-Balancing,Actual,,,,01-JAN-26,31-DEC-26,,,,,,,,,,MULTI,Svalbard,,,,,ALL
Customer/Outbound,Isle of Man:Manx Isle of Man JAN26 DEC26,01-JAN-2026,31-DEC-2026,United Kingdom,Isle of Man,End of Agreement,Voice,MO,"Single Rate Effective (Voice, SMS, Data, VoLTE)","GBRME, GBROR",GBRMT,0.06000,Value,Gross,GBP,No-Balancing,Actual,,,,01-JAN-26,31-DEC-26,,,,,,,,,,MULTI,Suriname,,,,,ALL
Customer/Outbound,Isle of Man:Manx Isle of Man JAN26 DEC26,01-JAN-2026,31-DEC-2026,United Kingdom,Isle of Man,End of Agreement,Voice,MO,"Single Rate Effective (Voice, SMS, Data, VoLTE)","GBRME, GBROR",GBRMT,0.06000,Value,Gross,GBP,No-Balancing,Actual,,,,01-JAN-26,31-DEC-26,,,,,,,,,,MULTI,Sudan,,,,,ALL
Customer/Outbound,Isle of Man:Manx Isle of Man JAN26 DEC26,01-JAN-2026,31-DEC-2026,United Kingdom,Isle of Man,End of Agreement,Voice,MO,"Single Rate Effective (Voice, SMS, Data, VoLTE)","GBRME, GBROR",GBRMT,0.06000,Value,Gross,GBP,No-Balancing,Actual,,,,01-JAN-26,31-DEC-26,,,,,,,,,,MULTI,Sri Lanka,,,,,ALL
Customer/Outbound,Isle of Man:Manx Isle of Man JAN26 DEC26,01-JAN-2026,31-DEC-2026,United Kingdom,Isle of Man,End of Agreement,Voice,MO,"Single Rate Effective (Voice, SMS, Data, VoLTE)","GBRME, GBROR",GBRMT,0.06000,Value,Gross,GBP,No-Balancing,Actual,,,,01-JAN-26,31-DEC-26,,,,,,,,,,MULTI,South Sudan,,,,,ALL
Customer/Outbound,Isle of Man:Manx Isle of Man JAN26 DEC26,01-JAN-2026,31-DEC-2026,United Kingdom,Isle of Man,End of Agreement,Voice,MO,"Single Rate Effective (Voice, SMS, Data, VoLTE)","GBRME, GBROR",GBRMT,0.06000,Value,Gross,GBP,No-Balancing,Actual,,,,01-JAN-26,31-DEC-26,,,,,,,,,,MULTI,South Africa,,,,,ALL
Customer/Outbound,Isle of Man:Manx Isle of Man JAN26 DEC26,01-JAN-2026,31-DEC-2026,United Kingdom,Isle of Man,End of Agreement,Voice,MO,"Single Rate Effective (Voice, SMS, Data, VoLTE)","GBRME, GBROR",GBRMT,0.06000,Value,Gross,GBP,No-Balancing,Actual,,,,01-JAN-26,31-DEC-26,,,,,,,,,,MULTI,Somalia,,,,,ALL
Customer/Outbound,Isle of Man:Manx Isle of Man JAN26 DEC26,01-JAN-2026,31-DEC-2026,United Kingdom,Isle of Man,End of Agreement,Voice,MO,"Single Rate Effective (Voice, SMS, Data, VoLTE)","GBRME, GBROR",GBRMT,0.06000,Value,Gross,GBP,No-Balancing,Actual,,,,01-JAN-26,31-DEC-26,,,,,,,,,,MULTI,Solomon Islands,,,,,ALL
Customer/Outbound,Isle of Man:Manx Isle of Man JAN26 DEC26,01-JAN-2026,31-DEC-2026,United Kingdom,Isle of Man,End of Agreement,Voice,MO,"Single Rate Effective (Voice, SMS, Data, VoLTE)","GBRME, GBROR",GBRMT,0.06000,Value,Gross,GBP,No-Balancing,Actual,,,,01-JAN-26,31-DEC-26,,,,,,,,,,MULTI,Sint Maarten,,,,,ALL
Customer/Outbound,Isle of Man:Manx Isle of Man JAN26 DEC26,01-JAN-2026,31-DEC-2026,United Kingdom,Isle of Man,End of Agreement,Voice,MO,"Single Rate Effective (Voice, SMS, Data, VoLTE)","GBRME, GBROR",GBRMT,0.06000,Value,Gross,GBP,No-Balancing,Actual,,,,01-JAN-26,31-DEC-26,,,,,,,,,,MULTI,Singapore,,,,,ALL
Customer/Outbound,Isle of Man:Manx Isle of Man JAN26 DEC26,01-JAN-2026,31-DEC-2026,United Kingdom,Isle of Man,End of Agreement,Voice,MO,"Single Rate Effective (Voice, SMS, Data, VoLTE)","GBRME, GBROR",GBRMT,0.06000,Value,Gross,GBP,No-Balancing,Actual,,,,01-JAN-26,31-DEC-26,,,,,,,,,,MULTI,Sierra Leone,,,,,ALL
Customer/Outbound,Isle of Man:Manx Isle of Man JAN26 DEC26,01-JAN-2026,31-DEC-2026,United Kingdom,Isle of Man,End of Agreement,Voice,MO,"Single Rate Effective (Voice, SMS, Data, VoLTE)","GBRME, GBROR",GBRMT,0.06000,Value,Gross,GBP,No-Balancing,Actual,,,,01-JAN-26,31-DEC-26,,,,,,,,,,MULTI,Seychelles,,,,,ALL
Customer/Outbound,Isle of Man:Manx Isle of Man JAN26 DEC26,01-JAN-2026,31-DEC-2026,United Kingdom,Isle of Man,End of Agreement,Voice,MO,"Single Rate Effective (Voice, SMS, Data, VoLTE)","GBRME, GBROR",GBRMT,0.06000,Value,Gross,GBP,No-Balancing,Actual,,,,01-JAN-26,31-DEC-26,,,,,,,,,,MULTI,Serbia,,,,,ALL
Customer/Outbound,Isle of Man:Manx Isle of Man JAN26 DEC26,01-JAN-2026,31-DEC-2026,United Kingdom,Isle of Man,End of Agreement,Voice,MO,"Single Rate Effective (Voice, SMS, Data, VoLTE)","GBRME, GBROR",GBRMT,0.06000,Value,Gross,GBP,No-Balancing,Actual,,,,01-JAN-26,31-DEC-26,,,,,,,,,,MULTI,Senegal,,,,,ALL
Customer/Outbound,Isle of Man:Manx Isle of Man JAN26 DEC26,01-JAN-2026,31-DEC-2026,United Kingdom,Isle of Man,End of Agreement,Voice,MO,"Single Rate Effective (Voice, SMS, Data, VoLTE)","GBRME, GBROR",GBRMT,0.06000,Value,Gross,GBP,No-Balancing,Actual,,,,01-JAN-26,31-DEC-26,,,,,,,,,,MULTI,Saudi Arabia,,,,,ALL
Customer/Outbound,Isle of Man:Manx Isle of Man JAN26 DEC26,01-JAN-2026,31-DEC-2026,United Kingdom,Isle of Man,End of Agreement,Voice,MO,"Single Rate Effective (Voice, SMS, Data, VoLTE)","GBRME, GBROR",GBRMT,0.06000,Value,Gross,GBP,No-Balancing,Actual,,,,01-JAN-26,31-DEC-26,,,,,,,,,,MULTI,Satellite,,,,,ALL
Customer/Outbound,Isle of Man:Manx Isle of Man JAN26 DEC26,01-JAN-2026,31-DEC-2026,United Kingdom,Isle of Man,End of Agreement,Voice,MO,"Single Rate Effective (Voice, SMS, Data, VoLTE)","GBRME, GBROR",GBRMT,0.06000,Value,Gross,GBP,No-Balancing,Actual,,,,01-JAN-26,31-DEC-26,,,,,,,,,,MULTI,Sao Tome and Principe,,,,,ALL
Customer/Outbound,Isle of Man:Manx Isle of Man JAN26 DEC26,01-JAN-2026,31-DEC-2026,United Kingdom,Isle of Man,End of Agreement,Voice,MO,"Single Rate Effective (Voice, SMS, Data, VoLTE)","GBRME, GBROR",GBRMT,0.06000,Value,Gross,GBP,No-Balancing,Actual,,,,01-JAN-26,31-DEC-26,,,,,,,,,,MULTI,San Marino,,,,,ALL
Customer/Outbound,Isle of Man:Manx Isle of Man JAN26 DEC26,01-JAN-2026,31-DEC-2026,United Kingdom,Isle of Man,End of Agreement,Voice,MO,"Single Rate Effective (Voice, SMS, Data, VoLTE)","GBRME, GBROR",GBRMT,0.06000,Value,Gross,GBP,No-Balancing,Actual,,,,01-JAN-26,31-DEC-26,,,,,,,,,,MULTI,Samoa,,,,,ALL
Customer/Outbound,Isle of Man:Manx Isle of Man JAN26 DEC26,01-JAN-2026,31-DEC-2026,United Kingdom,Isle of Man,End of Agreement,Voice,MO,"Single Rate Effective (Voice, SMS, Data, VoLTE)","GBRME, GBROR",GBRMT,0.06000,Value,Gross,GBP,No-Balancing,Actual,,,,01-JAN-26,31-DEC-26,,,,,,,,,,MULTI,Saint Vincent and the Grenadines,,,,,ALL
Customer/Outbound,Isle of Man:Manx Isle of Man JAN26 DEC26,01-JAN-2026,31-DEC-2026,United Kingdom,Isle of Man,End of Agreement,Voice,MO,"Single Rate Effective (Voice, SMS, Data, VoLTE)","GBRME, GBROR",GBRMT,0.06000,Value,Gross,GBP,No-Balancing,Actual,,,,01-JAN-26,31-DEC-26,,,,,,,,,,MULTI,Saint Pierre and Miquelon,,,,,ALL
Customer/Outbound,Isle of Man:Manx Isle of Man JAN26 DEC26,01-JAN-2026,31-DEC-2026,United Kingdom,Isle of Man,End of Agreement,Voice,MO,"Single Rate Effective (Voice, SMS, Data, VoLTE)","GBRME, GBROR",GBRMT,0.06000,Value,Gross,GBP,No-Balancing,Actual,,,,01-JAN-26,31-DEC-26,,,,,,,,,,MULTI,Saint Lucia,,,,,ALL
Customer/Outbound,Isle of Man:Manx Isle of Man JAN26 DEC26,01-JAN-2026,31-DEC-2026,United Kingdom,Isle of Man,End of Agreement,Voice,MO,"Single Rate Effective (Voice, SMS, Data, VoLTE)","GBRME, GBROR",GBRMT,0.06000,Value,Gross,GBP,No-Balancing,Actual,,,,01-JAN-26,31-DEC-26,,,,,,,,,,MULTI,Saint Kitts and Nevis,,,,,ALL
Customer/Outbound,Isle of Man:Manx Isle of Man JAN26 DEC26,01-JAN-2026,31-DEC-2026,United Kingdom,Isle of Man,End of Agreement,Voice,MO,"Single Rate Effective (Voice, SMS, Data, VoLTE)","GBRME, GBROR",GBRMT,0.06000,Value,Gross,GBP,No-Balancing,Actual,,,,01-JAN-26,31-DEC-26,,,,,,,,,,MULTI,Saint Helena,,,,,ALL
Customer/Outbound,Isle of Man:Manx Isle of Man JAN26 DEC26,01-JAN-2026,31-DEC-2026,United Kingdom,Isle of Man,End of Agreement,Voice,MO,"Single Rate Effective (Voice, SMS, Data, VoLTE)","GBRME, GBROR",GBRMT,0.06000,Value,Gross,GBP,No-Balancing,Actual,,,,01-JAN-26,31-DEC-26,,,,,,,,,,MULTI,Réunion,,,,,ALL
Customer/Outbound,Isle of Man:Manx Isle of Man JAN26 DEC26,01-JAN-2026,31-DEC-2026,United Kingdom,Isle of Man,End of Agreement,Voice,MO,"Single Rate Effective (Voice, SMS, Data, VoLTE)","GBRME, GBROR",GBRMT,0.06000,Value,Gross,GBP,No-Balancing,Actual,,,,01-JAN-26,31-DEC-26,,,,,,,,,,MULTI,Rwanda,,,,,ALL
Customer/Outbound,Isle of Man:Manx Isle of Man JAN26 DEC26,01-JAN-2026,31-DEC-2026,United Kingdom,Isle of Man,End of Agreement,Voice,MO,"Single Rate Effective (Voice, SMS, Data, VoLTE)","GBRME, GBROR",GBRMT,0.06000,Value,Gross,GBP,No-Balancing,Actual,,,,01-JAN-26,31-DEC-26,,,,,,,,,,MULTI,Russian Federation,,,,,ALL
Customer/Outbound,Isle of Man:Manx Isle of Man JAN26 DEC26,01-JAN-2026,31-DEC-2026,United Kingdom,Isle of Man,End of Agreement,Voice,MO,"Single Rate Effective (Voice, SMS, Data, VoLTE)","GBRME, GBROR",GBRMT,0.06000,Value,Gross,GBP,No-Balancing,Actual,,,,01-JAN-26,31-DEC-26,,,,,,,,,,MULTI,Republic of North Macedonia,,,,,ALL
Customer/Outbound,Isle of Man:Manx Isle of Man JAN26 DEC26,01-JAN-2026,31-DEC-2026,United Kingdom,Isle of Man,End of Agreement,Voice,MO,"Single Rate Effective (Voice, SMS, Data, VoLTE)","GBRME, GBROR",GBRMT,0.06000,Value,Gross,GBP,No-Balancing,Actual,,,,01-JAN-26,31-DEC-26,,,,,,,,,,MULTI,Qatar,,,,,ALL
Customer/Outbound,Isle of Man:Manx Isle of Man JAN26 DEC26,01-JAN-2026,31-DEC-2026,United Kingdom,Isle of Man,End of Agreement,Voice,MO,"Single Rate Effective (Voice, SMS, Data, VoLTE)","GBRME, GBROR",GBRMT,0.06000,Value,Gross,GBP,No-Balancing,Actual,,,,01-JAN-26,31-DEC-26,,,,,,,,,,MULTI,Puerto Rico,,,,,ALL
Customer/Outbound,Isle of Man:Manx Isle of Man JAN26 DEC26,01-JAN-2026,31-DEC-2026,United Kingdom,Isle of Man,End of Agreement,Voice,MO,"Single Rate Effective (Voice, SMS, Data, VoLTE)","GBRME, GBROR",GBRMT,0.06000,Value,Gross,GBP,No-Balancing,Actual,,,,01-JAN-26,31-DEC-26,,,,,,,,,,MULTI,Pitcairn Group of Islands,,,,,ALL
Customer/Outbound,Isle of Man:Manx Isle of Man JAN26 DEC26,01-JAN-2026,31-DEC-2026,United Kingdom,Isle of Man,End of Agreement,Voice,MO,"Single Rate Effective (Voice, SMS, Data, VoLTE)","GBRME, GBROR",GBRMT,0.06000,Value,Gross,GBP,No-Balancing,Actual,,,,01-JAN-26,31-DEC-26,,,,,,,,,,MULTI,Philippines,,,,,ALL
Customer/Outbound,Isle of Man:Manx Isle of Man JAN26 DEC26,01-JAN-2026,31-DEC-2026,United Kingdom,Isle of Man,End of Agreement,Voice,MO,"Single Rate Effective (Voice, SMS, Data, VoLTE)","GBRME, GBROR",GBRMT,0.06000,Value,Gross,GBP,No-Balancing,Actual,,,,01-JAN-26,31-DEC-26,,,,,,,,,,MULTI,Peru,,,,,ALL
Customer/Outbound,Isle of Man:Manx Isle of Man JAN26 DEC26,01-JAN-2026,31-DEC-2026,United Kingdom,Isle of Man,End of Agreement,Voice,MO,"Single Rate Effective (Voice, SMS, Data, VoLTE)","GBRME, GBROR",GBRMT,0.06000,Value,Gross,GBP,No-Balancing,Actual,,,,01-JAN-26,31-DEC-26,,,,,,,,,,MULTI,Paraguay,,,,,ALL
Customer/Outbound,Isle of Man:Manx Isle of Man JAN26 DEC26,01-JAN-2026,31-DEC-2026,United Kingdom,Isle of Man,End of Agreement,Voice,MO,"Single Rate Effective (Voice, SMS, Data, VoLTE)","GBRME, GBROR",GBRMT,0.06000,Value,Gross,GBP,No-Balancing,Actual,,,,01-JAN-26,31-DEC-26,,,,,,,,,,MULTI,Papua New Guinea,,,,,ALL
Customer/Outbound,Isle of Man:Manx Isle of Man JAN26 DEC26,01-JAN-2026,31-DEC-2026,United Kingdom,Isle of Man,End of Agreement,Voice,MO,"Single Rate Effective (Voice, SMS, Data, VoLTE)","GBRME, GBROR",GBRMT,0.06000,Value,Gross,GBP,No-Balancing,Actual,,,,01-JAN-26,31-DEC-26,,,,,,,,,,MULTI,Panama,,,,,ALL
Customer/Outbound,Isle of Man:Manx Isle of Man JAN26 DEC26,01-JAN-2026,31-DEC-2026,United Kingdom,Isle of Man,End of Agreement,Voice,MO,"Single Rate Effective (Voice, SMS, Data, VoLTE)","GBRME, GBROR",GBRMT,0.06000,Value,Gross,GBP,No-Balancing,Actual,,,,01-JAN-26,31-DEC-26,,,,,,,,,,MULTI,Palestinian Territory,,,,,ALL
Customer/Outbound,Isle of Man:Manx Isle of Man JAN26 DEC26,01-JAN-2026,31-DEC-2026,United Kingdom,Isle of Man,End of Agreement,Voice,MO,"Single Rate Effective (Voice, SMS, Data, VoLTE)","GBRME, GBROR",GBRMT,0.06000,Value,Gross,GBP,No-Balancing,Actual,,,,01-JAN-26,31-DEC-26,,,,,,,,,,MULTI,Palau,,,,,ALL
Customer/Outbound,Isle of Man:Manx Isle of Man JAN26 DEC26,01-JAN-2026,31-DEC-2026,United Kingdom,Isle of Man,End of Agreement,Voice,MO,"Single Rate Effective (Voice, SMS, Data, VoLTE)","GBRME, GBROR",GBRMT,0.06000,Value,Gross,GBP,No-Balancing,Actual,,,,01-JAN-26,31-DEC-26,,,,,,,,,,MULTI,Pakistan,,,,,ALL
Customer/Outbound,Isle of Man:Manx Isle of Man JAN26 DEC26,01-JAN-2026,31-DEC-2026,United Kingdom,Isle of Man,End of Agreement,Voice,MO,"Single Rate Effective (Voice, SMS, Data, VoLTE)","GBRME, GBROR",GBRMT,0.06000,Value,Gross,GBP,No-Balancing,Actual,,,,01-JAN-26,31-DEC-26,,,,,,,,,,MULTI,Oman,,,,,ALL
Customer/Outbound,Isle of Man:Manx Isle of Man JAN26 DEC26,01-JAN-2026,31-DEC-2026,United Kingdom,Isle of Man,End of Agreement,Voice,MO,"Single Rate Effective (Voice, SMS, Data, VoLTE)","GBRME, GBROR",GBRMT,0.06000,Value,Gross,GBP,No-Balancing,Actual,,,,01-JAN-26,31-DEC-26,,,,,,,,,,MULTI,Northern Mariana Islands,,,,,ALL
Customer/Outbound,Isle of Man:Manx Isle of Man JAN26 DEC26,01-JAN-2026,31-DEC-2026,United Kingdom,Isle of Man,End of Agreement,Voice,MO,"Single Rate Effective (Voice, SMS, Data, VoLTE)","GBRME, GBROR",GBRMT,0.06000,Value,Gross,GBP,No-Balancing,Actual,,,,01-JAN-26,31-DEC-26,,,,,,,,,,MULTI,Norfolk Island,,,,,ALL
Customer/Outbound,Isle of Man:Manx Isle of Man JAN26 DEC26,01-JAN-2026,31-DEC-2026,United Kingdom,Isle of Man,End of Agreement,Voice,MO,"Single Rate Effective (Voice, SMS, Data, VoLTE)","GBRME, GBROR",GBRMT,0.06000,Value,Gross,GBP,No-Balancing,Actual,,,,01-JAN-26,31-DEC-26,,,,,,,,,,MULTI,Niue,,,,,ALL
Customer/Outbound,Isle of Man:Manx Isle of Man JAN26 DEC26,01-JAN-2026,31-DEC-2026,United Kingdom,Isle of Man,End of Agreement,Voice,MO,"Single Rate Effective (Voice, SMS, Data, VoLTE)","GBRME, GBROR",GBRMT,0.06000,Value,Gross,GBP,No-Balancing,Actual,,,,01-JAN-26,31-DEC-26,,,,,,,,,,MULTI,Nigeria,,,,,ALL
Customer/Outbound,Isle of Man:Manx Isle of Man JAN26 DEC26,01-JAN-2026,31-DEC-2026,United Kingdom,Isle of Man,End of Agreement,Voice,MO,"Single Rate Effective (Voice, SMS, Data, VoLTE)","GBRME, GBROR",GBRMT,0.06000,Value,Gross,GBP,No-Balancing,Actual,,,,01-JAN-26,31-DEC-26,,,,,,,,,,MULTI,Niger,,,,,ALL
Customer/Outbound,Isle of Man:Manx Isle of Man JAN26 DEC26,01-JAN-2026,31-DEC-2026,United Kingdom,Isle of Man,End of Agreement,Voice,MO,"Single Rate Effective (Voice, SMS, Data, VoLTE)","GBRME, GBROR",GBRMT,0.06000,Value,Gross,GBP,No-Balancing,Actual,,,,01-JAN-26,31-DEC-26,,,,,,,,,,MULTI,Nicaragua,,,,,ALL
Customer/Outbound,Isle of Man:Manx Isle of Man JAN26 DEC26,01-JAN-2026,31-DEC-2026,United Kingdom,Isle of Man,End of Agreement,Voice,MO,"Single Rate Effective (Voice, SMS, Data, VoLTE)","GBRME, GBROR",GBRMT,0.06000,Value,Gross,GBP,No-Balancing,Actual,,,,01-JAN-26,31-DEC-26,,,,,,,,,,MULTI,New Zealand,,,,,ALL
Customer/Outbound,Isle of Man:Manx Isle of Man JAN26 DEC26,01-JAN-2026,31-DEC-2026,United Kingdom,Isle of Man,End of Agreement,Voice,MO,"Single Rate Effective (Voice, SMS, Data, VoLTE)","GBRME, GBROR",GBRMT,0.06000,Value,Gross,GBP,No-Balancing,Actual,,,,01-JAN-26,31-DEC-26,,,,,,,,,,MULTI,New Caledonia,,,,,ALL
Customer/Outbound,Isle of Man:Manx Isle of Man JAN26 DEC26,01-JAN-2026,31-DEC-2026,United Kingdom,Isle of Man,End of Agreement,Voice,MO,"Single Rate Effective (Voice, SMS, Data, VoLTE)","GBRME, GBROR",GBRMT,0.06000,Value,Gross,GBP,No-Balancing,Actual,,,,01-JAN-26,31-DEC-26,,,,,,,,,,MULTI,Netherlands Antilles,,,,,ALL
Customer/Outbound,Isle of Man:Manx Isle of Man JAN26 DEC26,01-JAN-2026,31-DEC-2026,United Kingdom,Isle of Man,End of Agreement,Voice,MO,"Single Rate Effective (Voice, SMS, Data, VoLTE)","GBRME, GBROR",GBRMT,0.06000,Value,Gross,GBP,No-Balancing,Actual,,,,01-JAN-26,31-DEC-26,,,,,,,,,,MULTI,Nepal,,,,,ALL
Customer/Outbound,Isle of Man:Manx Isle of Man JAN26 DEC26,01-JAN-2026,31-DEC-2026,United Kingdom,Isle of Man,End of Agreement,Voice,MO,"Single Rate Effective (Voice, SMS, Data, VoLTE)","GBRME, GBROR",GBRMT,0.06000,Value,Gross,GBP,No-Balancing,Actual,,,,01-JAN-26,31-DEC-26,,,,,,,,,,MULTI,Nauru,,,,,ALL
Customer/Outbound,Isle of Man:Manx Isle of Man JAN26 DEC26,01-JAN-2026,31-DEC-2026,United Kingdom,Isle of Man,End of Agreement,Voice,MO,"Single Rate Effective (Voice, SMS, Data, VoLTE)","GBRME, GBROR",GBRMT,0.06000,Value,Gross,GBP,No-Balancing,Actual,,,,01-JAN-26,31-DEC-26,,,,,,,,,,MULTI,Namibia,,,,,ALL
Customer/Outbound,Isle of Man:Manx Isle of Man JAN26 DEC26,01-JAN-2026,31-DEC-2026,United Kingdom,Isle of Man,End of Agreement,Voice,MO,"Single Rate Effective (Voice, SMS, Data, VoLTE)","GBRME, GBROR",GBRMT,0.06000,Value,Gross,GBP,No-Balancing,Actual,,,,01-JAN-26,31-DEC-26,,,,,,,,,,MULTI,Myanmar,,,,,ALL
Customer/Outbound,Isle of Man:Manx Isle of Man JAN26 DEC26,01-JAN-2026,31-DEC-2026,United Kingdom,Isle of Man,End of Agreement,Voice,MO,"Single Rate Effective (Voice, SMS, Data, VoLTE)","GBRME, GBROR",GBRMT,0.06000,Value,Gross,GBP,No-Balancing,Actual,,,,01-JAN-26,31-DEC-26,,,,,,,,,,MULTI,Mozambique,,,,,ALL
Customer/Outbound,Isle of Man:Manx Isle of Man JAN26 DEC26,01-JAN-2026,31-DEC-2026,United Kingdom,Isle of Man,End of Agreement,Voice,MO,"Single Rate Effective (Voice, SMS, Data, VoLTE)","GBRME, GBROR",GBRMT,0.06000,Value,Gross,GBP,No-Balancing,Actual,,,,01-JAN-26,31-DEC-26,,,,,,,,,,MULTI,Morocco,,,,,ALL
Customer/Outbound,Isle of Man:Manx Isle of Man JAN26 DEC26,01-JAN-2026,31-DEC-2026,United Kingdom,Isle of Man,End of Agreement,Voice,MO,"Single Rate Effective (Voice, SMS, Data, VoLTE)","GBRME, GBROR",GBRMT,0.06000,Value,Gross,GBP,No-Balancing,Actual,,,,01-JAN-26,31-DEC-26,,,,,,,,,,MULTI,Montserrat,,,,,ALL
Customer/Outbound,Isle of Man:Manx Isle of Man JAN26 DEC26,01-JAN-2026,31-DEC-2026,United Kingdom,Isle of Man,End of Agreement,Voice,MO,"Single Rate Effective (Voice, SMS, Data, VoLTE)","GBRME, GBROR",GBRMT,0.06000,Value,Gross,GBP,No-Balancing,Actual,,,,01-JAN-26,31-DEC-26,,,,,,,,,,MULTI,Montenegro,,,,,ALL
Customer/Outbound,Isle of Man:Manx Isle of Man JAN26 DEC26,01-JAN-2026,31-DEC-2026,United Kingdom,Isle of Man,End of Agreement,Voice,MO,"Single Rate Effective (Voice, SMS, Data, VoLTE)","GBRME, GBROR",GBRMT,0.06000,Value,Gross,GBP,No-Balancing,Actual,,,,01-JAN-26,31-DEC-26,,,,,,,,,,MULTI,Mongolia,,,,,ALL
Customer/Outbound,Isle of Man:Manx Isle of Man JAN26 DEC26,01-JAN-2026,31-DEC-2026,United Kingdom,Isle of Man,End of Agreement,Voice,MO,"Single Rate Effective (Voice, SMS, Data, VoLTE)","GBRME, GBROR",GBRMT,0.06000,Value,Gross,GBP,No-Balancing,Actual,,,,01-JAN-26,31-DEC-26,,,,,,,,,,MULTI,Monaco,,,,,ALL
Customer/Outbound,Isle of Man:Manx Isle of Man JAN26 DEC26,01-JAN-2026,31-DEC-2026,United Kingdom,Isle of Man,End of Agreement,Voice,MO,"Single Rate Effective (Voice, SMS, Data, VoLTE)","GBRME, GBROR",GBRMT,0.06000,Value,Gross,GBP,No-Balancing,Actual,,,,01-JAN-26,31-DEC-26,,,,,,,,,,MULTI,"Moldova, Republic of",,,,,ALL
Customer/Outbound,Isle of Man:Manx Isle of Man JAN26 DEC26,01-JAN-2026,31-DEC-2026,United Kingdom,Isle of Man,End of Agreement,Voice,MO,"Single Rate Effective (Voice, SMS, Data, VoLTE)","GBRME, GBROR",GBRMT,0.06000,Value,Gross,GBP,No-Balancing,Actual,,,,01-JAN-26,31-DEC-26,,,,,,,,,,MULTI,"Micronesia, Federated States of",,,,,ALL
Customer/Outbound,Isle of Man:Manx Isle of Man JAN26 DEC26,01-JAN-2026,31-DEC-2026,United Kingdom,Isle of Man,End of Agreement,Voice,MO,"Single Rate Effective (Voice, SMS, Data, VoLTE)","GBRME, GBROR",GBRMT,0.06000,Value,Gross,GBP,No-Balancing,Actual,,,,01-JAN-26,31-DEC-26,,,,,,,,,,MULTI,Mexico,,,,,ALL
Customer/Outbound,Isle of Man:Manx Isle of Man JAN26 DEC26,01-JAN-2026,31-DEC-2026,United Kingdom,Isle of Man,End of Agreement,Voice,MO,"Single Rate Effective (Voice, SMS, Data, VoLTE)","GBRME, GBROR",GBRMT,0.06000,Value,Gross,GBP,No-Balancing,Actual,,,,01-JAN-26,31-DEC-26,,,,,,,,,,MULTI,Mayotte,,,,,ALL
Customer/Outbound,Isle of Man:Manx Isle of Man JAN26 DEC26,01-JAN-2026,31-DEC-2026,United Kingdom,Isle of Man,End of Agreement,Voice,MO,"Single Rate Effective (Voice, SMS, Data, VoLTE)","GBRME, GBROR",GBRMT,0.06000,Value,Gross,GBP,No-Balancing,Actual,,,,01-JAN-26,31-DEC-26,,,,,,,,,,MULTI,Mauritius,,,,,ALL
Customer/Outbound,Isle of Man:Manx Isle of Man JAN26 DEC26,01-JAN-2026,31-DEC-2026,United Kingdom,Isle of Man,End of Agreement,Voice,MO,"Single Rate Effective (Voice, SMS, Data, VoLTE)","GBRME, GBROR",GBRMT,0.06000,Value,Gross,GBP,No-Balancing,Actual,,,,01-JAN-26,31-DEC-26,,,,,,,,,,MULTI,Mauritania,,,,,ALL
Customer/Outbound,Isle of Man:Manx Isle of Man JAN26 DEC26,01-JAN-2026,31-DEC-2026,United Kingdom,Isle of Man,End of Agreement,Voice,MO,"Single Rate Effective (Voice, SMS, Data, VoLTE)","GBRME, GBROR",GBRMT,0.06000,Value,Gross,GBP,No-Balancing,Actual,,,,01-JAN-26,31-DEC-26,,,,,,,,,,MULTI,Martinique,,,,,ALL
Customer/Outbound,Isle of Man:Manx Isle of Man JAN26 DEC26,01-JAN-2026,31-DEC-2026,United Kingdom,Isle of Man,End of Agreement,Voice,MO,"Single Rate Effective (Voice, SMS, Data, VoLTE)","GBRME, GBROR",GBRMT,0.06000,Value,Gross,GBP,No-Balancing,Actual,,,,01-JAN-26,31-DEC-26,,,,,,,,,,MULTI,Marshall Islands,,,,,ALL
Customer/Outbound,Isle of Man:Manx Isle of Man JAN26 DEC26,01-JAN-2026,31-DEC-2026,United Kingdom,Isle of Man,End of Agreement,Voice,MO,"Single Rate Effective (Voice, SMS, Data, VoLTE)","GBRME, GBROR",GBRMT,0.06000,Value,Gross,GBP,No-Balancing,Actual,,,,01-JAN-26,31-DEC-26,,,,,,,,,,MULTI,Mali,,,,,ALL
Customer/Outbound,Isle of Man:Manx Isle of Man JAN26 DEC26,01-JAN-2026,31-DEC-2026,United Kingdom,Isle of Man,End of Agreement,Voice,MO,"Single Rate Effective (Voice, SMS, Data, VoLTE)","GBRME, GBROR",GBRMT,0.06000,Value,Gross,GBP,No-Balancing,Actual,,,,01-JAN-26,31-DEC-26,,,,,,,,,,MULTI,Maldives,,,,,ALL
Customer/Outbound,Isle of Man:Manx Isle of Man JAN26 DEC26,01-JAN-2026,31-DEC-2026,United Kingdom,Isle of Man,End of Agreement,Voice,MO,"Single Rate Effective (Voice, SMS, Data, VoLTE)","GBRME, GBROR",GBRMT,0.06000,Value,Gross,GBP,No-Balancing,Actual,,,,01-JAN-26,31-DEC-26,,,,,,,,,,MULTI,Malaysia,,,,,ALL
Customer/Outbound,Isle of Man:Manx Isle of Man JAN26 DEC26,01-JAN-2026,31-DEC-2026,United Kingdom,Isle of Man,End of Agreement,Voice,MO,"Single Rate Effective (Voice, SMS, Data, VoLTE)","GBRME, GBROR",GBRMT,0.06000,Value,Gross,GBP,No-Balancing,Actual,,,,01-JAN-26,31-DEC-26,,,,,,,,,,MULTI,Malawi,,,,,ALL
Customer/Outbound,Isle of Man:Manx Isle of Man JAN26 DEC26,01-JAN-2026,31-DEC-2026,United Kingdom,Isle of Man,End of Agreement,Voice,MO,"Single Rate Effective (Voice, SMS, Data, VoLTE)","GBRME, GBROR",GBRMT,0.06000,Value,Gross,GBP,No-Balancing,Actual,,,,01-JAN-26,31-DEC-26,,,,,,,,,,MULTI,Madagascar,,,,,ALL
Customer/Outbound,Isle of Man:Manx Isle of Man JAN26 DEC26,01-JAN-2026,31-DEC-2026,United Kingdom,Isle of Man,End of Agreement,Voice,MO,"Single Rate Effective (Voice, SMS, Data, VoLTE)","GBRME, GBROR",GBRMT,0.06000,Value,Gross,GBP,No-Balancing,Actual,,,,01-JAN-26,31-DEC-26,,,,,,,,,,MULTI,Macao,,,,,ALL
Customer/Outbound,Isle of Man:Manx Isle of Man JAN26 DEC26,01-JAN-2026,31-DEC-2026,United Kingdom,Isle of Man,End of Agreement,Voice,MO,"Single Rate Effective (Voice, SMS, Data, VoLTE)","GBRME, GBROR",GBRMT,0.06000,Value,Gross,GBP,No-Balancing,Actual,,,,01-JAN-26,31-DEC-26,,,,,,,,,,MULTI,Libyan Arab Jamahiriya,,,,,ALL
Customer/Outbound,Isle of Man:Manx Isle of Man JAN26 DEC26,01-JAN-2026,31-DEC-2026,United Kingdom,Isle of Man,End of Agreement,Voice,MO,"Single Rate Effective (Voice, SMS, Data, VoLTE)","GBRME, GBROR",GBRMT,0.06000,Value,Gross,GBP,No-Balancing,Actual,,,,01-JAN-26,31-DEC-26,,,,,,,,,,MULTI,Liberia,,,,,ALL
Customer/Outbound,Isle of Man:Manx Isle of Man JAN26 DEC26,01-JAN-2026,31-DEC-2026,United Kingdom,Isle of Man,End of Agreement,Voice,MO,"Single Rate Effective (Voice, SMS, Data, VoLTE)","GBRME, GBROR",GBRMT,0.06000,Value,Gross,GBP,No-Balancing,Actual,,,,01-JAN-26,31-DEC-26,,,,,,,,,,MULTI,Lesotho,,,,,ALL
Customer/Outbound,Isle of Man:Manx Isle of Man JAN26 DEC26,01-JAN-2026,31-DEC-2026,United Kingdom,Isle of Man,End of Agreement,Voice,MO,"Single Rate Effective (Voice, SMS, Data, VoLTE)","GBRME, GBROR",GBRMT,0.06000,Value,Gross,GBP,No-Balancing,Actual,,,,01-JAN-26,31-DEC-26,,,,,,,,,,MULTI,Lebanon,,,,,ALL
Customer/Outbound,Isle of Man:Manx Isle of Man JAN26 DEC26,01-JAN-2026,31-DEC-2026,United Kingdom,Isle of Man,End of Agreement,Voice,MO,"Single Rate Effective (Voice, SMS, Data, VoLTE)","GBRME, GBROR",GBRMT,0.06000,Value,Gross,GBP,No-Balancing,Actual,,,,01-JAN-26,31-DEC-26,,,,,,,,,,MULTI,Lao People's Democratic Republic,,,,,ALL
Customer/Outbound,Isle of Man:Manx Isle of Man JAN26 DEC26,01-JAN-2026,31-DEC-2026,United Kingdom,Isle of Man,End of Agreement,Voice,MO,"Single Rate Effective (Voice, SMS, Data, VoLTE)","GBRME, GBROR",GBRMT,0.06000,Value,Gross,GBP,No-Balancing,Actual,,,,01-JAN-26,31-DEC-26,,,,,,,,,,MULTI,Kyrgyzstan,,,,,ALL
Customer/Outbound,Isle of Man:Manx Isle of Man JAN26 DEC26,01-JAN-2026,31-DEC-2026,United Kingdom,Isle of Man,End of Agreement,Voice,MO,"Single Rate Effective (Voice, SMS, Data, VoLTE)","GBRME, GBROR",GBRMT,0.06000,Value,Gross,GBP,No-Balancing,Actual,,,,01-JAN-26,31-DEC-26,,,,,,,,,,MULTI,Kuwait,,,,,ALL
Customer/Outbound,Isle of Man:Manx Isle of Man JAN26 DEC26,01-JAN-2026,31-DEC-2026,United Kingdom,Isle of Man,End of Agreement,Voice,MO,"Single Rate Effective (Voice, SMS, Data, VoLTE)","GBRME, GBROR",GBRMT,0.06000,Value,Gross,GBP,No-Balancing,Actual,,,,01-JAN-26,31-DEC-26,,,,,,,,,,MULTI,"Korea, Republic of",,,,,ALL
Customer/Outbound,Isle of Man:Manx Isle of Man JAN26 DEC26,01-JAN-2026,31-DEC-2026,United Kingdom,Isle of Man,End of Agreement,Voice,MO,"Single Rate Effective (Voice, SMS, Data, VoLTE)","GBRME, GBROR",GBRMT,0.06000,Value,Gross,GBP,No-Balancing,Actual,,,,01-JAN-26,31-DEC-26,,,,,,,,,,MULTI,"Korea, Democratic People's Republic of",,,,,ALL
Customer/Outbound,Isle of Man:Manx Isle of Man JAN26 DEC26,01-JAN-2026,31-DEC-2026,United Kingdom,Isle of Man,End of Agreement,Voice,MO,"Single Rate Effective (Voice, SMS, Data, VoLTE)","GBRME, GBROR",GBRMT,0.06000,Value,Gross,GBP,No-Balancing,Actual,,,,01-JAN-26,31-DEC-26,,,,,,,,,,MULTI,Kiribati,,,,,ALL
Customer/Outbound,Isle of Man:Manx Isle of Man JAN26 DEC26,01-JAN-2026,31-DEC-2026,United Kingdom,Isle of Man,End of Agreement,Voice,MO,"Single Rate Effective (Voice, SMS, Data, VoLTE)","GBRME, GBROR",GBRMT,0.06000,Value,Gross,GBP,No-Balancing,Actual,,,,01-JAN-26,31-DEC-26,,,,,,,,,,MULTI,Kenya,,,,,ALL
Customer/Outbound,Isle of Man:Manx Isle of Man JAN26 DEC26,01-JAN-2026,31-DEC-2026,United Kingdom,Isle of Man,End of Agreement,Voice,MO,"Single Rate Effective (Voice, SMS, Data, VoLTE)","GBRME, GBROR",GBRMT,0.06000,Value,Gross,GBP,No-Balancing,Actual,,,,01-JAN-26,31-DEC-26,,,,,,,,,,MULTI,Kazakhstan,,,,,ALL
Customer/Outbound,Isle of Man:Manx Isle of Man JAN26 DEC26,01-JAN-2026,31-DEC-2026,United Kingdom,Isle of Man,End of Agreement,Voice,MO,"Single Rate Effective (Voice, SMS, Data, VoLTE)","GBRME, GBROR",GBRMT,0.06000,Value,Gross,GBP,No-Balancing,Actual,,,,01-JAN-26,31-DEC-26,,,,,,,,,,MULTI,Jordan,,,,,ALL
Customer/Outbound,Isle of Man:Manx Isle of Man JAN26 DEC26,01-JAN-2026,31-DEC-2026,United Kingdom,Isle of Man,End of Agreement,Voice,MO,"Single Rate Effective (Voice, SMS, Data, VoLTE)","GBRME, GBROR",GBRMT,0.06000,Value,Gross,GBP,No-Balancing,Actual,,,,01-JAN-26,31-DEC-26,,,,,,,,,,MULTI,Jersey,,,,,ALL
Customer/Outbound,Isle of Man:Manx Isle of Man JAN26 DEC26,01-JAN-2026,31-DEC-2026,United Kingdom,Isle of Man,End of Agreement,Voice,MO,"Single Rate Effective (Voice, SMS, Data, VoLTE)","GBRME, GBROR",GBRMT,0.06000,Value,Gross,GBP,No-Balancing,Actual,,,,01-JAN-26,31-DEC-26,,,,,,,,,,MULTI,Japan,,,,,ALL
Customer/Outbound,Isle of Man:Manx Isle of Man JAN26 DEC26,01-JAN-2026,31-DEC-2026,United Kingdom,Isle of Man,End of Agreement,Voice,MO,"Single Rate Effective (Voice, SMS, Data, VoLTE)","GBRME, GBROR",GBRMT,0.06000,Value,Gross,GBP,No-Balancing,Actual,,,,01-JAN-26,31-DEC-26,,,,,,,,,,MULTI,Jamaica,,,,,ALL
Customer/Outbound,Isle of Man:Manx Isle of Man JAN26 DEC26,01-JAN-2026,31-DEC-2026,United Kingdom,Isle of Man,End of Agreement,Voice,MO,"Single Rate Effective (Voice, SMS, Data, VoLTE)","GBRME, GBROR",GBRMT,0.06000,Value,Gross,GBP,No-Balancing,Actual,,,,01-JAN-26,31-DEC-26,,,,,,,,,,MULTI,Ivory Coast,,,,,ALL
Customer/Outbound,Isle of Man:Manx Isle of Man JAN26 DEC26,01-JAN-2026,31-DEC-2026,United Kingdom,Isle of Man,End of Agreement,Voice,MO,"Single Rate Effective (Voice, SMS, Data, VoLTE)","GBRME, GBROR",GBRMT,0.06000,Value,Gross,GBP,No-Balancing,Actual,,,,01-JAN-26,31-DEC-26,,,,,,,,,,MULTI,Israel,,,,,ALL
Customer/Outbound,Isle of Man:Manx Isle of Man JAN26 DEC26,01-JAN-2026,31-DEC-2026,United Kingdom,Isle of Man,End of Agreement,Voice,MO,"Single Rate Effective (Voice, SMS, Data, VoLTE)","GBRME, GBROR",GBRMT,0.06000,Value,Gross,GBP,No-Balancing,Actual,,,,01-JAN-26,31-DEC-26,,,,,,,,,,MULTI,Isle of Man,,,,,ALL
Customer/Outbound,Isle of Man:Manx Isle of Man JAN26 DEC26,01-JAN-2026,31-DEC-2026,United Kingdom,Isle of Man,End of Agreement,Voice,MO,"Single Rate Effective (Voice, SMS, Data, VoLTE)","GBRME, GBROR",GBRMT,0.06000,Value,Gross,GBP,No-Balancing,Actual,,,,01-JAN-26,31-DEC-26,,,,,,,,,,MULTI,Iraq,,,,,ALL
Customer/Outbound,Isle of Man:Manx Isle of Man JAN26 DEC26,01-JAN-2026,31-DEC-2026,United Kingdom,Isle of Man,End of Agreement,Voice,MO,"Single Rate Effective (Voice, SMS, Data, VoLTE)","GBRME, GBROR",GBRMT,0.06000,Value,Gross,GBP,No-Balancing,Actual,,,,01-JAN-26,31-DEC-26,,,,,,,,,,MULTI,"Iran, Islamic Republic of",,,,,ALL
Customer/Outbound,Isle of Man:Manx Isle of Man JAN26 DEC26,01-JAN-2026,31-DEC-2026,United Kingdom,Isle of Man,End of Agreement,Voice,MO,"Single Rate Effective (Voice, SMS, Data, VoLTE)","GBRME, GBROR",GBRMT,0.06000,Value,Gross,GBP,No-Balancing,Actual,,,,01-JAN-26,31-DEC-26,,,,,,,,,,MULTI,Indonesia,,,,,ALL
Customer/Outbound,Isle of Man:Manx Isle of Man JAN26 DEC26,01-JAN-2026,31-DEC-2026,United Kingdom,Isle of Man,End of Agreement,Voice,MO,"Single Rate Effective (Voice, SMS, Data, VoLTE)","GBRME, GBROR",GBRMT,0.06000,Value,Gross,GBP,No-Balancing,Actual,,,,01-JAN-26,31-DEC-26,,,,,,,,,,MULTI,India,,,,,ALL
Customer/Outbound,Isle of Man:Manx Isle of Man JAN26 DEC26,01-JAN-2026,31-DEC-2026,United Kingdom,Isle of Man,End of Agreement,Voice,MO,"Single Rate Effective (Voice, SMS, Data, VoLTE)","GBRME, GBROR",GBRMT,0.06000,Value,Gross,GBP,No-Balancing,Actual,,,,01-JAN-26,31-DEC-26,,,,,,,,,,MULTI,Hong Kong,,,,,ALL
Customer/Outbound,Isle of Man:Manx Isle of Man JAN26 DEC26,01-JAN-2026,31-DEC-2026,United Kingdom,Isle of Man,End of Agreement,Voice,MO,"Single Rate Effective (Voice, SMS, Data, VoLTE)","GBRME, GBROR",GBRMT,0.06000,Value,Gross,GBP,No-Balancing,Actual,,,,01-JAN-26,31-DEC-26,,,,,,,,,,MULTI,Honduras,,,,,ALL
Customer/Outbound,Isle of Man:Manx Isle of Man JAN26 DEC26,01-JAN-2026,31-DEC-2026,United Kingdom,Isle of Man,End of Agreement,Voice,MO,"Single Rate Effective (Voice, SMS, Data, VoLTE)","GBRME, GBROR",GBRMT,0.06000,Value,Gross,GBP,No-Balancing,Actual,,,,01-JAN-26,31-DEC-26,,,,,,,,,,MULTI,Holy See (Vatican City State),,,,,ALL
Customer/Outbound,Isle of Man:Manx Isle of Man JAN26 DEC26,01-JAN-2026,31-DEC-2026,United Kingdom,Isle of Man,End of Agreement,Voice,MO,"Single Rate Effective (Voice, SMS, Data, VoLTE)","GBRME, GBROR",GBRMT,0.06000,Value,Gross,GBP,No-Balancing,Actual,,,,01-JAN-26,31-DEC-26,,,,,,,,,,MULTI,Haiti,,,,,ALL
Customer/Outbound,Isle of Man:Manx Isle of Man JAN26 DEC26,01-JAN-2026,31-DEC-2026,United Kingdom,Isle of Man,End of Agreement,Voice,MO,"Single Rate Effective (Voice, SMS, Data, VoLTE)","GBRME, GBROR",GBRMT,0.06000,Value,Gross,GBP,No-Balancing,Actual,,,,01-JAN-26,31-DEC-26,,,,,,,,,,MULTI,Guyana,,,,,ALL
Customer/Outbound,Isle of Man:Manx Isle of Man JAN26 DEC26,01-JAN-2026,31-DEC-2026,United Kingdom,Isle of Man,End of Agreement,Voice,MO,"Single Rate Effective (Voice, SMS, Data, VoLTE)","GBRME, GBROR",GBRMT,0.06000,Value,Gross,GBP,No-Balancing,Actual,,,,01-JAN-26,31-DEC-26,,,,,,,,,,MULTI,Guinea-Bissau,,,,,ALL
Customer/Outbound,Isle of Man:Manx Isle of Man JAN26 DEC26,01-JAN-2026,31-DEC-2026,United Kingdom,Isle of Man,End of Agreement,Voice,MO,"Single Rate Effective (Voice, SMS, Data, VoLTE)","GBRME, GBROR",GBRMT,0.06000,Value,Gross,GBP,No-Balancing,Actual,,,,01-JAN-26,31-DEC-26,,,,,,,,,,MULTI,Guinea,,,,,ALL
Customer/Outbound,Isle of Man:Manx Isle of Man JAN26 DEC26,01-JAN-2026,31-DEC-2026,United Kingdom,Isle of Man,End of Agreement,Voice,MO,"Single Rate Effective (Voice, SMS, Data, VoLTE)","GBRME, GBROR",GBRMT,0.06000,Value,Gross,GBP,No-Balancing,Actual,,,,01-JAN-26,31-DEC-26,,,,,,,,,,MULTI,Guernsey,,,,,ALL
Customer/Outbound,Isle of Man:Manx Isle of Man JAN26 DEC26,01-JAN-2026,31-DEC-2026,United Kingdom,Isle of Man,End of Agreement,Voice,MO,"Single Rate Effective (Voice, SMS, Data, VoLTE)","GBRME, GBROR",GBRMT,0.06000,Value,Gross,GBP,No-Balancing,Actual,,,,01-JAN-26,31-DEC-26,,,,,,,,,,MULTI,Guatemala,,,,,ALL
Customer/Outbound,Isle of Man:Manx Isle of Man JAN26 DEC26,01-JAN-2026,31-DEC-2026,United Kingdom,Isle of Man,End of Agreement,Voice,MO,"Single Rate Effective (Voice, SMS, Data, VoLTE)","GBRME, GBROR",GBRMT,0.06000,Value,Gross,GBP,No-Balancing,Actual,,,,01-JAN-26,31-DEC-26,,,,,,,,,,MULTI,Guam,,,,,ALL
Customer/Outbound,Isle of Man:Manx Isle of Man JAN26 DEC26,01-JAN-2026,31-DEC-2026,United Kingdom,Isle of Man,End of Agreement,Voice,MO,"Single Rate Effective (Voice, SMS, Data, VoLTE)","GBRME, GBROR",GBRMT,0.06000,Value,Gross,GBP,No-Balancing,Actual,,,,01-JAN-26,31-DEC-26,,,,,,,,,,MULTI,Guadeloupe,,,,,ALL
Customer/Outbound,Isle of Man:Manx Isle of Man JAN26 DEC26,01-JAN-2026,31-DEC-2026,United Kingdom,Isle of Man,End of Agreement,Voice,MO,"Single Rate Effective (Voice, SMS, Data, VoLTE)","GBRME, GBROR",GBRMT,0.06000,Value,Gross,GBP,No-Balancing,Actual,,,,01-JAN-26,31-DEC-26,,,,,,,,,,MULTI,Grenada,,,,,ALL
Customer/Outbound,Isle of Man:Manx Isle of Man JAN26 DEC26,01-JAN-2026,31-DEC-2026,United Kingdom,Isle of Man,End of Agreement,Voice,MO,"Single Rate Effective (Voice, SMS, Data, VoLTE)","GBRME, GBROR",GBRMT,0.06000,Value,Gross,GBP,No-Balancing,Actual,,,,01-JAN-26,31-DEC-26,,,,,,,,,,MULTI,Greenland,,,,,ALL
Customer/Outbound,Isle of Man:Manx Isle of Man JAN26 DEC26,01-JAN-2026,31-DEC-2026,United Kingdom,Isle of Man,End of Agreement,Voice,MO,"Single Rate Effective (Voice, SMS, Data, VoLTE)","GBRME, GBROR",GBRMT,0.06000,Value,Gross,GBP,No-Balancing,Actual,,,,01-JAN-26,31-DEC-26,,,,,,,,,,MULTI,Ghana,,,,,ALL
Customer/Outbound,Isle of Man:Manx Isle of Man JAN26 DEC26,01-JAN-2026,31-DEC-2026,United Kingdom,Isle of Man,End of Agreement,Voice,MO,"Single Rate Effective (Voice, SMS, Data, VoLTE)","GBRME, GBROR",GBRMT,0.06000,Value,Gross,GBP,No-Balancing,Actual,,,,01-JAN-26,31-DEC-26,,,,,,,,,,MULTI,Georgia,,,,,ALL
Customer/Outbound,Isle of Man:Manx Isle of Man JAN26 DEC26,01-JAN-2026,31-DEC-2026,United Kingdom,Isle of Man,End of Agreement,Voice,MO,"Single Rate Effective (Voice, SMS, Data, VoLTE)","GBRME, GBROR",GBRMT,0.06000,Value,Gross,GBP,No-Balancing,Actual,,,,01-JAN-26,31-DEC-26,,,,,,,,,,MULTI,Gambia,,,,,ALL
Customer/Outbound,Isle of Man:Manx Isle of Man JAN26 DEC26,01-JAN-2026,31-DEC-2026,United Kingdom,Isle of Man,End of Agreement,Voice,MO,"Single Rate Effective (Voice, SMS, Data, VoLTE)","GBRME, GBROR",GBRMT,0.06000,Value,Gross,GBP,No-Balancing,Actual,,,,01-JAN-26,31-DEC-26,,,,,,,,,,MULTI,Gabon,,,,,ALL
Customer/Outbound,Isle of Man:Manx Isle of Man JAN26 DEC26,01-JAN-2026,31-DEC-2026,United Kingdom,Isle of Man,End of Agreement,Voice,MO,"Single Rate Effective (Voice, SMS, Data, VoLTE)","GBRME, GBROR",GBRMT,0.06000,Value,Gross,GBP,No-Balancing,Actual,,,,01-JAN-26,31-DEC-26,,,,,,,,,,MULTI,French Polynesia,,,,,ALL
Customer/Outbound,Isle of Man:Manx Isle of Man JAN26 DEC26,01-JAN-2026,31-DEC-2026,United Kingdom,Isle of Man,End of Agreement,Voice,MO,"Single Rate Effective (Voice, SMS, Data, VoLTE)","GBRME, GBROR",GBRMT,0.06000,Value,Gross,GBP,No-Balancing,Actual,,,,01-JAN-26,31-DEC-26,,,,,,,,,,MULTI,French Guiana,,,,,ALL
Customer/Outbound,Isle of Man:Manx Isle of Man JAN26 DEC26,01-JAN-2026,31-DEC-2026,United Kingdom,Isle of Man,End of Agreement,Voice,MO,"Single Rate Effective (Voice, SMS, Data, VoLTE)","GBRME, GBROR",GBRMT,0.06000,Value,Gross,GBP,No-Balancing,Actual,,,,01-JAN-26,31-DEC-26,,,,,,,,,,MULTI,Fiji,,,,,ALL
Customer/Outbound,Isle of Man:Manx Isle of Man JAN26 DEC26,01-JAN-2026,31-DEC-2026,United Kingdom,Isle of Man,End of Agreement,Voice,MO,"Single Rate Effective (Voice, SMS, Data, VoLTE)","GBRME, GBROR",GBRMT,0.06000,Value,Gross,GBP,No-Balancing,Actual,,,,01-JAN-26,31-DEC-26,,,,,,,,,,MULTI,Faroe Islands,,,,,ALL
Customer/Outbound,Isle of Man:Manx Isle of Man JAN26 DEC26,01-JAN-2026,31-DEC-2026,United Kingdom,Isle of Man,End of Agreement,Voice,MO,"Single Rate Effective (Voice, SMS, Data, VoLTE)","GBRME, GBROR",GBRMT,0.06000,Value,Gross,GBP,No-Balancing,Actual,,,,01-JAN-26,31-DEC-26,,,,,,,,,,MULTI,Falkland Islands (Malvinas),,,,,ALL
Customer/Outbound,Isle of Man:Manx Isle of Man JAN26 DEC26,01-JAN-2026,31-DEC-2026,United Kingdom,Isle of Man,End of Agreement,Voice,MO,"Single Rate Effective (Voice, SMS, Data, VoLTE)","GBRME, GBROR",GBRMT,0.06000,Value,Gross,GBP,No-Balancing,Actual,,,,01-JAN-26,31-DEC-26,,,,,,,,,,MULTI,Ethiopia,,,,,ALL
Customer/Outbound,Isle of Man:Manx Isle of Man JAN26 DEC26,01-JAN-2026,31-DEC-2026,United Kingdom,Isle of Man,End of Agreement,Voice,MO,"Single Rate Effective (Voice, SMS, Data, VoLTE)","GBRME, GBROR",GBRMT,0.06000,Value,Gross,GBP,No-Balancing,Actual,,,,01-JAN-26,31-DEC-26,,,,,,,,,,MULTI,Eritrea,,,,,ALL
Customer/Outbound,Isle of Man:Manx Isle of Man JAN26 DEC26,01-JAN-2026,31-DEC-2026,United Kingdom,Isle of Man,End of Agreement,Voice,MO,"Single Rate Effective (Voice, SMS, Data, VoLTE)","GBRME, GBROR",GBRMT,0.06000,Value,Gross,GBP,No-Balancing,Actual,,,,01-JAN-26,31-DEC-26,,,,,,,,,,MULTI,Equatorial Guinea,,,,,ALL
Customer/Outbound,Isle of Man:Manx Isle of Man JAN26 DEC26,01-JAN-2026,31-DEC-2026,United Kingdom,Isle of Man,End of Agreement,Voice,MO,"Single Rate Effective (Voice, SMS, Data, VoLTE)","GBRME, GBROR",GBRMT,0.06000,Value,Gross,GBP,No-Balancing,Actual,,,,01-JAN-26,31-DEC-26,,,,,,,,,,MULTI,El Salvador,,,,,ALL
Customer/Outbound,Isle of Man:Manx Isle of Man JAN26 DEC26,01-JAN-2026,31-DEC-2026,United Kingdom,Isle of Man,End of Agreement,Voice,MO,"Single Rate Effective (Voice, SMS, Data, VoLTE)","GBRME, GBROR",GBRMT,0.06000,Value,Gross,GBP,No-Balancing,Actual,,,,01-JAN-26,31-DEC-26,,,,,,,,,,MULTI,Egypt,,,,,ALL
Customer/Outbound,Isle of Man:Manx Isle of Man JAN26 DEC26,01-JAN-2026,31-DEC-2026,United Kingdom,Isle of Man,End of Agreement,Voice,MO,"Single Rate Effective (Voice, SMS, Data, VoLTE)","GBRME, GBROR",GBRMT,0.06000,Value,Gross,GBP,No-Balancing,Actual,,,,01-JAN-26,31-DEC-26,,,,,,,,,,MULTI,Ecuador,,,,,ALL
Customer/Outbound,Isle of Man:Manx Isle of Man JAN26 DEC26,01-JAN-2026,31-DEC-2026,United Kingdom,Isle of Man,End of Agreement,Voice,MO,"Single Rate Effective (Voice, SMS, Data, VoLTE)","GBRME, GBROR",GBRMT,0.06000,Value,Gross,GBP,No-Balancing,Actual,,,,01-JAN-26,31-DEC-26,,,,,,,,,,MULTI,East Timor,,,,,ALL
Customer/Outbound,Isle of Man:Manx Isle of Man JAN26 DEC26,01-JAN-2026,31-DEC-2026,United Kingdom,Isle of Man,End of Agreement,Voice,MO,"Single Rate Effective (Voice, SMS, Data, VoLTE)","GBRME, GBROR",GBRMT,0.06000,Value,Gross,GBP,No-Balancing,Actual,,,,01-JAN-26,31-DEC-26,,,,,,,,,,MULTI,Dominican Republic,,,,,ALL
Customer/Outbound,Isle of Man:Manx Isle of Man JAN26 DEC26,01-JAN-2026,31-DEC-2026,United Kingdom,Isle of Man,End of Agreement,Voice,MO,"Single Rate Effective (Voice, SMS, Data, VoLTE)","GBRME, GBROR",GBRMT,0.06000,Value,Gross,GBP,No-Balancing,Actual,,,,01-JAN-26,31-DEC-26,,,,,,,,,,MULTI,Dominica,,,,,ALL
Customer/Outbound,Isle of Man:Manx Isle of Man JAN26 DEC26,01-JAN-2026,31-DEC-2026,United Kingdom,Isle of Man,End of Agreement,Voice,MO,"Single Rate Effective (Voice, SMS, Data, VoLTE)","GBRME, GBROR",GBRMT,0.06000,Value,Gross,GBP,No-Balancing,Actual,,,,01-JAN-26,31-DEC-26,,,,,,,,,,MULTI,Djibouti,,,,,ALL
Customer/Outbound,Isle of Man:Manx Isle of Man JAN26 DEC26,01-JAN-2026,31-DEC-2026,United Kingdom,Isle of Man,End of Agreement,Voice,MO,"Single Rate Effective (Voice, SMS, Data, VoLTE)","GBRME, GBROR",GBRMT,0.06000,Value,Gross,GBP,No-Balancing,Actual,,,,01-JAN-26,31-DEC-26,,,,,,,,,,MULTI,Curacao,,,,,ALL
Customer/Outbound,Isle of Man:Manx Isle of Man JAN26 DEC26,01-JAN-2026,31-DEC-2026,United Kingdom,Isle of Man,End of Agreement,Voice,MO,"Single Rate Effective (Voice, SMS, Data, VoLTE)","GBRME, GBROR",GBRMT,0.06000,Value,Gross,GBP,No-Balancing,Actual,,,,01-JAN-26,31-DEC-26,,,,,,,,,,MULTI,Cuba,,,,,ALL
Customer/Outbound,Isle of Man:Manx Isle of Man JAN26 DEC26,01-JAN-2026,31-DEC-2026,United Kingdom,Isle of Man,End of Agreement,Voice,MO,"Single Rate Effective (Voice, SMS, Data, VoLTE)","GBRME, GBROR",GBRMT,0.06000,Value,Gross,GBP,No-Balancing,Actual,,,,01-JAN-26,31-DEC-26,,,,,,,,,,MULTI,Costa Rica,,,,,ALL
Customer/Outbound,Isle of Man:Manx Isle of Man JAN26 DEC26,01-JAN-2026,31-DEC-2026,United Kingdom,Isle of Man,End of Agreement,Voice,MO,"Single Rate Effective (Voice, SMS, Data, VoLTE)","GBRME, GBROR",GBRMT,0.06000,Value,Gross,GBP,No-Balancing,Actual,,,,01-JAN-26,31-DEC-26,,,,,,,,,,MULTI,Cook Islands,,,,,ALL
Customer/Outbound,Isle of Man:Manx Isle of Man JAN26 DEC26,01-JAN-2026,31-DEC-2026,United Kingdom,Isle of Man,End of Agreement,Voice,MO,"Single Rate Effective (Voice, SMS, Data, VoLTE)","GBRME, GBROR",GBRMT,0.06000,Value,Gross,GBP,No-Balancing,Actual,,,,01-JAN-26,31-DEC-26,,,,,,,,,,MULTI,"Congo, the Democratic Republic of the",,,,,ALL
Customer/Outbound,Isle of Man:Manx Isle of Man JAN26 DEC26,01-JAN-2026,31-DEC-2026,United Kingdom,Isle of Man,End of Agreement,Voice,MO,"Single Rate Effective (Voice, SMS, Data, VoLTE)","GBRME, GBROR",GBRMT,0.06000,Value,Gross,GBP,No-Balancing,Actual,,,,01-JAN-26,31-DEC-26,,,,,,,,,,MULTI,Congo,,,,,ALL
Customer/Outbound,Isle of Man:Manx Isle of Man JAN26 DEC26,01-JAN-2026,31-DEC-2026,United Kingdom,Isle of Man,End of Agreement,Voice,MO,"Single Rate Effective (Voice, SMS, Data, VoLTE)","GBRME, GBROR",GBRMT,0.06000,Value,Gross,GBP,No-Balancing,Actual,,,,01-JAN-26,31-DEC-26,,,,,,,,,,MULTI,Comoros,,,,,ALL
Customer/Outbound,Isle of Man:Manx Isle of Man JAN26 DEC26,01-JAN-2026,31-DEC-2026,United Kingdom,Isle of Man,End of Agreement,Voice,MO,"Single Rate Effective (Voice, SMS, Data, VoLTE)","GBRME, GBROR",GBRMT,0.06000,Value,Gross,GBP,No-Balancing,Actual,,,,01-JAN-26,31-DEC-26,,,,,,,,,,MULTI,Colombia,,,,,ALL
Customer/Outbound,Isle of Man:Manx Isle of Man JAN26 DEC26,01-JAN-2026,31-DEC-2026,United Kingdom,Isle of Man,End of Agreement,Voice,MO,"Single Rate Effective (Voice, SMS, Data, VoLTE)","GBRME, GBROR",GBRMT,0.06000,Value,Gross,GBP,No-Balancing,Actual,,,,01-JAN-26,31-DEC-26,,,,,,,,,,MULTI,Cocos (Keeling) Islands,,,,,ALL
Customer/Outbound,Isle of Man:Manx Isle of Man JAN26 DEC26,01-JAN-2026,31-DEC-2026,United Kingdom,Isle of Man,End of Agreement,Voice,MO,"Single Rate Effective (Voice, SMS, Data, VoLTE)","GBRME, GBROR",GBRMT,0.06000,Value,Gross,GBP,No-Balancing,Actual,,,,01-JAN-26,31-DEC-26,,,,,,,,,,MULTI,Christmas Island,,,,,ALL
Customer/Outbound,Isle of Man:Manx Isle of Man JAN26 DEC26,01-JAN-2026,31-DEC-2026,United Kingdom,Isle of Man,End of Agreement,Voice,MO,"Single Rate Effective (Voice, SMS, Data, VoLTE)","GBRME, GBROR",GBRMT,0.06000,Value,Gross,GBP,No-Balancing,Actual,,,,01-JAN-26,31-DEC-26,,,,,,,,,,MULTI,China,,,,,ALL
Customer/Outbound,Isle of Man:Manx Isle of Man JAN26 DEC26,01-JAN-2026,31-DEC-2026,United Kingdom,Isle of Man,End of Agreement,Voice,MO,"Single Rate Effective (Voice, SMS, Data, VoLTE)","GBRME, GBROR",GBRMT,0.06000,Value,Gross,GBP,No-Balancing,Actual,,,,01-JAN-26,31-DEC-26,,,,,,,,,,MULTI,Chile,,,,,ALL
Customer/Outbound,Isle of Man:Manx Isle of Man JAN26 DEC26,01-JAN-2026,31-DEC-2026,United Kingdom,Isle of Man,End of Agreement,Voice,MO,"Single Rate Effective (Voice, SMS, Data, VoLTE)","GBRME, GBROR",GBRMT,0.06000,Value,Gross,GBP,No-Balancing,Actual,,,,01-JAN-26,31-DEC-26,,,,,,,,,,MULTI,Chad,,,,,ALL
Customer/Outbound,Isle of Man:Manx Isle of Man JAN26 DEC26,01-JAN-2026,31-DEC-2026,United Kingdom,Isle of Man,End of Agreement,Voice,MO,"Single Rate Effective (Voice, SMS, Data, VoLTE)","GBRME, GBROR",GBRMT,0.06000,Value,Gross,GBP,No-Balancing,Actual,,,,01-JAN-26,31-DEC-26,,,,,,,,,,MULTI,Central African Republic,,,,,ALL
Customer/Outbound,Isle of Man:Manx Isle of Man JAN26 DEC26,01-JAN-2026,31-DEC-2026,United Kingdom,Isle of Man,End of Agreement,Voice,MO,"Single Rate Effective (Voice, SMS, Data, VoLTE)","GBRME, GBROR",GBRMT,0.06000,Value,Gross,GBP,No-Balancing,Actual,,,,01-JAN-26,31-DEC-26,,,,,,,,,,MULTI,Cayman Islands,,,,,ALL
Customer/Outbound,Isle of Man:Manx Isle of Man JAN26 DEC26,01-JAN-2026,31-DEC-2026,United Kingdom,Isle of Man,End of Agreement,Voice,MO,"Single Rate Effective (Voice, SMS, Data, VoLTE)","GBRME, GBROR",GBRMT,0.06000,Value,Gross,GBP,No-Balancing,Actual,,,,01-JAN-26,31-DEC-26,,,,,,,,,,MULTI,Cape Verde,,,,,ALL
Customer/Outbound,Isle of Man:Manx Isle of Man JAN26 DEC26,01-JAN-2026,31-DEC-2026,United Kingdom,Isle of Man,End of Agreement,Voice,MO,"Single Rate Effective (Voice, SMS, Data, VoLTE)","GBRME, GBROR",GBRMT,0.06000,Value,Gross,GBP,No-Balancing,Actual,,,,01-JAN-26,31-DEC-26,,,,,,,,,,MULTI,Canada,,,,,ALL
Customer/Outbound,Isle of Man:Manx Isle of Man JAN26 DEC26,01-JAN-2026,31-DEC-2026,United Kingdom,Isle of Man,End of Agreement,Voice,MO,"Single Rate Effective (Voice, SMS, Data, VoLTE)","GBRME, GBROR",GBRMT,0.06000,Value,Gross,GBP,No-Balancing,Actual,,,,01-JAN-26,31-DEC-26,,,,,,,,,,MULTI,Cameroon,,,,,ALL
Customer/Outbound,Isle of Man:Manx Isle of Man JAN26 DEC26,01-JAN-2026,31-DEC-2026,United Kingdom,Isle of Man,End of Agreement,Voice,MO,"Single Rate Effective (Voice, SMS, Data, VoLTE)","GBRME, GBROR",GBRMT,0.06000,Value,Gross,GBP,No-Balancing,Actual,,,,01-JAN-26,31-DEC-26,,,,,,,,,,MULTI,Cambodia,,,,,ALL
Customer/Outbound,Isle of Man:Manx Isle of Man JAN26 DEC26,01-JAN-2026,31-DEC-2026,United Kingdom,Isle of Man,End of Agreement,Voice,MO,"Single Rate Effective (Voice, SMS, Data, VoLTE)","GBRME, GBROR",GBRMT,0.06000,Value,Gross,GBP,No-Balancing,Actual,,,,01-JAN-26,31-DEC-26,,,,,,,,,,MULTI,Burundi,,,,,ALL
Customer/Outbound,Isle of Man:Manx Isle of Man JAN26 DEC26,01-JAN-2026,31-DEC-2026,United Kingdom,Isle of Man,End of Agreement,Voice,MO,"Single Rate Effective (Voice, SMS, Data, VoLTE)","GBRME, GBROR",GBRMT,0.06000,Value,Gross,GBP,No-Balancing,Actual,,,,01-JAN-26,31-DEC-26,,,,,,,,,,MULTI,Burkina Faso,,,,,ALL
Customer/Outbound,Isle of Man:Manx Isle of Man JAN26 DEC26,01-JAN-2026,31-DEC-2026,United Kingdom,Isle of Man,End of Agreement,Voice,MO,"Single Rate Effective (Voice, SMS, Data, VoLTE)","GBRME, GBROR",GBRMT,0.06000,Value,Gross,GBP,No-Balancing,Actual,,,,01-JAN-26,31-DEC-26,,,,,,,,,,MULTI,Brunei Darussalam,,,,,ALL
Customer/Outbound,Isle of Man:Manx Isle of Man JAN26 DEC26,01-JAN-2026,31-DEC-2026,United Kingdom,Isle of Man,End of Agreement,Voice,MO,"Single Rate Effective (Voice, SMS, Data, VoLTE)","GBRME, GBROR",GBRMT,0.06000,Value,Gross,GBP,No-Balancing,Actual,,,,01-JAN-26,31-DEC-26,,,,,,,,,,MULTI,British Indian Ocean Territory,,,,,ALL
Customer/Outbound,Isle of Man:Manx Isle of Man JAN26 DEC26,01-JAN-2026,31-DEC-2026,United Kingdom,Isle of Man,End of Agreement,Voice,MO,"Single Rate Effective (Voice, SMS, Data, VoLTE)","GBRME, GBROR",GBRMT,0.06000,Value,Gross,GBP,No-Balancing,Actual,,,,01-JAN-26,31-DEC-26,,,,,,,,,,MULTI,Brazil,,,,,ALL
Customer/Outbound,Isle of Man:Manx Isle of Man JAN26 DEC26,01-JAN-2026,31-DEC-2026,United Kingdom,Isle of Man,End of Agreement,Voice,MO,"Single Rate Effective (Voice, SMS, Data, VoLTE)","GBRME, GBROR",GBRMT,0.06000,Value,Gross,GBP,No-Balancing,Actual,,,,01-JAN-26,31-DEC-26,,,,,,,,,,MULTI,Botswana,,,,,ALL
Customer/Outbound,Isle of Man:Manx Isle of Man JAN26 DEC26,01-JAN-2026,31-DEC-2026,United Kingdom,Isle of Man,End of Agreement,Voice,MO,"Single Rate Effective (Voice, SMS, Data, VoLTE)","GBRME, GBROR",GBRMT,0.06000,Value,Gross,GBP,No-Balancing,Actual,,,,01-JAN-26,31-DEC-26,,,,,,,,,,MULTI,Bosnia and Herzegovina,,,,,ALL
Customer/Outbound,Isle of Man:Manx Isle of Man JAN26 DEC26,01-JAN-2026,31-DEC-2026,United Kingdom,Isle of Man,End of Agreement,Voice,MO,"Single Rate Effective (Voice, SMS, Data, VoLTE)","GBRME, GBROR",GBRMT,0.06000,Value,Gross,GBP,No-Balancing,Actual,,,,01-JAN-26,31-DEC-26,,,,,,,,,,MULTI,"Bonaire, Saint Eustatius and Saba",,,,,ALL
Customer/Outbound,Isle of Man:Manx Isle of Man JAN26 DEC26,01-JAN-2026,31-DEC-2026,United Kingdom,Isle of Man,End of Agreement,Voice,MO,"Single Rate Effective (Voice, SMS, Data, VoLTE)","GBRME, GBROR",GBRMT,0.06000,Value,Gross,GBP,No-Balancing,Actual,,,,01-JAN-26,31-DEC-26,,,,,,,,,,MULTI,Bolivia,,,,,ALL
Customer/Outbound,Isle of Man:Manx Isle of Man JAN26 DEC26,01-JAN-2026,31-DEC-2026,United Kingdom,Isle of Man,End of Agreement,Voice,MO,"Single Rate Effective (Voice, SMS, Data, VoLTE)","GBRME, GBROR",GBRMT,0.06000,Value,Gross,GBP,No-Balancing,Actual,,,,01-JAN-26,31-DEC-26,,,,,,,,,,MULTI,Bhutan,,,,,ALL
Customer/Outbound,Isle of Man:Manx Isle of Man JAN26 DEC26,01-JAN-2026,31-DEC-2026,United Kingdom,Isle of Man,End of Agreement,Voice,MO,"Single Rate Effective (Voice, SMS, Data, VoLTE)","GBRME, GBROR",GBRMT,0.06000,Value,Gross,GBP,No-Balancing,Actual,,,,01-JAN-26,31-DEC-26,,,,,,,,,,MULTI,Bermuda,,,,,ALL
Customer/Outbound,Isle of Man:Manx Isle of Man JAN26 DEC26,01-JAN-2026,31-DEC-2026,United Kingdom,Isle of Man,End of Agreement,Voice,MO,"Single Rate Effective (Voice, SMS, Data, VoLTE)","GBRME, GBROR",GBRMT,0.06000,Value,Gross,GBP,No-Balancing,Actual,,,,01-JAN-26,31-DEC-26,,,,,,,,,,MULTI,Benin,,,,,ALL
Customer/Outbound,Isle of Man:Manx Isle of Man JAN26 DEC26,01-JAN-2026,31-DEC-2026,United Kingdom,Isle of Man,End of Agreement,Voice,MO,"Single Rate Effective (Voice, SMS, Data, VoLTE)","GBRME, GBROR",GBRMT,0.06000,Value,Gross,GBP,No-Balancing,Actual,,,,01-JAN-26,31-DEC-26,,,,,,,,,,MULTI,Belize,,,,,ALL
Customer/Outbound,Isle of Man:Manx Isle of Man JAN26 DEC26,01-JAN-2026,31-DEC-2026,United Kingdom,Isle of Man,End of Agreement,Voice,MO,"Single Rate Effective (Voice, SMS, Data, VoLTE)","GBRME, GBROR",GBRMT,0.06000,Value,Gross,GBP,No-Balancing,Actual,,,,01-JAN-26,31-DEC-26,,,,,,,,,,MULTI,Belarus,,,,,ALL
Customer/Outbound,Isle of Man:Manx Isle of Man JAN26 DEC26,01-JAN-2026,31-DEC-2026,United Kingdom,Isle of Man,End of Agreement,Voice,MO,"Single Rate Effective (Voice, SMS, Data, VoLTE)","GBRME, GBROR",GBRMT,0.06000,Value,Gross,GBP,No-Balancing,Actual,,,,01-JAN-26,31-DEC-26,,,,,,,,,,MULTI,Barbados,,,,,ALL
Customer/Outbound,Isle of Man:Manx Isle of Man JAN26 DEC26,01-JAN-2026,31-DEC-2026,United Kingdom,Isle of Man,End of Agreement,Voice,MO,"Single Rate Effective (Voice, SMS, Data, VoLTE)","GBRME, GBROR",GBRMT,0.06000,Value,Gross,GBP,No-Balancing,Actual,,,,01-JAN-26,31-DEC-26,,,,,,,,,,MULTI,Bangladesh,,,,,ALL
Customer/Outbound,Isle of Man:Manx Isle of Man JAN26 DEC26,01-JAN-2026,31-DEC-2026,United Kingdom,Isle of Man,End of Agreement,Voice,MO,"Single Rate Effective (Voice, SMS, Data, VoLTE)","GBRME, GBROR",GBRMT,0.06000,Value,Gross,GBP,No-Balancing,Actual,,,,01-JAN-26,31-DEC-26,,,,,,,,,,MULTI,Bahrain,,,,,ALL
Customer/Outbound,Isle of Man:Manx Isle of Man JAN26 DEC26,01-JAN-2026,31-DEC-2026,United Kingdom,Isle of Man,End of Agreement,Voice,MO,"Single Rate Effective (Voice, SMS, Data, VoLTE)","GBRME, GBROR",GBRMT,0.06000,Value,Gross,GBP,No-Balancing,Actual,,,,01-JAN-26,31-DEC-26,,,,,,,,,,MULTI,Bahamas,,,,,ALL
Customer/Outbound,Isle of Man:Manx Isle of Man JAN26 DEC26,01-JAN-2026,31-DEC-2026,United Kingdom,Isle of Man,End of Agreement,Voice,MO,"Single Rate Effective (Voice, SMS, Data, VoLTE)","GBRME, GBROR",GBRMT,0.06000,Value,Gross,GBP,No-Balancing,Actual,,,,01-JAN-26,31-DEC-26,,,,,,,,,,MULTI,Azerbaijan,,,,,ALL
Customer/Outbound,Isle of Man:Manx Isle of Man JAN26 DEC26,01-JAN-2026,31-DEC-2026,United Kingdom,Isle of Man,End of Agreement,Voice,MO,"Single Rate Effective (Voice, SMS, Data, VoLTE)","GBRME, GBROR",GBRMT,0.06000,Value,Gross,GBP,No-Balancing,Actual,,,,01-JAN-26,31-DEC-26,,,,,,,,,,MULTI,Australia,,,,,ALL
Customer/Outbound,Isle of Man:Manx Isle of Man JAN26 DEC26,01-JAN-2026,31-DEC-2026,United Kingdom,Isle of Man,End of Agreement,Voice,MO,"Single Rate Effective (Voice, SMS, Data, VoLTE)","GBRME, GBROR",GBRMT,0.06000,Value,Gross,GBP,No-Balancing,Actual,,,,01-JAN-26,31-DEC-26,,,,,,,,,,MULTI,Ascension Island,,,,,ALL
Customer/Outbound,Isle of Man:Manx Isle of Man JAN26 DEC26,01-JAN-2026,31-DEC-2026,United Kingdom,Isle of Man,End of Agreement,Voice,MO,"Single Rate Effective (Voice, SMS, Data, VoLTE)","GBRME, GBROR",GBRMT,0.06000,Value,Gross,GBP,No-Balancing,Actual,,,,01-JAN-26,31-DEC-26,,,,,,,,,,MULTI,Aruba,,,,,ALL
Customer/Outbound,Isle of Man:Manx Isle of Man JAN26 DEC26,01-JAN-2026,31-DEC-2026,United Kingdom,Isle of Man,End of Agreement,Voice,MO,"Single Rate Effective (Voice, SMS, Data, VoLTE)","GBRME, GBROR",GBRMT,0.06000,Value,Gross,GBP,No-Balancing,Actual,,,,01-JAN-26,31-DEC-26,,,,,,,,,,MULTI,Armenia,,,,,ALL
Customer/Outbound,Isle of Man:Manx Isle of Man JAN26 DEC26,01-JAN-2026,31-DEC-2026,United Kingdom,Isle of Man,End of Agreement,Voice,MO,"Single Rate Effective (Voice, SMS, Data, VoLTE)","GBRME, GBROR",GBRMT,0.06000,Value,Gross,GBP,No-Balancing,Actual,,,,01-JAN-26,31-DEC-26,,,,,,,,,,MULTI,Argentina,,,,,ALL
Customer/Outbound,Isle of Man:Manx Isle of Man JAN26 DEC26,01-JAN-2026,31-DEC-2026,United Kingdom,Isle of Man,End of Agreement,Voice,MO,"Single Rate Effective (Voice, SMS, Data, VoLTE)","GBRME, GBROR",GBRMT,0.06000,Value,Gross,GBP,No-Balancing,Actual,,,,01-JAN-26,31-DEC-26,,,,,,,,,,MULTI,Antigua and Barbuda,,,,,ALL
Customer/Outbound,Isle of Man:Manx Isle of Man JAN26 DEC26,01-JAN-2026,31-DEC-2026,United Kingdom,Isle of Man,End of Agreement,Voice,MO,"Single Rate Effective (Voice, SMS, Data, VoLTE)","GBRME, GBROR",GBRMT,0.06000,Value,Gross,GBP,No-Balancing,Actual,,,,01-JAN-26,31-DEC-26,,,,,,,,,,MULTI,Antartica,,,,,ALL
Customer/Outbound,Isle of Man:Manx Isle of Man JAN26 DEC26,01-JAN-2026,31-DEC-2026,United Kingdom,Isle of Man,End of Agreement,Voice,MO,"Single Rate Effective (Voice, SMS, Data, VoLTE)","GBRME, GBROR",GBRMT,0.06000,Value,Gross,GBP,No-Balancing,Actual,,,,01-JAN-26,31-DEC-26,,,,,,,,,,MULTI,Anguilla,,,,,ALL
Customer/Outbound,Isle of Man:Manx Isle of Man JAN26 DEC26,01-JAN-2026,31-DEC-2026,United Kingdom,Isle of Man,End of Agreement,Voice,MO,"Single Rate Effective (Voice, SMS, Data, VoLTE)","GBRME, GBROR",GBRMT,0.06000,Value,Gross,GBP,No-Balancing,Actual,,,,01-JAN-26,31-DEC-26,,,,,,,,,,MULTI,Angola,,,,,ALL
Customer/Outbound,Isle of Man:Manx Isle of Man JAN26 DEC26,01-JAN-2026,31-DEC-2026,United Kingdom,Isle of Man,End of Agreement,Voice,MO,"Single Rate Effective (Voice, SMS, Data, VoLTE)","GBRME, GBROR",GBRMT,0.06000,Value,Gross,GBP,No-Balancing,Actual,,,,01-JAN-26,31-DEC-26,,,,,,,,,,MULTI,Andorra,,,,,ALL
Customer/Outbound,Isle of Man:Manx Isle of Man JAN26 DEC26,01-JAN-2026,31-DEC-2026,United Kingdom,Isle of Man,End of Agreement,Voice,MO,"Single Rate Effective (Voice, SMS, Data, VoLTE)","GBRME, GBROR",GBRMT,0.06000,Value,Gross,GBP,No-Balancing,Actual,,,,01-JAN-26,31-DEC-26,,,,,,,,,,MULTI,American Samoa,,,,,ALL
Customer/Outbound,Isle of Man:Manx Isle of Man JAN26 DEC26,01-JAN-2026,31-DEC-2026,United Kingdom,Isle of Man,End of Agreement,Voice,MO,"Single Rate Effective (Voice, SMS, Data, VoLTE)","GBRME, GBROR",GBRMT,0.06000,Value,Gross,GBP,No-Balancing,Actual,,,,01-JAN-26,31-DEC-26,,,,,,,,,,MULTI,Algeria,,,,,ALL
Customer/Outbound,Isle of Man:Manx Isle of Man JAN26 DEC26,01-JAN-2026,31-DEC-2026,United Kingdom,Isle of Man,End of Agreement,Voice,MO,"Single Rate Effective (Voice, SMS, Data, VoLTE)","GBRME, GBROR",GBRMT,0.06000,Value,Gross,GBP,No-Balancing,Actual,,,,01-JAN-26,31-DEC-26,,,,,,,,,,MULTI,Albania,,,,,ALL
Customer/Outbound,Isle of Man:Manx Isle of Man JAN26 DEC26,01-JAN-2026,31-DEC-2026,United Kingdom,Isle of Man,End of Agreement,Voice,MO,"Single Rate Effective (Voice, SMS, Data, VoLTE)","GBRME, GBROR",GBRMT,0.06000,Value,Gross,GBP,No-Balancing,Actual,,,,01-JAN-26,31-DEC-26,,,,,,,,,,MULTI,Afghanistan,,,,,ALL
Customer/Outbound,Isle of Man:Manx Isle of Man JAN26 DEC26,01-JAN-2026,31-DEC-2026,United Kingdom,Isle of Man,End of Agreement,Voice,MO,"Single Rate Effective (Voice, SMS, Data, VoLTE)","GBRME, GBROR",GBRMT,0.01500,Value,Gross,GBP,No-Balancing,Actual,,,,01-JAN-26,31-DEC-26,,,,,,,,,,"HOM, LOC, MULTI",United Kingdom,,,,,ALL
Customer/Outbound,Isle of Man:Manx Isle of Man JAN26 DEC26,01-JAN-2026,31-DEC-2026,United Kingdom,Isle of Man,End of Agreement,Voice,MO,"Single Rate Effective (Voice, SMS, Data, VoLTE)","GBRME, GBROR",GBRMT,0.01500,Value,Gross,GBP,No-Balancing,Actual,,,,01-JAN-26,31-DEC-26,,,,,,,,,,"HOM, LOC, MULTI",Sweden,,,,,ALL
Customer/Outbound,Isle of Man:Manx Isle of Man JAN26 DEC26,01-JAN-2026,31-DEC-2026,United Kingdom,Isle of Man,End of Agreement,Voice,MO,"Single Rate Effective (Voice, SMS, Data, VoLTE)","GBRME, GBROR",GBRMT,0.01500,Value,Gross,GBP,No-Balancing,Actual,,,,01-JAN-26,31-DEC-26,,,,,,,,,,"HOM, LOC, MULTI",Spain,,,,,ALL
Customer/Outbound,Isle of Man:Manx Isle of Man JAN26 DEC26,01-JAN-2026,31-DEC-2026,United Kingdom,Isle of Man,End of Agreement,Voice,MO,"Single Rate Effective (Voice, SMS, Data, VoLTE)","GBRME, GBROR",GBRMT,0.01500,Value,Gross,GBP,No-Balancing,Actual,,,,01-JAN-26,31-DEC-26,,,,,,,,,,"HOM, LOC, MULTI",Slovenia,,,,,ALL
Customer/Outbound,Isle of Man:Manx Isle of Man JAN26 DEC26,01-JAN-2026,31-DEC-2026,United Kingdom,Isle of Man,End of Agreement,Voice,MO,"Single Rate Effective (Voice, SMS, Data, VoLTE)","GBRME, GBROR",GBRMT,0.01500,Value,Gross,GBP,No-Balancing,Actual,,,,01-JAN-26,31-DEC-26,,,,,,,,,,"HOM, LOC, MULTI",Slovakia,,,,,ALL
Customer/Outbound,Isle of Man:Manx Isle of Man JAN26 DEC26,01-JAN-2026,31-DEC-2026,United Kingdom,Isle of Man,End of Agreement,Voice,MO,"Single Rate Effective (Voice, SMS, Data, VoLTE)","GBRME, GBROR",GBRMT,0.01500,Value,Gross,GBP,No-Balancing,Actual,,,,01-JAN-26,31-DEC-26,,,,,,,,,,"HOM, LOC, MULTI",Romania,,,,,ALL
Customer/Outbound,Isle of Man:Manx Isle of Man JAN26 DEC26,01-JAN-2026,31-DEC-2026,United Kingdom,Isle of Man,End of Agreement,Voice,MO,"Single Rate Effective (Voice, SMS, Data, VoLTE)","GBRME, GBROR",GBRMT,0.01500,Value,Gross,GBP,No-Balancing,Actual,,,,01-JAN-26,31-DEC-26,,,,,,,,,,"HOM, LOC, MULTI",Portugal,,,,,ALL
Customer/Outbound,Isle of Man:Manx Isle of Man JAN26 DEC26,01-JAN-2026,31-DEC-2026,United Kingdom,Isle of Man,End of Agreement,Voice,MO,"Single Rate Effective (Voice, SMS, Data, VoLTE)","GBRME, GBROR",GBRMT,0.01500,Value,Gross,GBP,No-Balancing,Actual,,,,01-JAN-26,31-DEC-26,,,,,,,,,,"HOM, LOC, MULTI",Poland,,,,,ALL
Customer/Outbound,Isle of Man:Manx Isle of Man JAN26 DEC26,01-JAN-2026,31-DEC-2026,United Kingdom,Isle of Man,End of Agreement,Voice,MO,"Single Rate Effective (Voice, SMS, Data, VoLTE)","GBRME, GBROR",GBRMT,0.01500,Value,Gross,GBP,No-Balancing,Actual,,,,01-JAN-26,31-DEC-26,,,,,,,,,,"HOM, LOC, MULTI",Norway,,,,,ALL
Customer/Outbound,Isle of Man:Manx Isle of Man JAN26 DEC26,01-JAN-2026,31-DEC-2026,United Kingdom,Isle of Man,End of Agreement,Voice,MO,"Single Rate Effective (Voice, SMS, Data, VoLTE)","GBRME, GBROR",GBRMT,0.01500,Value,Gross,GBP,No-Balancing,Actual,,,,01-JAN-26,31-DEC-26,,,,,,,,,,"HOM, LOC, MULTI",Netherlands,,,,,ALL
Customer/Outbound,Isle of Man:Manx Isle of Man JAN26 DEC26,01-JAN-2026,31-DEC-2026,United Kingdom,Isle of Man,End of Agreement,Voice,MO,"Single Rate Effective (Voice, SMS, Data, VoLTE)","GBRME, GBROR",GBRMT,0.01500,Value,Gross,GBP,No-Balancing,Actual,,,,01-JAN-26,31-DEC-26,,,,,,,,,,"HOM, LOC, MULTI",Malta,,,,,ALL
Customer/Outbound,Isle of Man:Manx Isle of Man JAN26 DEC26,01-JAN-2026,31-DEC-2026,United Kingdom,Isle of Man,End of Agreement,Voice,MO,"Single Rate Effective (Voice, SMS, Data, VoLTE)","GBRME, GBROR",GBRMT,0.01500,Value,Gross,GBP,No-Balancing,Actual,,,,01-JAN-26,31-DEC-26,,,,,,,,,,"HOM, LOC, MULTI",Luxembourg,,,,,ALL
Customer/Outbound,Isle of Man:Manx Isle of Man JAN26 DEC26,01-JAN-2026,31-DEC-2026,United Kingdom,Isle of Man,End of Agreement,Voice,MO,"Single Rate Effective (Voice, SMS, Data, VoLTE)","GBRME, GBROR",GBRMT,0.01500,Value,Gross,GBP,No-Balancing,Actual,,,,01-JAN-26,31-DEC-26,,,,,,,,,,"HOM, LOC, MULTI",Lithuania,,,,,ALL
Customer/Outbound,Isle of Man:Manx Isle of Man JAN26 DEC26,01-JAN-2026,31-DEC-2026,United Kingdom,Isle of Man,End of Agreement,Voice,MO,"Single Rate Effective (Voice, SMS, Data, VoLTE)","GBRME, GBROR",GBRMT,0.01500,Value,Gross,GBP,No-Balancing,Actual,,,,01-JAN-26,31-DEC-26,,,,,,,,,,"HOM, LOC, MULTI",Liechtenstein,,,,,ALL
Customer/Outbound,Isle of Man:Manx Isle of Man JAN26 DEC26,01-JAN-2026,31-DEC-2026,United Kingdom,Isle of Man,End of Agreement,Voice,MO,"Single Rate Effective (Voice, SMS, Data, VoLTE)","GBRME, GBROR",GBRMT,0.01500,Value,Gross,GBP,No-Balancing,Actual,,,,01-JAN-26,31-DEC-26,,,,,,,,,,"HOM, LOC, MULTI",Latvia,,,,,ALL
Customer/Outbound,Isle of Man:Manx Isle of Man JAN26 DEC26,01-JAN-2026,31-DEC-2026,United Kingdom,Isle of Man,End of Agreement,Voice,MO,"Single Rate Effective (Voice, SMS, Data, VoLTE)","GBRME, GBROR",GBRMT,0.01500,Value,Gross,GBP,No-Balancing,Actual,,,,01-JAN-26,31-DEC-26,,,,,,,,,,"HOM, LOC, MULTI",Italy,,,,,ALL
Customer/Outbound,Isle of Man:Manx Isle of Man JAN26 DEC26,01-JAN-2026,31-DEC-2026,United Kingdom,Isle of Man,End of Agreement,Voice,MO,"Single Rate Effective (Voice, SMS, Data, VoLTE)","GBRME, GBROR",GBRMT,0.01500,Value,Gross,GBP,No-Balancing,Actual,,,,01-JAN-26,31-DEC-26,,,,,,,,,,"HOM, LOC, MULTI",Ireland,,,,,ALL
Customer/Outbound,Isle of Man:Manx Isle of Man JAN26 DEC26,01-JAN-2026,31-DEC-2026,United Kingdom,Isle of Man,End of Agreement,Voice,MO,"Single Rate Effective (Voice, SMS, Data, VoLTE)","GBRME, GBROR",GBRMT,0.01500,Value,Gross,GBP,No-Balancing,Actual,,,,01-JAN-26,31-DEC-26,,,,,,,,,,"HOM, LOC, MULTI",Iceland,,,,,ALL
Customer/Outbound,Isle of Man:Manx Isle of Man JAN26 DEC26,01-JAN-2026,31-DEC-2026,United Kingdom,Isle of Man,End of Agreement,Voice,MO,"Single Rate Effective (Voice, SMS, Data, VoLTE)","GBRME, GBROR",GBRMT,0.01500,Value,Gross,GBP,No-Balancing,Actual,,,,01-JAN-26,31-DEC-26,,,,,,,,,,"HOM, LOC, MULTI",Hungary,,,,,ALL
Customer/Outbound,Isle of Man:Manx Isle of Man JAN26 DEC26,01-JAN-2026,31-DEC-2026,United Kingdom,Isle of Man,End of Agreement,Voice,MO,"Single Rate Effective (Voice, SMS, Data, VoLTE)","GBRME, GBROR",GBRMT,0.01500,Value,Gross,GBP,No-Balancing,Actual,,,,01-JAN-26,31-DEC-26,,,,,,,,,,"HOM, LOC, MULTI",Greece,,,,,ALL
Customer/Outbound,Isle of Man:Manx Isle of Man JAN26 DEC26,01-JAN-2026,31-DEC-2026,United Kingdom,Isle of Man,End of Agreement,Voice,MO,"Single Rate Effective (Voice, SMS, Data, VoLTE)","GBRME, GBROR",GBRMT,0.01500,Value,Gross,GBP,No-Balancing,Actual,,,,01-JAN-26,31-DEC-26,,,,,,,,,,"HOM, LOC, MULTI",Gibraltar,,,,,ALL
Customer/Outbound,Isle of Man:Manx Isle of Man JAN26 DEC26,01-JAN-2026,31-DEC-2026,United Kingdom,Isle of Man,End of Agreement,Voice,MO,"Single Rate Effective (Voice, SMS, Data, VoLTE)","GBRME, GBROR",GBRMT,0.01500,Value,Gross,GBP,No-Balancing,Actual,,,,01-JAN-26,31-DEC-26,,,,,,,,,,"HOM, LOC, MULTI",Germany,,,,,ALL
Customer/Outbound,Isle of Man:Manx Isle of Man JAN26 DEC26,01-JAN-2026,31-DEC-2026,United Kingdom,Isle of Man,End of Agreement,Voice,MO,"Single Rate Effective (Voice, SMS, Data, VoLTE)","GBRME, GBROR",GBRMT,0.01500,Value,Gross,GBP,No-Balancing,Actual,,,,01-JAN-26,31-DEC-26,,,,,,,,,,"HOM, LOC, MULTI",France,,,,,ALL
Customer/Outbound,Isle of Man:Manx Isle of Man JAN26 DEC26,01-JAN-2026,31-DEC-2026,United Kingdom,Isle of Man,End of Agreement,Voice,MO,"Single Rate Effective (Voice, SMS, Data, VoLTE)","GBRME, GBROR",GBRMT,0.01500,Value,Gross,GBP,No-Balancing,Actual,,,,01-JAN-26,31-DEC-26,,,,,,,,,,"HOM, LOC, MULTI",Finland,,,,,ALL
Customer/Outbound,Isle of Man:Manx Isle of Man JAN26 DEC26,01-JAN-2026,31-DEC-2026,United Kingdom,Isle of Man,End of Agreement,Voice,MO,"Single Rate Effective (Voice, SMS, Data, VoLTE)","GBRME, GBROR",GBRMT,0.01500,Value,Gross,GBP,No-Balancing,Actual,,,,01-JAN-26,31-DEC-26,,,,,,,,,,"HOM, LOC, MULTI",Estonia,,,,,ALL
Customer/Outbound,Isle of Man:Manx Isle of Man JAN26 DEC26,01-JAN-2026,31-DEC-2026,United Kingdom,Isle of Man,End of Agreement,Voice,MO,"Single Rate Effective (Voice, SMS, Data, VoLTE)","GBRME, GBROR",GBRMT,0.01500,Value,Gross,GBP,No-Balancing,Actual,,,,01-JAN-26,31-DEC-26,,,,,,,,,,"HOM, LOC, MULTI",Denmark,,,,,ALL
Customer/Outbound,Isle of Man:Manx Isle of Man JAN26 DEC26,01-JAN-2026,31-DEC-2026,United Kingdom,Isle of Man,End of Agreement,Voice,MO,"Single Rate Effective (Voice, SMS, Data, VoLTE)","GBRME, GBROR",GBRMT,0.01500,Value,Gross,GBP,No-Balancing,Actual,,,,01-JAN-26,31-DEC-26,,,,,,,,,,"HOM, LOC, MULTI",Czech Republic,,,,,ALL
Customer/Outbound,Isle of Man:Manx Isle of Man JAN26 DEC26,01-JAN-2026,31-DEC-2026,United Kingdom,Isle of Man,End of Agreement,Voice,MO,"Single Rate Effective (Voice, SMS, Data, VoLTE)","GBRME, GBROR",GBRMT,0.01500,Value,Gross,GBP,No-Balancing,Actual,,,,01-JAN-26,31-DEC-26,,,,,,,,,,"HOM, LOC, MULTI",Cyprus,,,,,ALL
Customer/Outbound,Isle of Man:Manx Isle of Man JAN26 DEC26,01-JAN-2026,31-DEC-2026,United Kingdom,Isle of Man,End of Agreement,Voice,MO,"Single Rate Effective (Voice, SMS, Data, VoLTE)","GBRME, GBROR",GBRMT,0.01500,Value,Gross,GBP,No-Balancing,Actual,,,,01-JAN-26,31-DEC-26,,,,,,,,,,"HOM, LOC, MULTI",Croatia,,,,,ALL
Customer/Outbound,Isle of Man:Manx Isle of Man JAN26 DEC26,01-JAN-2026,31-DEC-2026,United Kingdom,Isle of Man,End of Agreement,Voice,MO,"Single Rate Effective (Voice, SMS, Data, VoLTE)","GBRME, GBROR",GBRMT,0.01500,Value,Gross,GBP,No-Balancing,Actual,,,,01-JAN-26,31-DEC-26,,,,,,,,,,"HOM, LOC, MULTI",Bulgaria,,,,,ALL
Customer/Outbound,Isle of Man:Manx Isle of Man JAN26 DEC26,01-JAN-2026,31-DEC-2026,United Kingdom,Isle of Man,End of Agreement,Voice,MO,"Single Rate Effective (Voice, SMS, Data, VoLTE)","GBRME, GBROR",GBRMT,0.01500,Value,Gross,GBP,No-Balancing,Actual,,,,01-JAN-26,31-DEC-26,,,,,,,,,,"HOM, LOC, MULTI",Belgium,,,,,ALL
Visitor/Inbound,Isle of Man:Manx Isle of Man JAN26 DEC26,01-JAN-2026,31-DEC-2026,United Kingdom,Isle of Man,End of Agreement,All,All,Send or Pay Financial (All Services),"GBRME, GBROR",GBRMT,,,Gross,GBP,No-Balancing,Actual,"250,000.000",,Financial Commitment,01-JAN-26,31-DEC-26,,,,,,,,,,N/A,,,,,,ALL
Visitor/Inbound,Isle of Man:Manx Isle of Man JAN26 DEC26,01-JAN-2026,31-DEC-2026,United Kingdom,Isle of Man,End of Agreement,Data,MB,"Stepped/Tiered (Voice, SMS, Data, VoLTE)","GBRME, GBROR",GBRMT,0.00073,Value,Gross,GBP,No-Balancing,Actual,"50,000,001.000",,Volume,01-JAN-26,31-DEC-26,,,,,,,,,,N/A,,,,,,ALL
Visitor/Inbound,Isle of Man:Manx Isle of Man JAN26 DEC26,01-JAN-2026,31-DEC-2026,United Kingdom,Isle of Man,End of Agreement,Data,MB,"Stepped/Tiered (Voice, SMS, Data, VoLTE)","GBRME, GBROR",GBRMT,0.00300,Value,Gross,GBP,No-Balancing,Actual,0.000,"5,000,000.000",Volume,01-JAN-26,31-DEC-26,,,,,,,,,,N/A,,,,,,ALL
Visitor/Inbound,Isle of Man:Manx Isle of Man JAN26 DEC26,01-JAN-2026,31-DEC-2026,United Kingdom,Isle of Man,End of Agreement,Data,MB,"Stepped/Tiered (Voice, SMS, Data, VoLTE)","GBRME, GBROR",GBRMT,0.00186,Value,Gross,GBP,No-Balancing,Actual,"5,000,001.000","15,000,000.000",Volume,01-JAN-26,31-DEC-26,,,,,,,,,,N/A,,,,,,ALL
Visitor/Inbound,Isle of Man:Manx Isle of Man JAN26 DEC26,01-JAN-2026,31-DEC-2026,United Kingdom,Isle of Man,End of Agreement,Data,MB,"Stepped/Tiered (Voice, SMS, Data, VoLTE)","GBRME, GBROR",GBRMT,0.00088,Value,Gross,GBP,No-Balancing,Actual,"15,000,001.000","50,000,000.000",Volume,01-JAN-26,31-DEC-26,,,,,,,,,,N/A,,,,,,ALL
Visitor/Inbound,Isle of Man:Manx Isle of Man JAN26 DEC26,01-JAN-2026,31-DEC-2026,United Kingdom,Isle of Man,End of Agreement,SMS,MO,"Single Rate Effective (Voice, SMS, Data, VoLTE)","GBRME, GBROR",GBRMT,0.00500,Value,Gross,GBP,No-Balancing,Actual,,,,01-JAN-26,31-DEC-26,,,,,,,,,,ALL,,,,,,ALL
Visitor/Inbound,Isle of Man:Manx Isle of Man JAN26 DEC26,01-JAN-2026,31-DEC-2026,United Kingdom,Isle of Man,End of Agreement,Voice,MO,"Single Rate Effective (Voice, SMS, Data, VoLTE)","GBRME, GBROR",GBRMT,0.01610,Value,Gross,GBP,No-Balancing,Actual,,,,01-JAN-26,31-DEC-26,,,,,,,,,,MULTI,Austria,,,,,ALL
Visitor/Inbound,Isle of Man:Manx Isle of Man JAN26 DEC26,01-JAN-2026,31-DEC-2026,United Kingdom,Isle of Man,End of Agreement,Voice,MO,"Single Rate Effective (Voice, SMS, Data, VoLTE)","GBRME, GBROR",GBRMT,0.08570,Value,Gross,GBP,No-Balancing,Actual,,,,01-JAN-26,31-DEC-26,,,,,,,,,,MULTI,Zimbabwe,,,,,ALL
Visitor/Inbound,Isle of Man:Manx Isle of Man JAN26 DEC26,01-JAN-2026,31-DEC-2026,United Kingdom,Isle of Man,End of Agreement,Voice,MO,"Single Rate Effective (Voice, SMS, Data, VoLTE)","GBRME, GBROR",GBRMT,0.08570,Value,Gross,GBP,No-Balancing,Actual,,,,01-JAN-26,31-DEC-26,,,,,,,,,,MULTI,Zambia,,,,,ALL
Visitor/Inbound,Isle of Man:Manx Isle of Man JAN26 DEC26,01-JAN-2026,31-DEC-2026,United Kingdom,Isle of Man,End of Agreement,Voice,MO,"Single Rate Effective (Voice, SMS, Data, VoLTE)","GBRME, GBROR",GBRMT,0.08570,Value,Gross,GBP,No-Balancing,Actual,,,,01-JAN-26,31-DEC-26,,,,,,,,,,MULTI,Yemen,,,,,ALL
Visitor/Inbound,Isle of Man:Manx Isle of Man JAN26 DEC26,01-JAN-2026,31-DEC-2026,United Kingdom,Isle of Man,End of Agreement,Voice,MO,"Single Rate Effective (Voice, SMS, Data, VoLTE)","GBRME, GBROR",GBRMT,0.08570,Value,Gross,GBP,No-Balancing,Actual,,,,01-JAN-26,31-DEC-26,,,,,,,,,,MULTI,Western Sahara,,,,,ALL
Visitor/Inbound,Isle of Man:Manx Isle of Man JAN26 DEC26,01-JAN-2026,31-DEC-2026,United Kingdom,Isle of Man,End of Agreement,Voice,MO,"Single Rate Effective (Voice, SMS, Data, VoLTE)","GBRME, GBROR",GBRMT,0.08570,Value,Gross,GBP,No-Balancing,Actual,,,,01-JAN-26,31-DEC-26,,,,,,,,,,MULTI,Wallis and Futuna,,,,,ALL
Visitor/Inbound,Isle of Man:Manx Isle of Man JAN26 DEC26,01-JAN-2026,31-DEC-2026,United Kingdom,Isle of Man,End of Agreement,Voice,MO,"Single Rate Effective (Voice, SMS, Data, VoLTE)","GBRME, GBROR",GBRMT,0.08570,Value,Gross,GBP,No-Balancing,Actual,,,,01-JAN-26,31-DEC-26,,,,,,,,,,MULTI,"Virgin Islands, U.S.",,,,,ALL
Visitor/Inbound,Isle of Man:Manx Isle of Man JAN26 DEC26,01-JAN-2026,31-DEC-2026,United Kingdom,Isle of Man,End of Agreement,Voice,MO,"Single Rate Effective (Voice, SMS, Data, VoLTE)","GBRME, GBROR",GBRMT,0.08570,Value,Gross,GBP,No-Balancing,Actual,,,,01-JAN-26,31-DEC-26,,,,,,,,,,MULTI,"Virgin Islands, British",,,,,ALL
Visitor/Inbound,Isle of Man:Manx Isle of Man JAN26 DEC26,01-JAN-2026,31-DEC-2026,United Kingdom,Isle of Man,End of Agreement,Voice,MO,"Single Rate Effective (Voice, SMS, Data, VoLTE)","GBRME, GBROR",GBRMT,0.08570,Value,Gross,GBP,No-Balancing,Actual,,,,01-JAN-26,31-DEC-26,,,,,,,,,,MULTI,Viet Nam,,,,,ALL
Visitor/Inbound,Isle of Man:Manx Isle of Man JAN26 DEC26,01-JAN-2026,31-DEC-2026,United Kingdom,Isle of Man,End of Agreement,Voice,MO,"Single Rate Effective (Voice, SMS, Data, VoLTE)","GBRME, GBROR",GBRMT,0.08570,Value,Gross,GBP,No-Balancing,Actual,,,,01-JAN-26,31-DEC-26,,,,,,,,,,MULTI,Venezuela,,,,,ALL
Visitor/Inbound,Isle of Man:Manx Isle of Man JAN26 DEC26,01-JAN-2026,31-DEC-2026,United Kingdom,Isle of Man,End of Agreement,Voice,MO,"Single Rate Effective (Voice, SMS, Data, VoLTE)","GBRME, GBROR",GBRMT,0.08570,Value,Gross,GBP,No-Balancing,Actual,,,,01-JAN-26,31-DEC-26,,,,,,,,,,MULTI,Vanuatu,,,,,ALL
Visitor/Inbound,Isle of Man:Manx Isle of Man JAN26 DEC26,01-JAN-2026,31-DEC-2026,United Kingdom,Isle of Man,End of Agreement,Voice,MO,"Single Rate Effective (Voice, SMS, Data, VoLTE)","GBRME, GBROR",GBRMT,0.08570,Value,Gross,GBP,No-Balancing,Actual,,,,01-JAN-26,31-DEC-26,,,,,,,,,,MULTI,Uzbekistan,,,,,ALL
Visitor/Inbound,Isle of Man:Manx Isle of Man JAN26 DEC26,01-JAN-2026,31-DEC-2026,United Kingdom,Isle of Man,End of Agreement,Voice,MO,"Single Rate Effective (Voice, SMS, Data, VoLTE)","GBRME, GBROR",GBRMT,0.08570,Value,Gross,GBP,No-Balancing,Actual,,,,01-JAN-26,31-DEC-26,,,,,,,,,,MULTI,Uruguay,,,,,ALL
Visitor/Inbound,Isle of Man:Manx Isle of Man JAN26 DEC26,01-JAN-2026,31-DEC-2026,United Kingdom,Isle of Man,End of Agreement,Voice,MO,"Single Rate Effective (Voice, SMS, Data, VoLTE)","GBRME, GBROR",GBRMT,0.08570,Value,Gross,GBP,No-Balancing,Actual,,,,01-JAN-26,31-DEC-26,,,,,,,,,,MULTI,United States Minor Outlying Islands,,,,,ALL
Visitor/Inbound,Isle of Man:Manx Isle of Man JAN26 DEC26,01-JAN-2026,31-DEC-2026,United Kingdom,Isle of Man,End of Agreement,Voice,MO,"Single Rate Effective (Voice, SMS, Data, VoLTE)","GBRME, GBROR",GBRMT,0.08570,Value,Gross,GBP,No-Balancing,Actual,,,,01-JAN-26,31-DEC-26,,,,,,,,,,MULTI,United States,,,,,ALL
Visitor/Inbound,Isle of Man:Manx Isle of Man JAN26 DEC26,01-JAN-2026,31-DEC-2026,United Kingdom,Isle of Man,End of Agreement,Voice,MO,"Single Rate Effective (Voice, SMS, Data, VoLTE)","GBRME, GBROR",GBRMT,0.08570,Value,Gross,GBP,No-Balancing,Actual,,,,01-JAN-26,31-DEC-26,,,,,,,,,,MULTI,United Arab Emirates,,,,,ALL
Visitor/Inbound,Isle of Man:Manx Isle of Man JAN26 DEC26,01-JAN-2026,31-DEC-2026,United Kingdom,Isle of Man,End of Agreement,Voice,MO,"Single Rate Effective (Voice, SMS, Data, VoLTE)","GBRME, GBROR",GBRMT,0.08570,Value,Gross,GBP,No-Balancing,Actual,,,,01-JAN-26,31-DEC-26,,,,,,,,,,MULTI,Ukraine,,,,,ALL
Visitor/Inbound,Isle of Man:Manx Isle of Man JAN26 DEC26,01-JAN-2026,31-DEC-2026,United Kingdom,Isle of Man,End of Agreement,Voice,MO,"Single Rate Effective (Voice, SMS, Data, VoLTE)","GBRME, GBROR",GBRMT,0.08570,Value,Gross,GBP,No-Balancing,Actual,,,,01-JAN-26,31-DEC-26,,,,,,,,,,MULTI,Uganda,,,,,ALL
Visitor/Inbound,Isle of Man:Manx Isle of Man JAN26 DEC26,01-JAN-2026,31-DEC-2026,United Kingdom,Isle of Man,End of Agreement,Voice,MO,"Single Rate Effective (Voice, SMS, Data, VoLTE)","GBRME, GBROR",GBRMT,0.08570,Value,Gross,GBP,No-Balancing,Actual,,,,01-JAN-26,31-DEC-26,,,,,,,,,,MULTI,Tuvalu,,,,,ALL
Visitor/Inbound,Isle of Man:Manx Isle of Man JAN26 DEC26,01-JAN-2026,31-DEC-2026,United Kingdom,Isle of Man,End of Agreement,Voice,MO,"Single Rate Effective (Voice, SMS, Data, VoLTE)","GBRME, GBROR",GBRMT,0.08570,Value,Gross,GBP,No-Balancing,Actual,,,,01-JAN-26,31-DEC-26,,,,,,,,,,MULTI,Turks and Caicos Islands,,,,,ALL
Visitor/Inbound,Isle of Man:Manx Isle of Man JAN26 DEC26,01-JAN-2026,31-DEC-2026,United Kingdom,Isle of Man,End of Agreement,Voice,MO,"Single Rate Effective (Voice, SMS, Data, VoLTE)","GBRME, GBROR",GBRMT,0.08570,Value,Gross,GBP,No-Balancing,Actual,,,,01-JAN-26,31-DEC-26,,,,,,,,,,MULTI,Turkmenistan,,,,,ALL
Visitor/Inbound,Isle of Man:Manx Isle of Man JAN26 DEC26,01-JAN-2026,31-DEC-2026,United Kingdom,Isle of Man,End of Agreement,Voice,MO,"Single Rate Effective (Voice, SMS, Data, VoLTE)","GBRME, GBROR",GBRMT,0.08570,Value,Gross,GBP,No-Balancing,Actual,,,,01-JAN-26,31-DEC-26,,,,,,,,,,MULTI,Turkey,,,,,ALL
Visitor/Inbound,Isle of Man:Manx Isle of Man JAN26 DEC26,01-JAN-2026,31-DEC-2026,United Kingdom,Isle of Man,End of Agreement,Voice,MO,"Single Rate Effective (Voice, SMS, Data, VoLTE)","GBRME, GBROR",GBRMT,0.08570,Value,Gross,GBP,No-Balancing,Actual,,,,01-JAN-26,31-DEC-26,,,,,,,,,,MULTI,Tunisia,,,,,ALL
Visitor/Inbound,Isle of Man:Manx Isle of Man JAN26 DEC26,01-JAN-2026,31-DEC-2026,United Kingdom,Isle of Man,End of Agreement,Voice,MO,"Single Rate Effective (Voice, SMS, Data, VoLTE)","GBRME, GBROR",GBRMT,0.08570,Value,Gross,GBP,No-Balancing,Actual,,,,01-JAN-26,31-DEC-26,,,,,,,,,,MULTI,Trinidad and Tobago,,,,,ALL
Visitor/Inbound,Isle of Man:Manx Isle of Man JAN26 DEC26,01-JAN-2026,31-DEC-2026,United Kingdom,Isle of Man,End of Agreement,Voice,MO,"Single Rate Effective (Voice, SMS, Data, VoLTE)","GBRME, GBROR",GBRMT,0.08570,Value,Gross,GBP,No-Balancing,Actual,,,,01-JAN-26,31-DEC-26,,,,,,,,,,MULTI,Tonga,,,,,ALL
Visitor/Inbound,Isle of Man:Manx Isle of Man JAN26 DEC26,01-JAN-2026,31-DEC-2026,United Kingdom,Isle of Man,End of Agreement,Voice,MO,"Single Rate Effective (Voice, SMS, Data, VoLTE)","GBRME, GBROR",GBRMT,0.08570,Value,Gross,GBP,No-Balancing,Actual,,,,01-JAN-26,31-DEC-26,,,,,,,,,,MULTI,Tokelau,,,,,ALL
Visitor/Inbound,Isle of Man:Manx Isle of Man JAN26 DEC26,01-JAN-2026,31-DEC-2026,United Kingdom,Isle of Man,End of Agreement,Voice,MO,"Single Rate Effective (Voice, SMS, Data, VoLTE)","GBRME, GBROR",GBRMT,0.08570,Value,Gross,GBP,No-Balancing,Actual,,,,01-JAN-26,31-DEC-26,,,,,,,,,,MULTI,Togo,,,,,ALL
Visitor/Inbound,Isle of Man:Manx Isle of Man JAN26 DEC26,01-JAN-2026,31-DEC-2026,United Kingdom,Isle of Man,End of Agreement,Voice,MO,"Single Rate Effective (Voice, SMS, Data, VoLTE)","GBRME, GBROR",GBRMT,0.08570,Value,Gross,GBP,No-Balancing,Actual,,,,01-JAN-26,31-DEC-26,,,,,,,,,,MULTI,Thailand,,,,,ALL
Visitor/Inbound,Isle of Man:Manx Isle of Man JAN26 DEC26,01-JAN-2026,31-DEC-2026,United Kingdom,Isle of Man,End of Agreement,Voice,MO,"Single Rate Effective (Voice, SMS, Data, VoLTE)","GBRME, GBROR",GBRMT,0.08570,Value,Gross,GBP,No-Balancing,Actual,,,,01-JAN-26,31-DEC-26,,,,,,,,,,MULTI,"Tanzania, United Republic of",,,,,ALL
Visitor/Inbound,Isle of Man:Manx Isle of Man JAN26 DEC26,01-JAN-2026,31-DEC-2026,United Kingdom,Isle of Man,End of Agreement,Voice,MO,"Single Rate Effective (Voice, SMS, Data, VoLTE)","GBRME, GBROR",GBRMT,0.08570,Value,Gross,GBP,No-Balancing,Actual,,,,01-JAN-26,31-DEC-26,,,,,,,,,,MULTI,Tajikistan,,,,,ALL
Visitor/Inbound,Isle of Man:Manx Isle of Man JAN26 DEC26,01-JAN-2026,31-DEC-2026,United Kingdom,Isle of Man,End of Agreement,Voice,MO,"Single Rate Effective (Voice, SMS, Data, VoLTE)","GBRME, GBROR",GBRMT,0.08570,Value,Gross,GBP,No-Balancing,Actual,,,,01-JAN-26,31-DEC-26,,,,,,,,,,MULTI,"Taiwan, Province of China",,,,,ALL
Visitor/Inbound,Isle of Man:Manx Isle of Man JAN26 DEC26,01-JAN-2026,31-DEC-2026,United Kingdom,Isle of Man,End of Agreement,Voice,MO,"Single Rate Effective (Voice, SMS, Data, VoLTE)","GBRME, GBROR",GBRMT,0.08570,Value,Gross,GBP,No-Balancing,Actual,,,,01-JAN-26,31-DEC-26,,,,,,,,,,MULTI,Syrian Arab Republic,,,,,ALL
Visitor/Inbound,Isle of Man:Manx Isle of Man JAN26 DEC26,01-JAN-2026,31-DEC-2026,United Kingdom,Isle of Man,End of Agreement,Voice,MO,"Single Rate Effective (Voice, SMS, Data, VoLTE)","GBRME, GBROR",GBRMT,0.08570,Value,Gross,GBP,No-Balancing,Actual,,,,01-JAN-26,31-DEC-26,,,,,,,,,,MULTI,Switzerland,,,,,ALL
Visitor/Inbound,Isle of Man:Manx Isle of Man JAN26 DEC26,01-JAN-2026,31-DEC-2026,United Kingdom,Isle of Man,End of Agreement,Voice,MO,"Single Rate Effective (Voice, SMS, Data, VoLTE)","GBRME, GBROR",GBRMT,0.08570,Value,Gross,GBP,No-Balancing,Actual,,,,01-JAN-26,31-DEC-26,,,,,,,,,,MULTI,Swaziland,,,,,ALL
Visitor/Inbound,Isle of Man:Manx Isle of Man JAN26 DEC26,01-JAN-2026,31-DEC-2026,United Kingdom,Isle of Man,End of Agreement,Voice,MO,"Single Rate Effective (Voice, SMS, Data, VoLTE)","GBRME, GBROR",GBRMT,0.08570,Value,Gross,GBP,No-Balancing,Actual,,,,01-JAN-26,31-DEC-26,,,,,,,,,,MULTI,Svalbard,,,,,ALL
Visitor/Inbound,Isle of Man:Manx Isle of Man JAN26 DEC26,01-JAN-2026,31-DEC-2026,United Kingdom,Isle of Man,End of Agreement,Voice,MO,"Single Rate Effective (Voice, SMS, Data, VoLTE)","GBRME, GBROR",GBRMT,0.08570,Value,Gross,GBP,No-Balancing,Actual,,,,01-JAN-26,31-DEC-26,,,,,,,,,,MULTI,Suriname,,,,,ALL
Visitor/Inbound,Isle of Man:Manx Isle of Man JAN26 DEC26,01-JAN-2026,31-DEC-2026,United Kingdom,Isle of Man,End of Agreement,Voice,MO,"Single Rate Effective (Voice, SMS, Data, VoLTE)","GBRME, GBROR",GBRMT,0.08570,Value,Gross,GBP,No-Balancing,Actual,,,,01-JAN-26,31-DEC-26,,,,,,,,,,MULTI,Sudan,,,,,ALL
Visitor/Inbound,Isle of Man:Manx Isle of Man JAN26 DEC26,01-JAN-2026,31-DEC-2026,United Kingdom,Isle of Man,End of Agreement,Voice,MO,"Single Rate Effective (Voice, SMS, Data, VoLTE)","GBRME, GBROR",GBRMT,0.08570,Value,Gross,GBP,No-Balancing,Actual,,,,01-JAN-26,31-DEC-26,,,,,,,,,,MULTI,Sri Lanka,,,,,ALL
Visitor/Inbound,Isle of Man:Manx Isle of Man JAN26 DEC26,01-JAN-2026,31-DEC-2026,United Kingdom,Isle of Man,End of Agreement,Voice,MO,"Single Rate Effective (Voice, SMS, Data, VoLTE)","GBRME, GBROR",GBRMT,0.08570,Value,Gross,GBP,No-Balancing,Actual,,,,01-JAN-26,31-DEC-26,,,,,,,,,,MULTI,South Sudan,,,,,ALL
Visitor/Inbound,Isle of Man:Manx Isle of Man JAN26 DEC26,01-JAN-2026,31-DEC-2026,United Kingdom,Isle of Man,End of Agreement,Voice,MO,"Single Rate Effective (Voice, SMS, Data, VoLTE)","GBRME, GBROR",GBRMT,0.08570,Value,Gross,GBP,No-Balancing,Actual,,,,01-JAN-26,31-DEC-26,,,,,,,,,,MULTI,South Africa,,,,,ALL
Visitor/Inbound,Isle of Man:Manx Isle of Man JAN26 DEC26,01-JAN-2026,31-DEC-2026,United Kingdom,Isle of Man,End of Agreement,Voice,MO,"Single Rate Effective (Voice, SMS, Data, VoLTE)","GBRME, GBROR",GBRMT,0.08570,Value,Gross,GBP,No-Balancing,Actual,,,,01-JAN-26,31-DEC-26,,,,,,,,,,MULTI,Somalia,,,,,ALL
Visitor/Inbound,Isle of Man:Manx Isle of Man JAN26 DEC26,01-JAN-2026,31-DEC-2026,United Kingdom,Isle of Man,End of Agreement,Voice,MO,"Single Rate Effective (Voice, SMS, Data, VoLTE)","GBRME, GBROR",GBRMT,0.08570,Value,Gross,GBP,No-Balancing,Actual,,,,01-JAN-26,31-DEC-26,,,,,,,,,,MULTI,Solomon Islands,,,,,ALL
Visitor/Inbound,Isle of Man:Manx Isle of Man JAN26 DEC26,01-JAN-2026,31-DEC-2026,United Kingdom,Isle of Man,End of Agreement,Voice,MO,"Single Rate Effective (Voice, SMS, Data, VoLTE)","GBRME, GBROR",GBRMT,0.08570,Value,Gross,GBP,No-Balancing,Actual,,,,01-JAN-26,31-DEC-26,,,,,,,,,,MULTI,Sint Maarten,,,,,ALL
Visitor/Inbound,Isle of Man:Manx Isle of Man JAN26 DEC26,01-JAN-2026,31-DEC-2026,United Kingdom,Isle of Man,End of Agreement,Voice,MO,"Single Rate Effective (Voice, SMS, Data, VoLTE)","GBRME, GBROR",GBRMT,0.08570,Value,Gross,GBP,No-Balancing,Actual,,,,01-JAN-26,31-DEC-26,,,,,,,,,,MULTI,Singapore,,,,,ALL
Visitor/Inbound,Isle of Man:Manx Isle of Man JAN26 DEC26,01-JAN-2026,31-DEC-2026,United Kingdom,Isle of Man,End of Agreement,Voice,MO,"Single Rate Effective (Voice, SMS, Data, VoLTE)","GBRME, GBROR",GBRMT,0.08570,Value,Gross,GBP,No-Balancing,Actual,,,,01-JAN-26,31-DEC-26,,,,,,,,,,MULTI,Sierra Leone,,,,,ALL
Visitor/Inbound,Isle of Man:Manx Isle of Man JAN26 DEC26,01-JAN-2026,31-DEC-2026,United Kingdom,Isle of Man,End of Agreement,Voice,MO,"Single Rate Effective (Voice, SMS, Data, VoLTE)","GBRME, GBROR",GBRMT,0.08570,Value,Gross,GBP,No-Balancing,Actual,,,,01-JAN-26,31-DEC-26,,,,,,,,,,MULTI,Seychelles,,,,,ALL
Visitor/Inbound,Isle of Man:Manx Isle of Man JAN26 DEC26,01-JAN-2026,31-DEC-2026,United Kingdom,Isle of Man,End of Agreement,Voice,MO,"Single Rate Effective (Voice, SMS, Data, VoLTE)","GBRME, GBROR",GBRMT,0.08570,Value,Gross,GBP,No-Balancing,Actual,,,,01-JAN-26,31-DEC-26,,,,,,,,,,MULTI,Serbia,,,,,ALL
Visitor/Inbound,Isle of Man:Manx Isle of Man JAN26 DEC26,01-JAN-2026,31-DEC-2026,United Kingdom,Isle of Man,End of Agreement,Voice,MO,"Single Rate Effective (Voice, SMS, Data, VoLTE)","GBRME, GBROR",GBRMT,0.08570,Value,Gross,GBP,No-Balancing,Actual,,,,01-JAN-26,31-DEC-26,,,,,,,,,,MULTI,Senegal,,,,,ALL
Visitor/Inbound,Isle of Man:Manx Isle of Man JAN26 DEC26,01-JAN-2026,31-DEC-2026,United Kingdom,Isle of Man,End of Agreement,Voice,MO,"Single Rate Effective (Voice, SMS, Data, VoLTE)","GBRME, GBROR",GBRMT,0.08570,Value,Gross,GBP,No-Balancing,Actual,,,,01-JAN-26,31-DEC-26,,,,,,,,,,MULTI,Saudi Arabia,,,,,ALL
Visitor/Inbound,Isle of Man:Manx Isle of Man JAN26 DEC26,01-JAN-2026,31-DEC-2026,United Kingdom,Isle of Man,End of Agreement,Voice,MO,"Single Rate Effective (Voice, SMS, Data, VoLTE)","GBRME, GBROR",GBRMT,0.08570,Value,Gross,GBP,No-Balancing,Actual,,,,01-JAN-26,31-DEC-26,,,,,,,,,,MULTI,Satellite,,,,,ALL
Visitor/Inbound,Isle of Man:Manx Isle of Man JAN26 DEC26,01-JAN-2026,31-DEC-2026,United Kingdom,Isle of Man,End of Agreement,Voice,MO,"Single Rate Effective (Voice, SMS, Data, VoLTE)","GBRME, GBROR",GBRMT,0.08570,Value,Gross,GBP,No-Balancing,Actual,,,,01-JAN-26,31-DEC-26,,,,,,,,,,MULTI,Sao Tome and Principe,,,,,ALL
Visitor/Inbound,Isle of Man:Manx Isle of Man JAN26 DEC26,01-JAN-2026,31-DEC-2026,United Kingdom,Isle of Man,End of Agreement,Voice,MO,"Single Rate Effective (Voice, SMS, Data, VoLTE)","GBRME, GBROR",GBRMT,0.08570,Value,Gross,GBP,No-Balancing,Actual,,,,01-JAN-26,31-DEC-26,,,,,,,,,,MULTI,San Marino,,,,,ALL
Visitor/Inbound,Isle of Man:Manx Isle of Man JAN26 DEC26,01-JAN-2026,31-DEC-2026,United Kingdom,Isle of Man,End of Agreement,Voice,MO,"Single Rate Effective (Voice, SMS, Data, VoLTE)","GBRME, GBROR",GBRMT,0.08570,Value,Gross,GBP,No-Balancing,Actual,,,,01-JAN-26,31-DEC-26,,,,,,,,,,MULTI,Samoa,,,,,ALL
Visitor/Inbound,Isle of Man:Manx Isle of Man JAN26 DEC26,01-JAN-2026,31-DEC-2026,United Kingdom,Isle of Man,End of Agreement,Voice,MO,"Single Rate Effective (Voice, SMS, Data, VoLTE)","GBRME, GBROR",GBRMT,0.08570,Value,Gross,GBP,No-Balancing,Actual,,,,01-JAN-26,31-DEC-26,,,,,,,,,,MULTI,Saint Vincent and the Grenadines,,,,,ALL
Visitor/Inbound,Isle of Man:Manx Isle of Man JAN26 DEC26,01-JAN-2026,31-DEC-2026,United Kingdom,Isle of Man,End of Agreement,Voice,MO,"Single Rate Effective (Voice, SMS, Data, VoLTE)","GBRME, GBROR",GBRMT,0.08570,Value,Gross,GBP,No-Balancing,Actual,,,,01-JAN-26,31-DEC-26,,,,,,,,,,MULTI,Saint Pierre and Miquelon,,,,,ALL
Visitor/Inbound,Isle of Man:Manx Isle of Man JAN26 DEC26,01-JAN-2026,31-DEC-2026,United Kingdom,Isle of Man,End of Agreement,Voice,MO,"Single Rate Effective (Voice, SMS, Data, VoLTE)","GBRME, GBROR",GBRMT,0.08570,Value,Gross,GBP,No-Balancing,Actual,,,,01-JAN-26,31-DEC-26,,,,,,,,,,MULTI,Saint Lucia,,,,,ALL
Visitor/Inbound,Isle of Man:Manx Isle of Man JAN26 DEC26,01-JAN-2026,31-DEC-2026,United Kingdom,Isle of Man,End of Agreement,Voice,MO,"Single Rate Effective (Voice, SMS, Data, VoLTE)","GBRME, GBROR",GBRMT,0.08570,Value,Gross,GBP,No-Balancing,Actual,,,,01-JAN-26,31-DEC-26,,,,,,,,,,MULTI,Saint Kitts and Nevis,,,,,ALL
Visitor/Inbound,Isle of Man:Manx Isle of Man JAN26 DEC26,01-JAN-2026,31-DEC-2026,United Kingdom,Isle of Man,End of Agreement,Voice,MO,"Single Rate Effective (Voice, SMS, Data, VoLTE)","GBRME, GBROR",GBRMT,0.08570,Value,Gross,GBP,No-Balancing,Actual,,,,01-JAN-26,31-DEC-26,,,,,,,,,,MULTI,Saint Helena,,,,,ALL
Visitor/Inbound,Isle of Man:Manx Isle of Man JAN26 DEC26,01-JAN-2026,31-DEC-2026,United Kingdom,Isle of Man,End of Agreement,Voice,MO,"Single Rate Effective (Voice, SMS, Data, VoLTE)","GBRME, GBROR",GBRMT,0.08570,Value,Gross,GBP,No-Balancing,Actual,,,,01-JAN-26,31-DEC-26,,,,,,,,,,MULTI,Réunion,,,,,ALL
Visitor/Inbound,Isle of Man:Manx Isle of Man JAN26 DEC26,01-JAN-2026,31-DEC-2026,United Kingdom,Isle of Man,End of Agreement,Voice,MO,"Single Rate Effective (Voice, SMS, Data, VoLTE)","GBRME, GBROR",GBRMT,0.08570,Value,Gross,GBP,No-Balancing,Actual,,,,01-JAN-26,31-DEC-26,,,,,,,,,,MULTI,Rwanda,,,,,ALL
Visitor/Inbound,Isle of Man:Manx Isle of Man JAN26 DEC26,01-JAN-2026,31-DEC-2026,United Kingdom,Isle of Man,End of Agreement,Voice,MO,"Single Rate Effective (Voice, SMS, Data, VoLTE)","GBRME, GBROR",GBRMT,0.08570,Value,Gross,GBP,No-Balancing,Actual,,,,01-JAN-26,31-DEC-26,,,,,,,,,,MULTI,Russian Federation,,,,,ALL
Visitor/Inbound,Isle of Man:Manx Isle of Man JAN26 DEC26,01-JAN-2026,31-DEC-2026,United Kingdom,Isle of Man,End of Agreement,Voice,MO,"Single Rate Effective (Voice, SMS, Data, VoLTE)","GBRME, GBROR",GBRMT,0.08570,Value,Gross,GBP,No-Balancing,Actual,,,,01-JAN-26,31-DEC-26,,,,,,,,,,MULTI,Republic of North Macedonia,,,,,ALL
Visitor/Inbound,Isle of Man:Manx Isle of Man JAN26 DEC26,01-JAN-2026,31-DEC-2026,United Kingdom,Isle of Man,End of Agreement,Voice,MO,"Single Rate Effective (Voice, SMS, Data, VoLTE)","GBRME, GBROR",GBRMT,0.08570,Value,Gross,GBP,No-Balancing,Actual,,,,01-JAN-26,31-DEC-26,,,,,,,,,,MULTI,Qatar,,,,,ALL
Visitor/Inbound,Isle of Man:Manx Isle of Man JAN26 DEC26,01-JAN-2026,31-DEC-2026,United Kingdom,Isle of Man,End of Agreement,Voice,MO,"Single Rate Effective (Voice, SMS, Data, VoLTE)","GBRME, GBROR",GBRMT,0.08570,Value,Gross,GBP,No-Balancing,Actual,,,,01-JAN-26,31-DEC-26,,,,,,,,,,MULTI,Puerto Rico,,,,,ALL
Visitor/Inbound,Isle of Man:Manx Isle of Man JAN26 DEC26,01-JAN-2026,31-DEC-2026,United Kingdom,Isle of Man,End of Agreement,Voice,MO,"Single Rate Effective (Voice, SMS, Data, VoLTE)","GBRME, GBROR",GBRMT,0.08570,Value,Gross,GBP,No-Balancing,Actual,,,,01-JAN-26,31-DEC-26,,,,,,,,,,MULTI,Pitcairn Group of Islands,,,,,ALL
Visitor/Inbound,Isle of Man:Manx Isle of Man JAN26 DEC26,01-JAN-2026,31-DEC-2026,United Kingdom,Isle of Man,End of Agreement,Voice,MO,"Single Rate Effective (Voice, SMS, Data, VoLTE)","GBRME, GBROR",GBRMT,0.08570,Value,Gross,GBP,No-Balancing,Actual,,,,01-JAN-26,31-DEC-26,,,,,,,,,,MULTI,Philippines,,,,,ALL
Visitor/Inbound,Isle of Man:Manx Isle of Man JAN26 DEC26,01-JAN-2026,31-DEC-2026,United Kingdom,Isle of Man,End of Agreement,Voice,MO,"Single Rate Effective (Voice, SMS, Data, VoLTE)","GBRME, GBROR",GBRMT,0.08570,Value,Gross,GBP,No-Balancing,Actual,,,,01-JAN-26,31-DEC-26,,,,,,,,,,MULTI,Peru,,,,,ALL
Visitor/Inbound,Isle of Man:Manx Isle of Man JAN26 DEC26,01-JAN-2026,31-DEC-2026,United Kingdom,Isle of Man,End of Agreement,Voice,MO,"Single Rate Effective (Voice, SMS, Data, VoLTE)","GBRME, GBROR",GBRMT,0.08570,Value,Gross,GBP,No-Balancing,Actual,,,,01-JAN-26,31-DEC-26,,,,,,,,,,MULTI,Paraguay,,,,,ALL
Visitor/Inbound,Isle of Man:Manx Isle of Man JAN26 DEC26,01-JAN-2026,31-DEC-2026,United Kingdom,Isle of Man,End of Agreement,Voice,MO,"Single Rate Effective (Voice, SMS, Data, VoLTE)","GBRME, GBROR",GBRMT,0.08570,Value,Gross,GBP,No-Balancing,Actual,,,,01-JAN-26,31-DEC-26,,,,,,,,,,MULTI,Papua New Guinea,,,,,ALL
Visitor/Inbound,Isle of Man:Manx Isle of Man JAN26 DEC26,01-JAN-2026,31-DEC-2026,United Kingdom,Isle of Man,End of Agreement,Voice,MO,"Single Rate Effective (Voice, SMS, Data, VoLTE)","GBRME, GBROR",GBRMT,0.08570,Value,Gross,GBP,No-Balancing,Actual,,,,01-JAN-26,31-DEC-26,,,,,,,,,,MULTI,Panama,,,,,ALL
Visitor/Inbound,Isle of Man:Manx Isle of Man JAN26 DEC26,01-JAN-2026,31-DEC-2026,United Kingdom,Isle of Man,End of Agreement,Voice,MO,"Single Rate Effective (Voice, SMS, Data, VoLTE)","GBRME, GBROR",GBRMT,0.08570,Value,Gross,GBP,No-Balancing,Actual,,,,01-JAN-26,31-DEC-26,,,,,,,,,,MULTI,Palestinian Territory,,,,,ALL
Visitor/Inbound,Isle of Man:Manx Isle of Man JAN26 DEC26,01-JAN-2026,31-DEC-2026,United Kingdom,Isle of Man,End of Agreement,Voice,MO,"Single Rate Effective (Voice, SMS, Data, VoLTE)","GBRME, GBROR",GBRMT,0.08570,Value,Gross,GBP,No-Balancing,Actual,,,,01-JAN-26,31-DEC-26,,,,,,,,,,MULTI,Palau,,,,,ALL
Visitor/Inbound,Isle of Man:Manx Isle of Man JAN26 DEC26,01-JAN-2026,31-DEC-2026,United Kingdom,Isle of Man,End of Agreement,Voice,MO,"Single Rate Effective (Voice, SMS, Data, VoLTE)","GBRME, GBROR",GBRMT,0.08570,Value,Gross,GBP,No-Balancing,Actual,,,,01-JAN-26,31-DEC-26,,,,,,,,,,MULTI,Pakistan,,,,,ALL
Visitor/Inbound,Isle of Man:Manx Isle of Man JAN26 DEC26,01-JAN-2026,31-DEC-2026,United Kingdom,Isle of Man,End of Agreement,Voice,MO,"Single Rate Effective (Voice, SMS, Data, VoLTE)","GBRME, GBROR",GBRMT,0.08570,Value,Gross,GBP,No-Balancing,Actual,,,,01-JAN-26,31-DEC-26,,,,,,,,,,MULTI,Oman,,,,,ALL
Visitor/Inbound,Isle of Man:Manx Isle of Man JAN26 DEC26,01-JAN-2026,31-DEC-2026,United Kingdom,Isle of Man,End of Agreement,Voice,MO,"Single Rate Effective (Voice, SMS, Data, VoLTE)","GBRME, GBROR",GBRMT,0.08570,Value,Gross,GBP,No-Balancing,Actual,,,,01-JAN-26,31-DEC-26,,,,,,,,,,MULTI,Northern Mariana Islands,,,,,ALL
Visitor/Inbound,Isle of Man:Manx Isle of Man JAN26 DEC26,01-JAN-2026,31-DEC-2026,United Kingdom,Isle of Man,End of Agreement,Voice,MO,"Single Rate Effective (Voice, SMS, Data, VoLTE)","GBRME, GBROR",GBRMT,0.08570,Value,Gross,GBP,No-Balancing,Actual,,,,01-JAN-26,31-DEC-26,,,,,,,,,,MULTI,Norfolk Island,,,,,ALL
Visitor/Inbound,Isle of Man:Manx Isle of Man JAN26 DEC26,01-JAN-2026,31-DEC-2026,United Kingdom,Isle of Man,End of Agreement,Voice,MO,"Single Rate Effective (Voice, SMS, Data, VoLTE)","GBRME, GBROR",GBRMT,0.08570,Value,Gross,GBP,No-Balancing,Actual,,,,01-JAN-26,31-DEC-26,,,,,,,,,,MULTI,Niue,,,,,ALL
Visitor/Inbound,Isle of Man:Manx Isle of Man JAN26 DEC26,01-JAN-2026,31-DEC-2026,United Kingdom,Isle of Man,End of Agreement,Voice,MO,"Single Rate Effective (Voice, SMS, Data, VoLTE)","GBRME, GBROR",GBRMT,0.08570,Value,Gross,GBP,No-Balancing,Actual,,,,01-JAN-26,31-DEC-26,,,,,,,,,,MULTI,Nigeria,,,,,ALL
Visitor/Inbound,Isle of Man:Manx Isle of Man JAN26 DEC26,01-JAN-2026,31-DEC-2026,United Kingdom,Isle of Man,End of Agreement,Voice,MO,"Single Rate Effective (Voice, SMS, Data, VoLTE)","GBRME, GBROR",GBRMT,0.08570,Value,Gross,GBP,No-Balancing,Actual,,,,01-JAN-26,31-DEC-26,,,,,,,,,,MULTI,Niger,,,,,ALL
Visitor/Inbound,Isle of Man:Manx Isle of Man JAN26 DEC26,01-JAN-2026,31-DEC-2026,United Kingdom,Isle of Man,End of Agreement,Voice,MO,"Single Rate Effective (Voice, SMS, Data, VoLTE)","GBRME, GBROR",GBRMT,0.08570,Value,Gross,GBP,No-Balancing,Actual,,,,01-JAN-26,31-DEC-26,,,,,,,,,,MULTI,Nicaragua,,,,,ALL
Visitor/Inbound,Isle of Man:Manx Isle of Man JAN26 DEC26,01-JAN-2026,31-DEC-2026,United Kingdom,Isle of Man,End of Agreement,Voice,MO,"Single Rate Effective (Voice, SMS, Data, VoLTE)","GBRME, GBROR",GBRMT,0.08570,Value,Gross,GBP,No-Balancing,Actual,,,,01-JAN-26,31-DEC-26,,,,,,,,,,MULTI,New Zealand,,,,,ALL
Visitor/Inbound,Isle of Man:Manx Isle of Man JAN26 DEC26,01-JAN-2026,31-DEC-2026,United Kingdom,Isle of Man,End of Agreement,Voice,MO,"Single Rate Effective (Voice, SMS, Data, VoLTE)","GBRME, GBROR",GBRMT,0.08570,Value,Gross,GBP,No-Balancing,Actual,,,,01-JAN-26,31-DEC-26,,,,,,,,,,MULTI,New Caledonia,,,,,ALL
Visitor/Inbound,Isle of Man:Manx Isle of Man JAN26 DEC26,01-JAN-2026,31-DEC-2026,United Kingdom,Isle of Man,End of Agreement,Voice,MO,"Single Rate Effective (Voice, SMS, Data, VoLTE)","GBRME, GBROR",GBRMT,0.08570,Value,Gross,GBP,No-Balancing,Actual,,,,01-JAN-26,31-DEC-26,,,,,,,,,,MULTI,Netherlands Antilles,,,,,ALL
Visitor/Inbound,Isle of Man:Manx Isle of Man JAN26 DEC26,01-JAN-2026,31-DEC-2026,United Kingdom,Isle of Man,End of Agreement,Voice,MO,"Single Rate Effective (Voice, SMS, Data, VoLTE)","GBRME, GBROR",GBRMT,0.08570,Value,Gross,GBP,No-Balancing,Actual,,,,01-JAN-26,31-DEC-26,,,,,,,,,,MULTI,Nepal,,,,,ALL
Visitor/Inbound,Isle of Man:Manx Isle of Man JAN26 DEC26,01-JAN-2026,31-DEC-2026,United Kingdom,Isle of Man,End of Agreement,Voice,MO,"Single Rate Effective (Voice, SMS, Data, VoLTE)","GBRME, GBROR",GBRMT,0.08570,Value,Gross,GBP,No-Balancing,Actual,,,,01-JAN-26,31-DEC-26,,,,,,,,,,MULTI,Nauru,,,,,ALL
Visitor/Inbound,Isle of Man:Manx Isle of Man JAN26 DEC26,01-JAN-2026,31-DEC-2026,United Kingdom,Isle of Man,End of Agreement,Voice,MO,"Single Rate Effective (Voice, SMS, Data, VoLTE)","GBRME, GBROR",GBRMT,0.08570,Value,Gross,GBP,No-Balancing,Actual,,,,01-JAN-26,31-DEC-26,,,,,,,,,,MULTI,Namibia,,,,,ALL
Visitor/Inbound,Isle of Man:Manx Isle of Man JAN26 DEC26,01-JAN-2026,31-DEC-2026,United Kingdom,Isle of Man,End of Agreement,Voice,MO,"Single Rate Effective (Voice, SMS, Data, VoLTE)","GBRME, GBROR",GBRMT,0.08570,Value,Gross,GBP,No-Balancing,Actual,,,,01-JAN-26,31-DEC-26,,,,,,,,,,MULTI,Myanmar,,,,,ALL
Visitor/Inbound,Isle of Man:Manx Isle of Man JAN26 DEC26,01-JAN-2026,31-DEC-2026,United Kingdom,Isle of Man,End of Agreement,Voice,MO,"Single Rate Effective (Voice, SMS, Data, VoLTE)","GBRME, GBROR",GBRMT,0.08570,Value,Gross,GBP,No-Balancing,Actual,,,,01-JAN-26,31-DEC-26,,,,,,,,,,MULTI,Mozambique,,,,,ALL
Visitor/Inbound,Isle of Man:Manx Isle of Man JAN26 DEC26,01-JAN-2026,31-DEC-2026,United Kingdom,Isle of Man,End of Agreement,Voice,MO,"Single Rate Effective (Voice, SMS, Data, VoLTE)","GBRME, GBROR",GBRMT,0.08570,Value,Gross,GBP,No-Balancing,Actual,,,,01-JAN-26,31-DEC-26,,,,,,,,,,MULTI,Morocco,,,,,ALL
Visitor/Inbound,Isle of Man:Manx Isle of Man JAN26 DEC26,01-JAN-2026,31-DEC-2026,United Kingdom,Isle of Man,End of Agreement,Voice,MO,"Single Rate Effective (Voice, SMS, Data, VoLTE)","GBRME, GBROR",GBRMT,0.08570,Value,Gross,GBP,No-Balancing,Actual,,,,01-JAN-26,31-DEC-26,,,,,,,,,,MULTI,Montserrat,,,,,ALL
Visitor/Inbound,Isle of Man:Manx Isle of Man JAN26 DEC26,01-JAN-2026,31-DEC-2026,United Kingdom,Isle of Man,End of Agreement,Voice,MO,"Single Rate Effective (Voice, SMS, Data, VoLTE)","GBRME, GBROR",GBRMT,0.08570,Value,Gross,GBP,No-Balancing,Actual,,,,01-JAN-26,31-DEC-26,,,,,,,,,,MULTI,Montenegro,,,,,ALL
Visitor/Inbound,Isle of Man:Manx Isle of Man JAN26 DEC26,01-JAN-2026,31-DEC-2026,United Kingdom,Isle of Man,End of Agreement,Voice,MO,"Single Rate Effective (Voice, SMS, Data, VoLTE)","GBRME, GBROR",GBRMT,0.08570,Value,Gross,GBP,No-Balancing,Actual,,,,01-JAN-26,31-DEC-26,,,,,,,,,,MULTI,Mongolia,,,,,ALL
Visitor/Inbound,Isle of Man:Manx Isle of Man JAN26 DEC26,01-JAN-2026,31-DEC-2026,United Kingdom,Isle of Man,End of Agreement,Voice,MO,"Single Rate Effective (Voice, SMS, Data, VoLTE)","GBRME, GBROR",GBRMT,0.08570,Value,Gross,GBP,No-Balancing,Actual,,,,01-JAN-26,31-DEC-26,,,,,,,,,,MULTI,Monaco,,,,,ALL
Visitor/Inbound,Isle of Man:Manx Isle of Man JAN26 DEC26,01-JAN-2026,31-DEC-2026,United Kingdom,Isle of Man,End of Agreement,Voice,MO,"Single Rate Effective (Voice, SMS, Data, VoLTE)","GBRME, GBROR",GBRMT,0.08570,Value,Gross,GBP,No-Balancing,Actual,,,,01-JAN-26,31-DEC-26,,,,,,,,,,MULTI,"Moldova, Republic of",,,,,ALL
Visitor/Inbound,Isle of Man:Manx Isle of Man JAN26 DEC26,01-JAN-2026,31-DEC-2026,United Kingdom,Isle of Man,End of Agreement,Voice,MO,"Single Rate Effective (Voice, SMS, Data, VoLTE)","GBRME, GBROR",GBRMT,0.08570,Value,Gross,GBP,No-Balancing,Actual,,,,01-JAN-26,31-DEC-26,,,,,,,,,,MULTI,"Micronesia, Federated States of",,,,,ALL
Visitor/Inbound,Isle of Man:Manx Isle of Man JAN26 DEC26,01-JAN-2026,31-DEC-2026,United Kingdom,Isle of Man,End of Agreement,Voice,MO,"Single Rate Effective (Voice, SMS, Data, VoLTE)","GBRME, GBROR",GBRMT,0.08570,Value,Gross,GBP,No-Balancing,Actual,,,,01-JAN-26,31-DEC-26,,,,,,,,,,MULTI,Mexico,,,,,ALL
Visitor/Inbound,Isle of Man:Manx Isle of Man JAN26 DEC26,01-JAN-2026,31-DEC-2026,United Kingdom,Isle of Man,End of Agreement,Voice,MO,"Single Rate Effective (Voice, SMS, Data, VoLTE)","GBRME, GBROR",GBRMT,0.08570,Value,Gross,GBP,No-Balancing,Actual,,,,01-JAN-26,31-DEC-26,,,,,,,,,,MULTI,Mayotte,,,,,ALL
Visitor/Inbound,Isle of Man:Manx Isle of Man JAN26 DEC26,01-JAN-2026,31-DEC-2026,United Kingdom,Isle of Man,End of Agreement,Voice,MO,"Single Rate Effective (Voice, SMS, Data, VoLTE)","GBRME, GBROR",GBRMT,0.08570,Value,Gross,GBP,No-Balancing,Actual,,,,01-JAN-26,31-DEC-26,,,,,,,,,,MULTI,Mauritius,,,,,ALL
Visitor/Inbound,Isle of Man:Manx Isle of Man JAN26 DEC26,01-JAN-2026,31-DEC-2026,United Kingdom,Isle of Man,End of Agreement,Voice,MO,"Single Rate Effective (Voice, SMS, Data, VoLTE)","GBRME, GBROR",GBRMT,0.08570,Value,Gross,GBP,No-Balancing,Actual,,,,01-JAN-26,31-DEC-26,,,,,,,,,,MULTI,Mauritania,,,,,ALL
Visitor/Inbound,Isle of Man:Manx Isle of Man JAN26 DEC26,01-JAN-2026,31-DEC-2026,United Kingdom,Isle of Man,End of Agreement,Voice,MO,"Single Rate Effective (Voice, SMS, Data, VoLTE)","GBRME, GBROR",GBRMT,0.08570,Value,Gross,GBP,No-Balancing,Actual,,,,01-JAN-26,31-DEC-26,,,,,,,,,,MULTI,Martinique,,,,,ALL
Visitor/Inbound,Isle of Man:Manx Isle of Man JAN26 DEC26,01-JAN-2026,31-DEC-2026,United Kingdom,Isle of Man,End of Agreement,Voice,MO,"Single Rate Effective (Voice, SMS, Data, VoLTE)","GBRME, GBROR",GBRMT,0.08570,Value,Gross,GBP,No-Balancing,Actual,,,,01-JAN-26,31-DEC-26,,,,,,,,,,MULTI,Marshall Islands,,,,,ALL
Visitor/Inbound,Isle of Man:Manx Isle of Man JAN26 DEC26,01-JAN-2026,31-DEC-2026,United Kingdom,Isle of Man,End of Agreement,Voice,MO,"Single Rate Effective (Voice, SMS, Data, VoLTE)","GBRME, GBROR",GBRMT,0.08570,Value,Gross,GBP,No-Balancing,Actual,,,,01-JAN-26,31-DEC-26,,,,,,,,,,MULTI,Mali,,,,,ALL
Visitor/Inbound,Isle of Man:Manx Isle of Man JAN26 DEC26,01-JAN-2026,31-DEC-2026,United Kingdom,Isle of Man,End of Agreement,Voice,MO,"Single Rate Effective (Voice, SMS, Data, VoLTE)","GBRME, GBROR",GBRMT,0.08570,Value,Gross,GBP,No-Balancing,Actual,,,,01-JAN-26,31-DEC-26,,,,,,,,,,MULTI,Maldives,,,,,ALL
Visitor/Inbound,Isle of Man:Manx Isle of Man JAN26 DEC26,01-JAN-2026,31-DEC-2026,United Kingdom,Isle of Man,End of Agreement,Voice,MO,"Single Rate Effective (Voice, SMS, Data, VoLTE)","GBRME, GBROR",GBRMT,0.08570,Value,Gross,GBP,No-Balancing,Actual,,,,01-JAN-26,31-DEC-26,,,,,,,,,,MULTI,Malaysia,,,,,ALL
Visitor/Inbound,Isle of Man:Manx Isle of Man JAN26 DEC26,01-JAN-2026,31-DEC-2026,United Kingdom,Isle of Man,End of Agreement,Voice,MO,"Single Rate Effective (Voice, SMS, Data, VoLTE)","GBRME, GBROR",GBRMT,0.08570,Value,Gross,GBP,No-Balancing,Actual,,,,01-JAN-26,31-DEC-26,,,,,,,,,,MULTI,Malawi,,,,,ALL
Visitor/Inbound,Isle of Man:Manx Isle of Man JAN26 DEC26,01-JAN-2026,31-DEC-2026,United Kingdom,Isle of Man,End of Agreement,Voice,MO,"Single Rate Effective (Voice, SMS, Data, VoLTE)","GBRME, GBROR",GBRMT,0.08570,Value,Gross,GBP,No-Balancing,Actual,,,,01-JAN-26,31-DEC-26,,,,,,,,,,MULTI,Madagascar,,,,,ALL
Visitor/Inbound,Isle of Man:Manx Isle of Man JAN26 DEC26,01-JAN-2026,31-DEC-2026,United Kingdom,Isle of Man,End of Agreement,Voice,MO,"Single Rate Effective (Voice, SMS, Data, VoLTE)","GBRME, GBROR",GBRMT,0.08570,Value,Gross,GBP,No-Balancing,Actual,,,,01-JAN-26,31-DEC-26,,,,,,,,,,MULTI,Macao,,,,,ALL
Visitor/Inbound,Isle of Man:Manx Isle of Man JAN26 DEC26,01-JAN-2026,31-DEC-2026,United Kingdom,Isle of Man,End of Agreement,Voice,MO,"Single Rate Effective (Voice, SMS, Data, VoLTE)","GBRME, GBROR",GBRMT,0.08570,Value,Gross,GBP,No-Balancing,Actual,,,,01-JAN-26,31-DEC-26,,,,,,,,,,MULTI,Libyan Arab Jamahiriya,,,,,ALL
Visitor/Inbound,Isle of Man:Manx Isle of Man JAN26 DEC26,01-JAN-2026,31-DEC-2026,United Kingdom,Isle of Man,End of Agreement,Voice,MO,"Single Rate Effective (Voice, SMS, Data, VoLTE)","GBRME, GBROR",GBRMT,0.08570,Value,Gross,GBP,No-Balancing,Actual,,,,01-JAN-26,31-DEC-26,,,,,,,,,,MULTI,Liberia,,,,,ALL
Visitor/Inbound,Isle of Man:Manx Isle of Man JAN26 DEC26,01-JAN-2026,31-DEC-2026,United Kingdom,Isle of Man,End of Agreement,Voice,MO,"Single Rate Effective (Voice, SMS, Data, VoLTE)","GBRME, GBROR",GBRMT,0.08570,Value,Gross,GBP,No-Balancing,Actual,,,,01-JAN-26,31-DEC-26,,,,,,,,,,MULTI,Lesotho,,,,,ALL
Visitor/Inbound,Isle of Man:Manx Isle of Man JAN26 DEC26,01-JAN-2026,31-DEC-2026,United Kingdom,Isle of Man,End of Agreement,Voice,MO,"Single Rate Effective (Voice, SMS, Data, VoLTE)","GBRME, GBROR",GBRMT,0.08570,Value,Gross,GBP,No-Balancing,Actual,,,,01-JAN-26,31-DEC-26,,,,,,,,,,MULTI,Lebanon,,,,,ALL
Visitor/Inbound,Isle of Man:Manx Isle of Man JAN26 DEC26,01-JAN-2026,31-DEC-2026,United Kingdom,Isle of Man,End of Agreement,Voice,MO,"Single Rate Effective (Voice, SMS, Data, VoLTE)","GBRME, GBROR",GBRMT,0.08570,Value,Gross,GBP,No-Balancing,Actual,,,,01-JAN-26,31-DEC-26,,,,,,,,,,MULTI,Lao People's Democratic Republic,,,,,ALL
Visitor/Inbound,Isle of Man:Manx Isle of Man JAN26 DEC26,01-JAN-2026,31-DEC-2026,United Kingdom,Isle of Man,End of Agreement,Voice,MO,"Single Rate Effective (Voice, SMS, Data, VoLTE)","GBRME, GBROR",GBRMT,0.08570,Value,Gross,GBP,No-Balancing,Actual,,,,01-JAN-26,31-DEC-26,,,,,,,,,,MULTI,Kyrgyzstan,,,,,ALL
Visitor/Inbound,Isle of Man:Manx Isle of Man JAN26 DEC26,01-JAN-2026,31-DEC-2026,United Kingdom,Isle of Man,End of Agreement,Voice,MO,"Single Rate Effective (Voice, SMS, Data, VoLTE)","GBRME, GBROR",GBRMT,0.08570,Value,Gross,GBP,No-Balancing,Actual,,,,01-JAN-26,31-DEC-26,,,,,,,,,,MULTI,Kuwait,,,,,ALL
Visitor/Inbound,Isle of Man:Manx Isle of Man JAN26 DEC26,01-JAN-2026,31-DEC-2026,United Kingdom,Isle of Man,End of Agreement,Voice,MO,"Single Rate Effective (Voice, SMS, Data, VoLTE)","GBRME, GBROR",GBRMT,0.08570,Value,Gross,GBP,No-Balancing,Actual,,,,01-JAN-26,31-DEC-26,,,,,,,,,,MULTI,"Korea, Republic of",,,,,ALL
Visitor/Inbound,Isle of Man:Manx Isle of Man JAN26 DEC26,01-JAN-2026,31-DEC-2026,United Kingdom,Isle of Man,End of Agreement,Voice,MO,"Single Rate Effective (Voice, SMS, Data, VoLTE)","GBRME, GBROR",GBRMT,0.08570,Value,Gross,GBP,No-Balancing,Actual,,,,01-JAN-26,31-DEC-26,,,,,,,,,,MULTI,"Korea, Democratic People's Republic of",,,,,ALL
Visitor/Inbound,Isle of Man:Manx Isle of Man JAN26 DEC26,01-JAN-2026,31-DEC-2026,United Kingdom,Isle of Man,End of Agreement,Voice,MO,"Single Rate Effective (Voice, SMS, Data, VoLTE)","GBRME, GBROR",GBRMT,0.08570,Value,Gross,GBP,No-Balancing,Actual,,,,01-JAN-26,31-DEC-26,,,,,,,,,,MULTI,Kiribati,,,,,ALL
Visitor/Inbound,Isle of Man:Manx Isle of Man JAN26 DEC26,01-JAN-2026,31-DEC-2026,United Kingdom,Isle of Man,End of Agreement,Voice,MO,"Single Rate Effective (Voice, SMS, Data, VoLTE)","GBRME, GBROR",GBRMT,0.08570,Value,Gross,GBP,No-Balancing,Actual,,,,01-JAN-26,31-DEC-26,,,,,,,,,,MULTI,Kenya,,,,,ALL
Visitor/Inbound,Isle of Man:Manx Isle of Man JAN26 DEC26,01-JAN-2026,31-DEC-2026,United Kingdom,Isle of Man,End of Agreement,Voice,MO,"Single Rate Effective (Voice, SMS, Data, VoLTE)","GBRME, GBROR",GBRMT,0.08570,Value,Gross,GBP,No-Balancing,Actual,,,,01-JAN-26,31-DEC-26,,,,,,,,,,MULTI,Kazakhstan,,,,,ALL
Visitor/Inbound,Isle of Man:Manx Isle of Man JAN26 DEC26,01-JAN-2026,31-DEC-2026,United Kingdom,Isle of Man,End of Agreement,Voice,MO,"Single Rate Effective (Voice, SMS, Data, VoLTE)","GBRME, GBROR",GBRMT,0.08570,Value,Gross,GBP,No-Balancing,Actual,,,,01-JAN-26,31-DEC-26,,,,,,,,,,MULTI,Jordan,,,,,ALL
Visitor/Inbound,Isle of Man:Manx Isle of Man JAN26 DEC26,01-JAN-2026,31-DEC-2026,United Kingdom,Isle of Man,End of Agreement,Voice,MO,"Single Rate Effective (Voice, SMS, Data, VoLTE)","GBRME, GBROR",GBRMT,0.08570,Value,Gross,GBP,No-Balancing,Actual,,,,01-JAN-26,31-DEC-26,,,,,,,,,,MULTI,Jersey,,,,,ALL
Visitor/Inbound,Isle of Man:Manx Isle of Man JAN26 DEC26,01-JAN-2026,31-DEC-2026,United Kingdom,Isle of Man,End of Agreement,Voice,MO,"Single Rate Effective (Voice, SMS, Data, VoLTE)","GBRME, GBROR",GBRMT,0.08570,Value,Gross,GBP,No-Balancing,Actual,,,,01-JAN-26,31-DEC-26,,,,,,,,,,MULTI,Japan,,,,,ALL
Visitor/Inbound,Isle of Man:Manx Isle of Man JAN26 DEC26,01-JAN-2026,31-DEC-2026,United Kingdom,Isle of Man,End of Agreement,Voice,MO,"Single Rate Effective (Voice, SMS, Data, VoLTE)","GBRME, GBROR",GBRMT,0.08570,Value,Gross,GBP,No-Balancing,Actual,,,,01-JAN-26,31-DEC-26,,,,,,,,,,MULTI,Jamaica,,,,,ALL
Visitor/Inbound,Isle of Man:Manx Isle of Man JAN26 DEC26,01-JAN-2026,31-DEC-2026,United Kingdom,Isle of Man,End of Agreement,Voice,MO,"Single Rate Effective (Voice, SMS, Data, VoLTE)","GBRME, GBROR",GBRMT,0.08570,Value,Gross,GBP,No-Balancing,Actual,,,,01-JAN-26,31-DEC-26,,,,,,,,,,MULTI,Ivory Coast,,,,,ALL
Visitor/Inbound,Isle of Man:Manx Isle of Man JAN26 DEC26,01-JAN-2026,31-DEC-2026,United Kingdom,Isle of Man,End of Agreement,Voice,MO,"Single Rate Effective (Voice, SMS, Data, VoLTE)","GBRME, GBROR",GBRMT,0.08570,Value,Gross,GBP,No-Balancing,Actual,,,,01-JAN-26,31-DEC-26,,,,,,,,,,MULTI,Israel,,,,,ALL
Visitor/Inbound,Isle of Man:Manx Isle of Man JAN26 DEC26,01-JAN-2026,31-DEC-2026,United Kingdom,Isle of Man,End of Agreement,Voice,MO,"Single Rate Effective (Voice, SMS, Data, VoLTE)","GBRME, GBROR",GBRMT,0.08570,Value,Gross,GBP,No-Balancing,Actual,,,,01-JAN-26,31-DEC-26,,,,,,,,,,MULTI,Isle of Man,,,,,ALL
Visitor/Inbound,Isle of Man:Manx Isle of Man JAN26 DEC26,01-JAN-2026,31-DEC-2026,United Kingdom,Isle of Man,End of Agreement,Voice,MO,"Single Rate Effective (Voice, SMS, Data, VoLTE)","GBRME, GBROR",GBRMT,0.08570,Value,Gross,GBP,No-Balancing,Actual,,,,01-JAN-26,31-DEC-26,,,,,,,,,,MULTI,Iraq,,,,,ALL
Visitor/Inbound,Isle of Man:Manx Isle of Man JAN26 DEC26,01-JAN-2026,31-DEC-2026,United Kingdom,Isle of Man,End of Agreement,Voice,MO,"Single Rate Effective (Voice, SMS, Data, VoLTE)","GBRME, GBROR",GBRMT,0.08570,Value,Gross,GBP,No-Balancing,Actual,,,,01-JAN-26,31-DEC-26,,,,,,,,,,MULTI,"Iran, Islamic Republic of",,,,,ALL
Visitor/Inbound,Isle of Man:Manx Isle of Man JAN26 DEC26,01-JAN-2026,31-DEC-2026,United Kingdom,Isle of Man,End of Agreement,Voice,MO,"Single Rate Effective (Voice, SMS, Data, VoLTE)","GBRME, GBROR",GBRMT,0.08570,Value,Gross,GBP,No-Balancing,Actual,,,,01-JAN-26,31-DEC-26,,,,,,,,,,MULTI,Indonesia,,,,,ALL
Visitor/Inbound,Isle of Man:Manx Isle of Man JAN26 DEC26,01-JAN-2026,31-DEC-2026,United Kingdom,Isle of Man,End of Agreement,Voice,MO,"Single Rate Effective (Voice, SMS, Data, VoLTE)","GBRME, GBROR",GBRMT,0.08570,Value,Gross,GBP,No-Balancing,Actual,,,,01-JAN-26,31-DEC-26,,,,,,,,,,MULTI,India,,,,,ALL
Visitor/Inbound,Isle of Man:Manx Isle of Man JAN26 DEC26,01-JAN-2026,31-DEC-2026,United Kingdom,Isle of Man,End of Agreement,Voice,MO,"Single Rate Effective (Voice, SMS, Data, VoLTE)","GBRME, GBROR",GBRMT,0.08570,Value,Gross,GBP,No-Balancing,Actual,,,,01-JAN-26,31-DEC-26,,,,,,,,,,MULTI,Hong Kong,,,,,ALL
Visitor/Inbound,Isle of Man:Manx Isle of Man JAN26 DEC26,01-JAN-2026,31-DEC-2026,United Kingdom,Isle of Man,End of Agreement,Voice,MO,"Single Rate Effective (Voice, SMS, Data, VoLTE)","GBRME, GBROR",GBRMT,0.08570,Value,Gross,GBP,No-Balancing,Actual,,,,01-JAN-26,31-DEC-26,,,,,,,,,,MULTI,Honduras,,,,,ALL
Visitor/Inbound,Isle of Man:Manx Isle of Man JAN26 DEC26,01-JAN-2026,31-DEC-2026,United Kingdom,Isle of Man,End of Agreement,Voice,MO,"Single Rate Effective (Voice, SMS, Data, VoLTE)","GBRME, GBROR",GBRMT,0.08570,Value,Gross,GBP,No-Balancing,Actual,,,,01-JAN-26,31-DEC-26,,,,,,,,,,MULTI,Holy See (Vatican City State),,,,,ALL
Visitor/Inbound,Isle of Man:Manx Isle of Man JAN26 DEC26,01-JAN-2026,31-DEC-2026,United Kingdom,Isle of Man,End of Agreement,Voice,MO,"Single Rate Effective (Voice, SMS, Data, VoLTE)","GBRME, GBROR",GBRMT,0.08570,Value,Gross,GBP,No-Balancing,Actual,,,,01-JAN-26,31-DEC-26,,,,,,,,,,MULTI,Haiti,,,,,ALL
Visitor/Inbound,Isle of Man:Manx Isle of Man JAN26 DEC26,01-JAN-2026,31-DEC-2026,United Kingdom,Isle of Man,End of Agreement,Voice,MO,"Single Rate Effective (Voice, SMS, Data, VoLTE)","GBRME, GBROR",GBRMT,0.08570,Value,Gross,GBP,No-Balancing,Actual,,,,01-JAN-26,31-DEC-26,,,,,,,,,,MULTI,Guyana,,,,,ALL
Visitor/Inbound,Isle of Man:Manx Isle of Man JAN26 DEC26,01-JAN-2026,31-DEC-2026,United Kingdom,Isle of Man,End of Agreement,Voice,MO,"Single Rate Effective (Voice, SMS, Data, VoLTE)","GBRME, GBROR",GBRMT,0.08570,Value,Gross,GBP,No-Balancing,Actual,,,,01-JAN-26,31-DEC-26,,,,,,,,,,MULTI,Guinea-Bissau,,,,,ALL
Visitor/Inbound,Isle of Man:Manx Isle of Man JAN26 DEC26,01-JAN-2026,31-DEC-2026,United Kingdom,Isle of Man,End of Agreement,Voice,MO,"Single Rate Effective (Voice, SMS, Data, VoLTE)","GBRME, GBROR",GBRMT,0.08570,Value,Gross,GBP,No-Balancing,Actual,,,,01-JAN-26,31-DEC-26,,,,,,,,,,MULTI,Guinea,,,,,ALL
Visitor/Inbound,Isle of Man:Manx Isle of Man JAN26 DEC26,01-JAN-2026,31-DEC-2026,United Kingdom,Isle of Man,End of Agreement,Voice,MO,"Single Rate Effective (Voice, SMS, Data, VoLTE)","GBRME, GBROR",GBRMT,0.08570,Value,Gross,GBP,No-Balancing,Actual,,,,01-JAN-26,31-DEC-26,,,,,,,,,,MULTI,Guernsey,,,,,ALL
Visitor/Inbound,Isle of Man:Manx Isle of Man JAN26 DEC26,01-JAN-2026,31-DEC-2026,United Kingdom,Isle of Man,End of Agreement,Voice,MO,"Single Rate Effective (Voice, SMS, Data, VoLTE)","GBRME, GBROR",GBRMT,0.08570,Value,Gross,GBP,No-Balancing,Actual,,,,01-JAN-26,31-DEC-26,,,,,,,,,,MULTI,Guatemala,,,,,ALL
Visitor/Inbound,Isle of Man:Manx Isle of Man JAN26 DEC26,01-JAN-2026,31-DEC-2026,United Kingdom,Isle of Man,End of Agreement,Voice,MO,"Single Rate Effective (Voice, SMS, Data, VoLTE)","GBRME, GBROR",GBRMT,0.08570,Value,Gross,GBP,No-Balancing,Actual,,,,01-JAN-26,31-DEC-26,,,,,,,,,,MULTI,Guam,,,,,ALL
Visitor/Inbound,Isle of Man:Manx Isle of Man JAN26 DEC26,01-JAN-2026,31-DEC-2026,United Kingdom,Isle of Man,End of Agreement,Voice,MO,"Single Rate Effective (Voice, SMS, Data, VoLTE)","GBRME, GBROR",GBRMT,0.08570,Value,Gross,GBP,No-Balancing,Actual,,,,01-JAN-26,31-DEC-26,,,,,,,,,,MULTI,Guadeloupe,,,,,ALL
Visitor/Inbound,Isle of Man:Manx Isle of Man JAN26 DEC26,01-JAN-2026,31-DEC-2026,United Kingdom,Isle of Man,End of Agreement,Voice,MO,"Single Rate Effective (Voice, SMS, Data, VoLTE)","GBRME, GBROR",GBRMT,0.08570,Value,Gross,GBP,No-Balancing,Actual,,,,01-JAN-26,31-DEC-26,,,,,,,,,,MULTI,Grenada,,,,,ALL
Visitor/Inbound,Isle of Man:Manx Isle of Man JAN26 DEC26,01-JAN-2026,31-DEC-2026,United Kingdom,Isle of Man,End of Agreement,Voice,MO,"Single Rate Effective (Voice, SMS, Data, VoLTE)","GBRME, GBROR",GBRMT,0.08570,Value,Gross,GBP,No-Balancing,Actual,,,,01-JAN-26,31-DEC-26,,,,,,,,,,MULTI,Greenland,,,,,ALL
Visitor/Inbound,Isle of Man:Manx Isle of Man JAN26 DEC26,01-JAN-2026,31-DEC-2026,United Kingdom,Isle of Man,End of Agreement,Voice,MO,"Single Rate Effective (Voice, SMS, Data, VoLTE)","GBRME, GBROR",GBRMT,0.08570,Value,Gross,GBP,No-Balancing,Actual,,,,01-JAN-26,31-DEC-26,,,,,,,,,,MULTI,Ghana,,,,,ALL
Visitor/Inbound,Isle of Man:Manx Isle of Man JAN26 DEC26,01-JAN-2026,31-DEC-2026,United Kingdom,Isle of Man,End of Agreement,Voice,MO,"Single Rate Effective (Voice, SMS, Data, VoLTE)","GBRME, GBROR",GBRMT,0.08570,Value,Gross,GBP,No-Balancing,Actual,,,,01-JAN-26,31-DEC-26,,,,,,,,,,MULTI,Georgia,,,,,ALL
Visitor/Inbound,Isle of Man:Manx Isle of Man JAN26 DEC26,01-JAN-2026,31-DEC-2026,United Kingdom,Isle of Man,End of Agreement,Voice,MO,"Single Rate Effective (Voice, SMS, Data, VoLTE)","GBRME, GBROR",GBRMT,0.08570,Value,Gross,GBP,No-Balancing,Actual,,,,01-JAN-26,31-DEC-26,,,,,,,,,,MULTI,Gambia,,,,,ALL
Visitor/Inbound,Isle of Man:Manx Isle of Man JAN26 DEC26,01-JAN-2026,31-DEC-2026,United Kingdom,Isle of Man,End of Agreement,Voice,MO,"Single Rate Effective (Voice, SMS, Data, VoLTE)","GBRME, GBROR",GBRMT,0.08570,Value,Gross,GBP,No-Balancing,Actual,,,,01-JAN-26,31-DEC-26,,,,,,,,,,MULTI,Gabon,,,,,ALL
Visitor/Inbound,Isle of Man:Manx Isle of Man JAN26 DEC26,01-JAN-2026,31-DEC-2026,United Kingdom,Isle of Man,End of Agreement,Voice,MO,"Single Rate Effective (Voice, SMS, Data, VoLTE)","GBRME, GBROR",GBRMT,0.08570,Value,Gross,GBP,No-Balancing,Actual,,,,01-JAN-26,31-DEC-26,,,,,,,,,,MULTI,French Polynesia,,,,,ALL
Visitor/Inbound,Isle of Man:Manx Isle of Man JAN26 DEC26,01-JAN-2026,31-DEC-2026,United Kingdom,Isle of Man,End of Agreement,Voice,MO,"Single Rate Effective (Voice, SMS, Data, VoLTE)","GBRME, GBROR",GBRMT,0.08570,Value,Gross,GBP,No-Balancing,Actual,,,,01-JAN-26,31-DEC-26,,,,,,,,,,MULTI,French Guiana,,,,,ALL
Visitor/Inbound,Isle of Man:Manx Isle of Man JAN26 DEC26,01-JAN-2026,31-DEC-2026,United Kingdom,Isle of Man,End of Agreement,Voice,MO,"Single Rate Effective (Voice, SMS, Data, VoLTE)","GBRME, GBROR",GBRMT,0.08570,Value,Gross,GBP,No-Balancing,Actual,,,,01-JAN-26,31-DEC-26,,,,,,,,,,MULTI,Fiji,,,,,ALL
Visitor/Inbound,Isle of Man:Manx Isle of Man JAN26 DEC26,01-JAN-2026,31-DEC-2026,United Kingdom,Isle of Man,End of Agreement,Voice,MO,"Single Rate Effective (Voice, SMS, Data, VoLTE)","GBRME, GBROR",GBRMT,0.08570,Value,Gross,GBP,No-Balancing,Actual,,,,01-JAN-26,31-DEC-26,,,,,,,,,,MULTI,Faroe Islands,,,,,ALL
Visitor/Inbound,Isle of Man:Manx Isle of Man JAN26 DEC26,01-JAN-2026,31-DEC-2026,United Kingdom,Isle of Man,End of Agreement,Voice,MO,"Single Rate Effective (Voice, SMS, Data, VoLTE)","GBRME, GBROR",GBRMT,0.08570,Value,Gross,GBP,No-Balancing,Actual,,,,01-JAN-26,31-DEC-26,,,,,,,,,,MULTI,Falkland Islands (Malvinas),,,,,ALL
Visitor/Inbound,Isle of Man:Manx Isle of Man JAN26 DEC26,01-JAN-2026,31-DEC-2026,United Kingdom,Isle of Man,End of Agreement,Voice,MO,"Single Rate Effective (Voice, SMS, Data, VoLTE)","GBRME, GBROR",GBRMT,0.08570,Value,Gross,GBP,No-Balancing,Actual,,,,01-JAN-26,31-DEC-26,,,,,,,,,,MULTI,Ethiopia,,,,,ALL
Visitor/Inbound,Isle of Man:Manx Isle of Man JAN26 DEC26,01-JAN-2026,31-DEC-2026,United Kingdom,Isle of Man,End of Agreement,Voice,MO,"Single Rate Effective (Voice, SMS, Data, VoLTE)","GBRME, GBROR",GBRMT,0.08570,Value,Gross,GBP,No-Balancing,Actual,,,,01-JAN-26,31-DEC-26,,,,,,,,,,MULTI,Eritrea,,,,,ALL
Visitor/Inbound,Isle of Man:Manx Isle of Man JAN26 DEC26,01-JAN-2026,31-DEC-2026,United Kingdom,Isle of Man,End of Agreement,Voice,MO,"Single Rate Effective (Voice, SMS, Data, VoLTE)","GBRME, GBROR",GBRMT,0.08570,Value,Gross,GBP,No-Balancing,Actual,,,,01-JAN-26,31-DEC-26,,,,,,,,,,MULTI,Equatorial Guinea,,,,,ALL
Visitor/Inbound,Isle of Man:Manx Isle of Man JAN26 DEC26,01-JAN-2026,31-DEC-2026,United Kingdom,Isle of Man,End of Agreement,Voice,MO,"Single Rate Effective (Voice, SMS, Data, VoLTE)","GBRME, GBROR",GBRMT,0.08570,Value,Gross,GBP,No-Balancing,Actual,,,,01-JAN-26,31-DEC-26,,,,,,,,,,MULTI,El Salvador,,,,,ALL
Visitor/Inbound,Isle of Man:Manx Isle of Man JAN26 DEC26,01-JAN-2026,31-DEC-2026,United Kingdom,Isle of Man,End of Agreement,Voice,MO,"Single Rate Effective (Voice, SMS, Data, VoLTE)","GBRME, GBROR",GBRMT,0.08570,Value,Gross,GBP,No-Balancing,Actual,,,,01-JAN-26,31-DEC-26,,,,,,,,,,MULTI,Egypt,,,,,ALL
Visitor/Inbound,Isle of Man:Manx Isle of Man JAN26 DEC26,01-JAN-2026,31-DEC-2026,United Kingdom,Isle of Man,End of Agreement,Voice,MO,"Single Rate Effective (Voice, SMS, Data, VoLTE)","GBRME, GBROR",GBRMT,0.08570,Value,Gross,GBP,No-Balancing,Actual,,,,01-JAN-26,31-DEC-26,,,,,,,,,,MULTI,Ecuador,,,,,ALL
Visitor/Inbound,Isle of Man:Manx Isle of Man JAN26 DEC26,01-JAN-2026,31-DEC-2026,United Kingdom,Isle of Man,End of Agreement,Voice,MO,"Single Rate Effective (Voice, SMS, Data, VoLTE)","GBRME, GBROR",GBRMT,0.08570,Value,Gross,GBP,No-Balancing,Actual,,,,01-JAN-26,31-DEC-26,,,,,,,,,,MULTI,East Timor,,,,,ALL
Visitor/Inbound,Isle of Man:Manx Isle of Man JAN26 DEC26,01-JAN-2026,31-DEC-2026,United Kingdom,Isle of Man,End of Agreement,Voice,MO,"Single Rate Effective (Voice, SMS, Data, VoLTE)","GBRME, GBROR",GBRMT,0.08570,Value,Gross,GBP,No-Balancing,Actual,,,,01-JAN-26,31-DEC-26,,,,,,,,,,MULTI,Dominican Republic,,,,,ALL
Visitor/Inbound,Isle of Man:Manx Isle of Man JAN26 DEC26,01-JAN-2026,31-DEC-2026,United Kingdom,Isle of Man,End of Agreement,Voice,MO,"Single Rate Effective (Voice, SMS, Data, VoLTE)","GBRME, GBROR",GBRMT,0.08570,Value,Gross,GBP,No-Balancing,Actual,,,,01-JAN-26,31-DEC-26,,,,,,,,,,MULTI,Dominica,,,,,ALL
Visitor/Inbound,Isle of Man:Manx Isle of Man JAN26 DEC26,01-JAN-2026,31-DEC-2026,United Kingdom,Isle of Man,End of Agreement,Voice,MO,"Single Rate Effective (Voice, SMS, Data, VoLTE)","GBRME, GBROR",GBRMT,0.08570,Value,Gross,GBP,No-Balancing,Actual,,,,01-JAN-26,31-DEC-26,,,,,,,,,,MULTI,Djibouti,,,,,ALL
Visitor/Inbound,Isle of Man:Manx Isle of Man JAN26 DEC26,01-JAN-2026,31-DEC-2026,United Kingdom,Isle of Man,End of Agreement,Voice,MO,"Single Rate Effective (Voice, SMS, Data, VoLTE)","GBRME, GBROR",GBRMT,0.08570,Value,Gross,GBP,No-Balancing,Actual,,,,01-JAN-26,31-DEC-26,,,,,,,,,,MULTI,Curacao,,,,,ALL
Visitor/Inbound,Isle of Man:Manx Isle of Man JAN26 DEC26,01-JAN-2026,31-DEC-2026,United Kingdom,Isle of Man,End of Agreement,Voice,MO,"Single Rate Effective (Voice, SMS, Data, VoLTE)","GBRME, GBROR",GBRMT,0.08570,Value,Gross,GBP,No-Balancing,Actual,,,,01-JAN-26,31-DEC-26,,,,,,,,,,MULTI,Cuba,,,,,ALL
Visitor/Inbound,Isle of Man:Manx Isle of Man JAN26 DEC26,01-JAN-2026,31-DEC-2026,United Kingdom,Isle of Man,End of Agreement,Voice,MO,"Single Rate Effective (Voice, SMS, Data, VoLTE)","GBRME, GBROR",GBRMT,0.08570,Value,Gross,GBP,No-Balancing,Actual,,,,01-JAN-26,31-DEC-26,,,,,,,,,,MULTI,Costa Rica,,,,,ALL
Visitor/Inbound,Isle of Man:Manx Isle of Man JAN26 DEC26,01-JAN-2026,31-DEC-2026,United Kingdom,Isle of Man,End of Agreement,Voice,MO,"Single Rate Effective (Voice, SMS, Data, VoLTE)","GBRME, GBROR",GBRMT,0.08570,Value,Gross,GBP,No-Balancing,Actual,,,,01-JAN-26,31-DEC-26,,,,,,,,,,MULTI,Cook Islands,,,,,ALL
Visitor/Inbound,Isle of Man:Manx Isle of Man JAN26 DEC26,01-JAN-2026,31-DEC-2026,United Kingdom,Isle of Man,End of Agreement,Voice,MO,"Single Rate Effective (Voice, SMS, Data, VoLTE)","GBRME, GBROR",GBRMT,0.08570,Value,Gross,GBP,No-Balancing,Actual,,,,01-JAN-26,31-DEC-26,,,,,,,,,,MULTI,"Congo, the Democratic Republic of the",,,,,ALL
Visitor/Inbound,Isle of Man:Manx Isle of Man JAN26 DEC26,01-JAN-2026,31-DEC-2026,United Kingdom,Isle of Man,End of Agreement,Voice,MO,"Single Rate Effective (Voice, SMS, Data, VoLTE)","GBRME, GBROR",GBRMT,0.08570,Value,Gross,GBP,No-Balancing,Actual,,,,01-JAN-26,31-DEC-26,,,,,,,,,,MULTI,Congo,,,,,ALL
Visitor/Inbound,Isle of Man:Manx Isle of Man JAN26 DEC26,01-JAN-2026,31-DEC-2026,United Kingdom,Isle of Man,End of Agreement,Voice,MO,"Single Rate Effective (Voice, SMS, Data, VoLTE)","GBRME, GBROR",GBRMT,0.08570,Value,Gross,GBP,No-Balancing,Actual,,,,01-JAN-26,31-DEC-26,,,,,,,,,,MULTI,Comoros,,,,,ALL
Visitor/Inbound,Isle of Man:Manx Isle of Man JAN26 DEC26,01-JAN-2026,31-DEC-2026,United Kingdom,Isle of Man,End of Agreement,Voice,MO,"Single Rate Effective (Voice, SMS, Data, VoLTE)","GBRME, GBROR",GBRMT,0.08570,Value,Gross,GBP,No-Balancing,Actual,,,,01-JAN-26,31-DEC-26,,,,,,,,,,MULTI,Colombia,,,,,ALL
Visitor/Inbound,Isle of Man:Manx Isle of Man JAN26 DEC26,01-JAN-2026,31-DEC-2026,United Kingdom,Isle of Man,End of Agreement,Voice,MO,"Single Rate Effective (Voice, SMS, Data, VoLTE)","GBRME, GBROR",GBRMT,0.08570,Value,Gross,GBP,No-Balancing,Actual,,,,01-JAN-26,31-DEC-26,,,,,,,,,,MULTI,Cocos (Keeling) Islands,,,,,ALL
Visitor/Inbound,Isle of Man:Manx Isle of Man JAN26 DEC26,01-JAN-2026,31-DEC-2026,United Kingdom,Isle of Man,End of Agreement,Voice,MO,"Single Rate Effective (Voice, SMS, Data, VoLTE)","GBRME, GBROR",GBRMT,0.08570,Value,Gross,GBP,No-Balancing,Actual,,,,01-JAN-26,31-DEC-26,,,,,,,,,,MULTI,Christmas Island,,,,,ALL
Visitor/Inbound,Isle of Man:Manx Isle of Man JAN26 DEC26,01-JAN-2026,31-DEC-2026,United Kingdom,Isle of Man,End of Agreement,Voice,MO,"Single Rate Effective (Voice, SMS, Data, VoLTE)","GBRME, GBROR",GBRMT,0.08570,Value,Gross,GBP,No-Balancing,Actual,,,,01-JAN-26,31-DEC-26,,,,,,,,,,MULTI,China,,,,,ALL
Visitor/Inbound,Isle of Man:Manx Isle of Man JAN26 DEC26,01-JAN-2026,31-DEC-2026,United Kingdom,Isle of Man,End of Agreement,Voice,MO,"Single Rate Effective (Voice, SMS, Data, VoLTE)","GBRME, GBROR",GBRMT,0.08570,Value,Gross,GBP,No-Balancing,Actual,,,,01-JAN-26,31-DEC-26,,,,,,,,,,MULTI,Chile,,,,,ALL
Visitor/Inbound,Isle of Man:Manx Isle of Man JAN26 DEC26,01-JAN-2026,31-DEC-2026,United Kingdom,Isle of Man,End of Agreement,Voice,MO,"Single Rate Effective (Voice, SMS, Data, VoLTE)","GBRME, GBROR",GBRMT,0.08570,Value,Gross,GBP,No-Balancing,Actual,,,,01-JAN-26,31-DEC-26,,,,,,,,,,MULTI,Chad,,,,,ALL
Visitor/Inbound,Isle of Man:Manx Isle of Man JAN26 DEC26,01-JAN-2026,31-DEC-2026,United Kingdom,Isle of Man,End of Agreement,Voice,MO,"Single Rate Effective (Voice, SMS, Data, VoLTE)","GBRME, GBROR",GBRMT,0.08570,Value,Gross,GBP,No-Balancing,Actual,,,,01-JAN-26,31-DEC-26,,,,,,,,,,MULTI,Central African Republic,,,,,ALL
Visitor/Inbound,Isle of Man:Manx Isle of Man JAN26 DEC26,01-JAN-2026,31-DEC-2026,United Kingdom,Isle of Man,End of Agreement,Voice,MO,"Single Rate Effective (Voice, SMS, Data, VoLTE)","GBRME, GBROR",GBRMT,0.08570,Value,Gross,GBP,No-Balancing,Actual,,,,01-JAN-26,31-DEC-26,,,,,,,,,,MULTI,Cayman Islands,,,,,ALL
Visitor/Inbound,Isle of Man:Manx Isle of Man JAN26 DEC26,01-JAN-2026,31-DEC-2026,United Kingdom,Isle of Man,End of Agreement,Voice,MO,"Single Rate Effective (Voice, SMS, Data, VoLTE)","GBRME, GBROR",GBRMT,0.08570,Value,Gross,GBP,No-Balancing,Actual,,,,01-JAN-26,31-DEC-26,,,,,,,,,,MULTI,Cape Verde,,,,,ALL
Visitor/Inbound,Isle of Man:Manx Isle of Man JAN26 DEC26,01-JAN-2026,31-DEC-2026,United Kingdom,Isle of Man,End of Agreement,Voice,MO,"Single Rate Effective (Voice, SMS, Data, VoLTE)","GBRME, GBROR",GBRMT,0.08570,Value,Gross,GBP,No-Balancing,Actual,,,,01-JAN-26,31-DEC-26,,,,,,,,,,MULTI,Canada,,,,,ALL
Visitor/Inbound,Isle of Man:Manx Isle of Man JAN26 DEC26,01-JAN-2026,31-DEC-2026,United Kingdom,Isle of Man,End of Agreement,Voice,MO,"Single Rate Effective (Voice, SMS, Data, VoLTE)","GBRME, GBROR",GBRMT,0.08570,Value,Gross,GBP,No-Balancing,Actual,,,,01-JAN-26,31-DEC-26,,,,,,,,,,MULTI,Cameroon,,,,,ALL
Visitor/Inbound,Isle of Man:Manx Isle of Man JAN26 DEC26,01-JAN-2026,31-DEC-2026,United Kingdom,Isle of Man,End of Agreement,Voice,MO,"Single Rate Effective (Voice, SMS, Data, VoLTE)","GBRME, GBROR",GBRMT,0.08570,Value,Gross,GBP,No-Balancing,Actual,,,,01-JAN-26,31-DEC-26,,,,,,,,,,MULTI,Cambodia,,,,,ALL
Visitor/Inbound,Isle of Man:Manx Isle of Man JAN26 DEC26,01-JAN-2026,31-DEC-2026,United Kingdom,Isle of Man,End of Agreement,Voice,MO,"Single Rate Effective (Voice, SMS, Data, VoLTE)","GBRME, GBROR",GBRMT,0.08570,Value,Gross,GBP,No-Balancing,Actual,,,,01-JAN-26,31-DEC-26,,,,,,,,,,MULTI,Burundi,,,,,ALL
Visitor/Inbound,Isle of Man:Manx Isle of Man JAN26 DEC26,01-JAN-2026,31-DEC-2026,United Kingdom,Isle of Man,End of Agreement,Voice,MO,"Single Rate Effective (Voice, SMS, Data, VoLTE)","GBRME, GBROR",GBRMT,0.08570,Value,Gross,GBP,No-Balancing,Actual,,,,01-JAN-26,31-DEC-26,,,,,,,,,,MULTI,Burkina Faso,,,,,ALL
Visitor/Inbound,Isle of Man:Manx Isle of Man JAN26 DEC26,01-JAN-2026,31-DEC-2026,United Kingdom,Isle of Man,End of Agreement,Voice,MO,"Single Rate Effective (Voice, SMS, Data, VoLTE)","GBRME, GBROR",GBRMT,0.08570,Value,Gross,GBP,No-Balancing,Actual,,,,01-JAN-26,31-DEC-26,,,,,,,,,,MULTI,Brunei Darussalam,,,,,ALL
Visitor/Inbound,Isle of Man:Manx Isle of Man JAN26 DEC26,01-JAN-2026,31-DEC-2026,United Kingdom,Isle of Man,End of Agreement,Voice,MO,"Single Rate Effective (Voice, SMS, Data, VoLTE)","GBRME, GBROR",GBRMT,0.08570,Value,Gross,GBP,No-Balancing,Actual,,,,01-JAN-26,31-DEC-26,,,,,,,,,,MULTI,British Indian Ocean Territory,,,,,ALL
Visitor/Inbound,Isle of Man:Manx Isle of Man JAN26 DEC26,01-JAN-2026,31-DEC-2026,United Kingdom,Isle of Man,End of Agreement,Voice,MO,"Single Rate Effective (Voice, SMS, Data, VoLTE)","GBRME, GBROR",GBRMT,0.08570,Value,Gross,GBP,No-Balancing,Actual,,,,01-JAN-26,31-DEC-26,,,,,,,,,,MULTI,Brazil,,,,,ALL
Visitor/Inbound,Isle of Man:Manx Isle of Man JAN26 DEC26,01-JAN-2026,31-DEC-2026,United Kingdom,Isle of Man,End of Agreement,Voice,MO,"Single Rate Effective (Voice, SMS, Data, VoLTE)","GBRME, GBROR",GBRMT,0.08570,Value,Gross,GBP,No-Balancing,Actual,,,,01-JAN-26,31-DEC-26,,,,,,,,,,MULTI,Botswana,,,,,ALL
Visitor/Inbound,Isle of Man:Manx Isle of Man JAN26 DEC26,01-JAN-2026,31-DEC-2026,United Kingdom,Isle of Man,End of Agreement,Voice,MO,"Single Rate Effective (Voice, SMS, Data, VoLTE)","GBRME, GBROR",GBRMT,0.08570,Value,Gross,GBP,No-Balancing,Actual,,,,01-JAN-26,31-DEC-26,,,,,,,,,,MULTI,Bosnia and Herzegovina,,,,,ALL
Visitor/Inbound,Isle of Man:Manx Isle of Man JAN26 DEC26,01-JAN-2026,31-DEC-2026,United Kingdom,Isle of Man,End of Agreement,Voice,MO,"Single Rate Effective (Voice, SMS, Data, VoLTE)","GBRME, GBROR",GBRMT,0.08570,Value,Gross,GBP,No-Balancing,Actual,,,,01-JAN-26,31-DEC-26,,,,,,,,,,MULTI,"Bonaire, Saint Eustatius and Saba",,,,,ALL
Visitor/Inbound,Isle of Man:Manx Isle of Man JAN26 DEC26,01-JAN-2026,31-DEC-2026,United Kingdom,Isle of Man,End of Agreement,Voice,MO,"Single Rate Effective (Voice, SMS, Data, VoLTE)","GBRME, GBROR",GBRMT,0.08570,Value,Gross,GBP,No-Balancing,Actual,,,,01-JAN-26,31-DEC-26,,,,,,,,,,MULTI,Bolivia,,,,,ALL
Visitor/Inbound,Isle of Man:Manx Isle of Man JAN26 DEC26,01-JAN-2026,31-DEC-2026,United Kingdom,Isle of Man,End of Agreement,Voice,MO,"Single Rate Effective (Voice, SMS, Data, VoLTE)","GBRME, GBROR",GBRMT,0.08570,Value,Gross,GBP,No-Balancing,Actual,,,,01-JAN-26,31-DEC-26,,,,,,,,,,MULTI,Bhutan,,,,,ALL
Visitor/Inbound,Isle of Man:Manx Isle of Man JAN26 DEC26,01-JAN-2026,31-DEC-2026,United Kingdom,Isle of Man,End of Agreement,Voice,MO,"Single Rate Effective (Voice, SMS, Data, VoLTE)","GBRME, GBROR",GBRMT,0.08570,Value,Gross,GBP,No-Balancing,Actual,,,,01-JAN-26,31-DEC-26,,,,,,,,,,MULTI,Bermuda,,,,,ALL
Visitor/Inbound,Isle of Man:Manx Isle of Man JAN26 DEC26,01-JAN-2026,31-DEC-2026,United Kingdom,Isle of Man,End of Agreement,Voice,MO,"Single Rate Effective (Voice, SMS, Data, VoLTE)","GBRME, GBROR",GBRMT,0.08570,Value,Gross,GBP,No-Balancing,Actual,,,,01-JAN-26,31-DEC-26,,,,,,,,,,MULTI,Benin,,,,,ALL
Visitor/Inbound,Isle of Man:Manx Isle of Man JAN26 DEC26,01-JAN-2026,31-DEC-2026,United Kingdom,Isle of Man,End of Agreement,Voice,MO,"Single Rate Effective (Voice, SMS, Data, VoLTE)","GBRME, GBROR",GBRMT,0.08570,Value,Gross,GBP,No-Balancing,Actual,,,,01-JAN-26,31-DEC-26,,,,,,,,,,MULTI,Belize,,,,,ALL
Visitor/Inbound,Isle of Man:Manx Isle of Man JAN26 DEC26,01-JAN-2026,31-DEC-2026,United Kingdom,Isle of Man,End of Agreement,Voice,MO,"Single Rate Effective (Voice, SMS, Data, VoLTE)","GBRME, GBROR",GBRMT,0.08570,Value,Gross,GBP,No-Balancing,Actual,,,,01-JAN-26,31-DEC-26,,,,,,,,,,MULTI,Belarus,,,,,ALL
Visitor/Inbound,Isle of Man:Manx Isle of Man JAN26 DEC26,01-JAN-2026,31-DEC-2026,United Kingdom,Isle of Man,End of Agreement,Voice,MO,"Single Rate Effective (Voice, SMS, Data, VoLTE)","GBRME, GBROR",GBRMT,0.08570,Value,Gross,GBP,No-Balancing,Actual,,,,01-JAN-26,31-DEC-26,,,,,,,,,,MULTI,Barbados,,,,,ALL
Visitor/Inbound,Isle of Man:Manx Isle of Man JAN26 DEC26,01-JAN-2026,31-DEC-2026,United Kingdom,Isle of Man,End of Agreement,Voice,MO,"Single Rate Effective (Voice, SMS, Data, VoLTE)","GBRME, GBROR",GBRMT,0.08570,Value,Gross,GBP,No-Balancing,Actual,,,,01-JAN-26,31-DEC-26,,,,,,,,,,MULTI,Bangladesh,,,,,ALL
Visitor/Inbound,Isle of Man:Manx Isle of Man JAN26 DEC26,01-JAN-2026,31-DEC-2026,United Kingdom,Isle of Man,End of Agreement,Voice,MO,"Single Rate Effective (Voice, SMS, Data, VoLTE)","GBRME, GBROR",GBRMT,0.08570,Value,Gross,GBP,No-Balancing,Actual,,,,01-JAN-26,31-DEC-26,,,,,,,,,,MULTI,Bahrain,,,,,ALL
Visitor/Inbound,Isle of Man:Manx Isle of Man JAN26 DEC26,01-JAN-2026,31-DEC-2026,United Kingdom,Isle of Man,End of Agreement,Voice,MO,"Single Rate Effective (Voice, SMS, Data, VoLTE)","GBRME, GBROR",GBRMT,0.08570,Value,Gross,GBP,No-Balancing,Actual,,,,01-JAN-26,31-DEC-26,,,,,,,,,,MULTI,Bahamas,,,,,ALL
Visitor/Inbound,Isle of Man:Manx Isle of Man JAN26 DEC26,01-JAN-2026,31-DEC-2026,United Kingdom,Isle of Man,End of Agreement,Voice,MO,"Single Rate Effective (Voice, SMS, Data, VoLTE)","GBRME, GBROR",GBRMT,0.08570,Value,Gross,GBP,No-Balancing,Actual,,,,01-JAN-26,31-DEC-26,,,,,,,,,,MULTI,Azerbaijan,,,,,ALL
Visitor/Inbound,Isle of Man:Manx Isle of Man JAN26 DEC26,01-JAN-2026,31-DEC-2026,United Kingdom,Isle of Man,End of Agreement,Voice,MO,"Single Rate Effective (Voice, SMS, Data, VoLTE)","GBRME, GBROR",GBRMT,0.08570,Value,Gross,GBP,No-Balancing,Actual,,,,01-JAN-26,31-DEC-26,,,,,,,,,,MULTI,Australia,,,,,ALL
Visitor/Inbound,Isle of Man:Manx Isle of Man JAN26 DEC26,01-JAN-2026,31-DEC-2026,United Kingdom,Isle of Man,End of Agreement,Voice,MO,"Single Rate Effective (Voice, SMS, Data, VoLTE)","GBRME, GBROR",GBRMT,0.08570,Value,Gross,GBP,No-Balancing,Actual,,,,01-JAN-26,31-DEC-26,,,,,,,,,,MULTI,Ascension Island,,,,,ALL
Visitor/Inbound,Isle of Man:Manx Isle of Man JAN26 DEC26,01-JAN-2026,31-DEC-2026,United Kingdom,Isle of Man,End of Agreement,Voice,MO,"Single Rate Effective (Voice, SMS, Data, VoLTE)","GBRME, GBROR",GBRMT,0.08570,Value,Gross,GBP,No-Balancing,Actual,,,,01-JAN-26,31-DEC-26,,,,,,,,,,MULTI,Aruba,,,,,ALL
Visitor/Inbound,Isle of Man:Manx Isle of Man JAN26 DEC26,01-JAN-2026,31-DEC-2026,United Kingdom,Isle of Man,End of Agreement,Voice,MO,"Single Rate Effective (Voice, SMS, Data, VoLTE)","GBRME, GBROR",GBRMT,0.08570,Value,Gross,GBP,No-Balancing,Actual,,,,01-JAN-26,31-DEC-26,,,,,,,,,,MULTI,Armenia,,,,,ALL
Visitor/Inbound,Isle of Man:Manx Isle of Man JAN26 DEC26,01-JAN-2026,31-DEC-2026,United Kingdom,Isle of Man,End of Agreement,Voice,MO,"Single Rate Effective (Voice, SMS, Data, VoLTE)","GBRME, GBROR",GBRMT,0.08570,Value,Gross,GBP,No-Balancing,Actual,,,,01-JAN-26,31-DEC-26,,,,,,,,,,MULTI,Argentina,,,,,ALL
Visitor/Inbound,Isle of Man:Manx Isle of Man JAN26 DEC26,01-JAN-2026,31-DEC-2026,United Kingdom,Isle of Man,End of Agreement,Voice,MO,"Single Rate Effective (Voice, SMS, Data, VoLTE)","GBRME, GBROR",GBRMT,0.08570,Value,Gross,GBP,No-Balancing,Actual,,,,01-JAN-26,31-DEC-26,,,,,,,,,,MULTI,Antigua and Barbuda,,,,,ALL
Visitor/Inbound,Isle of Man:Manx Isle of Man JAN26 DEC26,01-JAN-2026,31-DEC-2026,United Kingdom,Isle of Man,End of Agreement,Voice,MO,"Single Rate Effective (Voice, SMS, Data, VoLTE)","GBRME, GBROR",GBRMT,0.08570,Value,Gross,GBP,No-Balancing,Actual,,,,01-JAN-26,31-DEC-26,,,,,,,,,,MULTI,Antartica,,,,,ALL
Visitor/Inbound,Isle of Man:Manx Isle of Man JAN26 DEC26,01-JAN-2026,31-DEC-2026,United Kingdom,Isle of Man,End of Agreement,Voice,MO,"Single Rate Effective (Voice, SMS, Data, VoLTE)","GBRME, GBROR",GBRMT,0.08570,Value,Gross,GBP,No-Balancing,Actual,,,,01-JAN-26,31-DEC-26,,,,,,,,,,MULTI,Anguilla,,,,,ALL
Visitor/Inbound,Isle of Man:Manx Isle of Man JAN26 DEC26,01-JAN-2026,31-DEC-2026,United Kingdom,Isle of Man,End of Agreement,Voice,MO,"Single Rate Effective (Voice, SMS, Data, VoLTE)","GBRME, GBROR",GBRMT,0.08570,Value,Gross,GBP,No-Balancing,Actual,,,,01-JAN-26,31-DEC-26,,,,,,,,,,MULTI,Angola,,,,,ALL
Visitor/Inbound,Isle of Man:Manx Isle of Man JAN26 DEC26,01-JAN-2026,31-DEC-2026,United Kingdom,Isle of Man,End of Agreement,Voice,MO,"Single Rate Effective (Voice, SMS, Data, VoLTE)","GBRME, GBROR",GBRMT,0.08570,Value,Gross,GBP,No-Balancing,Actual,,,,01-JAN-26,31-DEC-26,,,,,,,,,,MULTI,Andorra,,,,,ALL
Visitor/Inbound,Isle of Man:Manx Isle of Man JAN26 DEC26,01-JAN-2026,31-DEC-2026,United Kingdom,Isle of Man,End of Agreement,Voice,MO,"Single Rate Effective (Voice, SMS, Data, VoLTE)","GBRME, GBROR",GBRMT,0.08570,Value,Gross,GBP,No-Balancing,Actual,,,,01-JAN-26,31-DEC-26,,,,,,,,,,MULTI,American Samoa,,,,,ALL
Visitor/Inbound,Isle of Man:Manx Isle of Man JAN26 DEC26,01-JAN-2026,31-DEC-2026,United Kingdom,Isle of Man,End of Agreement,Voice,MO,"Single Rate Effective (Voice, SMS, Data, VoLTE)","GBRME, GBROR",GBRMT,0.08570,Value,Gross,GBP,No-Balancing,Actual,,,,01-JAN-26,31-DEC-26,,,,,,,,,,MULTI,Algeria,,,,,ALL
Visitor/Inbound,Isle of Man:Manx Isle of Man JAN26 DEC26,01-JAN-2026,31-DEC-2026,United Kingdom,Isle of Man,End of Agreement,Voice,MO,"Single Rate Effective (Voice, SMS, Data, VoLTE)","GBRME, GBROR",GBRMT,0.08570,Value,Gross,GBP,No-Balancing,Actual,,,,01-JAN-26,31-DEC-26,,,,,,,,,,MULTI,Albania,,,,,ALL
Visitor/Inbound,Isle of Man:Manx Isle of Man JAN26 DEC26,01-JAN-2026,31-DEC-2026,United Kingdom,Isle of Man,End of Agreement,Voice,MO,"Single Rate Effective (Voice, SMS, Data, VoLTE)","GBRME, GBROR",GBRMT,0.08570,Value,Gross,GBP,No-Balancing,Actual,,,,01-JAN-26,31-DEC-26,,,,,,,,,,MULTI,Afghanistan,,,,,ALL
Visitor/Inbound,Isle of Man:Manx Isle of Man JAN26 DEC26,01-JAN-2026,31-DEC-2026,United Kingdom,Isle of Man,End of Agreement,Voice,MO,"Single Rate Effective (Voice, SMS, Data, VoLTE)","GBRME, GBROR",GBRMT,0.01610,Value,Gross,GBP,No-Balancing,Actual,,,,01-JAN-26,31-DEC-26,,,,,,,,,,MULTI,United Kingdom,,,,,ALL
Visitor/Inbound,Isle of Man:Manx Isle of Man JAN26 DEC26,01-JAN-2026,31-DEC-2026,United Kingdom,Isle of Man,End of Agreement,Voice,MO,"Single Rate Effective (Voice, SMS, Data, VoLTE)","GBRME, GBROR",GBRMT,0.01610,Value,Gross,GBP,No-Balancing,Actual,,,,01-JAN-26,31-DEC-26,,,,,,,,,,MULTI,Sweden,,,,,ALL
Visitor/Inbound,Isle of Man:Manx Isle of Man JAN26 DEC26,01-JAN-2026,31-DEC-2026,United Kingdom,Isle of Man,End of Agreement,Voice,MO,"Single Rate Effective (Voice, SMS, Data, VoLTE)","GBRME, GBROR",GBRMT,0.01610,Value,Gross,GBP,No-Balancing,Actual,,,,01-JAN-26,31-DEC-26,,,,,,,,,,MULTI,Spain,,,,,ALL
Visitor/Inbound,Isle of Man:Manx Isle of Man JAN26 DEC26,01-JAN-2026,31-DEC-2026,United Kingdom,Isle of Man,End of Agreement,Voice,MO,"Single Rate Effective (Voice, SMS, Data, VoLTE)","GBRME, GBROR",GBRMT,0.01610,Value,Gross,GBP,No-Balancing,Actual,,,,01-JAN-26,31-DEC-26,,,,,,,,,,MULTI,Slovenia,,,,,ALL
Visitor/Inbound,Isle of Man:Manx Isle of Man JAN26 DEC26,01-JAN-2026,31-DEC-2026,United Kingdom,Isle of Man,End of Agreement,Voice,MO,"Single Rate Effective (Voice, SMS, Data, VoLTE)","GBRME, GBROR",GBRMT,0.01610,Value,Gross,GBP,No-Balancing,Actual,,,,01-JAN-26,31-DEC-26,,,,,,,,,,MULTI,Slovakia,,,,,ALL
Visitor/Inbound,Isle of Man:Manx Isle of Man JAN26 DEC26,01-JAN-2026,31-DEC-2026,United Kingdom,Isle of Man,End of Agreement,Voice,MO,"Single Rate Effective (Voice, SMS, Data, VoLTE)","GBRME, GBROR",GBRMT,0.01610,Value,Gross,GBP,No-Balancing,Actual,,,,01-JAN-26,31-DEC-26,,,,,,,,,,MULTI,Romania,,,,,ALL
Visitor/Inbound,Isle of Man:Manx Isle of Man JAN26 DEC26,01-JAN-2026,31-DEC-2026,United Kingdom,Isle of Man,End of Agreement,Voice,MO,"Single Rate Effective (Voice, SMS, Data, VoLTE)","GBRME, GBROR",GBRMT,0.01610,Value,Gross,GBP,No-Balancing,Actual,,,,01-JAN-26,31-DEC-26,,,,,,,,,,MULTI,Portugal,,,,,ALL
Visitor/Inbound,Isle of Man:Manx Isle of Man JAN26 DEC26,01-JAN-2026,31-DEC-2026,United Kingdom,Isle of Man,End of Agreement,Voice,MO,"Single Rate Effective (Voice, SMS, Data, VoLTE)","GBRME, GBROR",GBRMT,0.01610,Value,Gross,GBP,No-Balancing,Actual,,,,01-JAN-26,31-DEC-26,,,,,,,,,,MULTI,Poland,,,,,ALL
Visitor/Inbound,Isle of Man:Manx Isle of Man JAN26 DEC26,01-JAN-2026,31-DEC-2026,United Kingdom,Isle of Man,End of Agreement,Voice,MO,"Single Rate Effective (Voice, SMS, Data, VoLTE)","GBRME, GBROR",GBRMT,0.01610,Value,Gross,GBP,No-Balancing,Actual,,,,01-JAN-26,31-DEC-26,,,,,,,,,,MULTI,Norway,,,,,ALL
Visitor/Inbound,Isle of Man:Manx Isle of Man JAN26 DEC26,01-JAN-2026,31-DEC-2026,United Kingdom,Isle of Man,End of Agreement,Voice,MO,"Single Rate Effective (Voice, SMS, Data, VoLTE)","GBRME, GBROR",GBRMT,0.01610,Value,Gross,GBP,No-Balancing,Actual,,,,01-JAN-26,31-DEC-26,,,,,,,,,,MULTI,Netherlands,,,,,ALL
Visitor/Inbound,Isle of Man:Manx Isle of Man JAN26 DEC26,01-JAN-2026,31-DEC-2026,United Kingdom,Isle of Man,End of Agreement,Voice,MO,"Single Rate Effective (Voice, SMS, Data, VoLTE)","GBRME, GBROR",GBRMT,0.01610,Value,Gross,GBP,No-Balancing,Actual,,,,01-JAN-26,31-DEC-26,,,,,,,,,,MULTI,Malta,,,,,ALL
Visitor/Inbound,Isle of Man:Manx Isle of Man JAN26 DEC26,01-JAN-2026,31-DEC-2026,United Kingdom,Isle of Man,End of Agreement,Voice,MO,"Single Rate Effective (Voice, SMS, Data, VoLTE)","GBRME, GBROR",GBRMT,0.01610,Value,Gross,GBP,No-Balancing,Actual,,,,01-JAN-26,31-DEC-26,,,,,,,,,,MULTI,Luxembourg,,,,,ALL
Visitor/Inbound,Isle of Man:Manx Isle of Man JAN26 DEC26,01-JAN-2026,31-DEC-2026,United Kingdom,Isle of Man,End of Agreement,Voice,MO,"Single Rate Effective (Voice, SMS, Data, VoLTE)","GBRME, GBROR",GBRMT,0.01610,Value,Gross,GBP,No-Balancing,Actual,,,,01-JAN-26,31-DEC-26,,,,,,,,,,MULTI,Lithuania,,,,,ALL
Visitor/Inbound,Isle of Man:Manx Isle of Man JAN26 DEC26,01-JAN-2026,31-DEC-2026,United Kingdom,Isle of Man,End of Agreement,Voice,MO,"Single Rate Effective (Voice, SMS, Data, VoLTE)","GBRME, GBROR",GBRMT,0.01610,Value,Gross,GBP,No-Balancing,Actual,,,,01-JAN-26,31-DEC-26,,,,,,,,,,MULTI,Liechtenstein,,,,,ALL
Visitor/Inbound,Isle of Man:Manx Isle of Man JAN26 DEC26,01-JAN-2026,31-DEC-2026,United Kingdom,Isle of Man,End of Agreement,Voice,MO,"Single Rate Effective (Voice, SMS, Data, VoLTE)","GBRME, GBROR",GBRMT,0.01610,Value,Gross,GBP,No-Balancing,Actual,,,,01-JAN-26,31-DEC-26,,,,,,,,,,MULTI,Latvia,,,,,ALL
Visitor/Inbound,Isle of Man:Manx Isle of Man JAN26 DEC26,01-JAN-2026,31-DEC-2026,United Kingdom,Isle of Man,End of Agreement,Voice,MO,"Single Rate Effective (Voice, SMS, Data, VoLTE)","GBRME, GBROR",GBRMT,0.01610,Value,Gross,GBP,No-Balancing,Actual,,,,01-JAN-26,31-DEC-26,,,,,,,,,,MULTI,Italy,,,,,ALL
Visitor/Inbound,Isle of Man:Manx Isle of Man JAN26 DEC26,01-JAN-2026,31-DEC-2026,United Kingdom,Isle of Man,End of Agreement,Voice,MO,"Single Rate Effective (Voice, SMS, Data, VoLTE)","GBRME, GBROR",GBRMT,0.01610,Value,Gross,GBP,No-Balancing,Actual,,,,01-JAN-26,31-DEC-26,,,,,,,,,,MULTI,Ireland,,,,,ALL
Visitor/Inbound,Isle of Man:Manx Isle of Man JAN26 DEC26,01-JAN-2026,31-DEC-2026,United Kingdom,Isle of Man,End of Agreement,Voice,MO,"Single Rate Effective (Voice, SMS, Data, VoLTE)","GBRME, GBROR",GBRMT,0.01610,Value,Gross,GBP,No-Balancing,Actual,,,,01-JAN-26,31-DEC-26,,,,,,,,,,MULTI,Iceland,,,,,ALL
Visitor/Inbound,Isle of Man:Manx Isle of Man JAN26 DEC26,01-JAN-2026,31-DEC-2026,United Kingdom,Isle of Man,End of Agreement,Voice,MO,"Single Rate Effective (Voice, SMS, Data, VoLTE)","GBRME, GBROR",GBRMT,0.01610,Value,Gross,GBP,No-Balancing,Actual,,,,01-JAN-26,31-DEC-26,,,,,,,,,,MULTI,Hungary,,,,,ALL
Visitor/Inbound,Isle of Man:Manx Isle of Man JAN26 DEC26,01-JAN-2026,31-DEC-2026,United Kingdom,Isle of Man,End of Agreement,Voice,MO,"Single Rate Effective (Voice, SMS, Data, VoLTE)","GBRME, GBROR",GBRMT,0.01610,Value,Gross,GBP,No-Balancing,Actual,,,,01-JAN-26,31-DEC-26,,,,,,,,,,MULTI,Greece,,,,,ALL
Visitor/Inbound,Isle of Man:Manx Isle of Man JAN26 DEC26,01-JAN-2026,31-DEC-2026,United Kingdom,Isle of Man,End of Agreement,Voice,MO,"Single Rate Effective (Voice, SMS, Data, VoLTE)","GBRME, GBROR",GBRMT,0.01610,Value,Gross,GBP,No-Balancing,Actual,,,,01-JAN-26,31-DEC-26,,,,,,,,,,MULTI,Gibraltar,,,,,ALL
Visitor/Inbound,Isle of Man:Manx Isle of Man JAN26 DEC26,01-JAN-2026,31-DEC-2026,United Kingdom,Isle of Man,End of Agreement,Voice,MO,"Single Rate Effective (Voice, SMS, Data, VoLTE)","GBRME, GBROR",GBRMT,0.01610,Value,Gross,GBP,No-Balancing,Actual,,,,01-JAN-26,31-DEC-26,,,,,,,,,,MULTI,Germany,,,,,ALL
Visitor/Inbound,Isle of Man:Manx Isle of Man JAN26 DEC26,01-JAN-2026,31-DEC-2026,United Kingdom,Isle of Man,End of Agreement,Voice,MO,"Single Rate Effective (Voice, SMS, Data, VoLTE)","GBRME, GBROR",GBRMT,0.01610,Value,Gross,GBP,No-Balancing,Actual,,,,01-JAN-26,31-DEC-26,,,,,,,,,,MULTI,France,,,,,ALL
Visitor/Inbound,Isle of Man:Manx Isle of Man JAN26 DEC26,01-JAN-2026,31-DEC-2026,United Kingdom,Isle of Man,End of Agreement,Voice,MO,"Single Rate Effective (Voice, SMS, Data, VoLTE)","GBRME, GBROR",GBRMT,0.01610,Value,Gross,GBP,No-Balancing,Actual,,,,01-JAN-26,31-DEC-26,,,,,,,,,,MULTI,Finland,,,,,ALL
Visitor/Inbound,Isle of Man:Manx Isle of Man JAN26 DEC26,01-JAN-2026,31-DEC-2026,United Kingdom,Isle of Man,End of Agreement,Voice,MO,"Single Rate Effective (Voice, SMS, Data, VoLTE)","GBRME, GBROR",GBRMT,0.01610,Value,Gross,GBP,No-Balancing,Actual,,,,01-JAN-26,31-DEC-26,,,,,,,,,,MULTI,Estonia,,,,,ALL
Visitor/Inbound,Isle of Man:Manx Isle of Man JAN26 DEC26,01-JAN-2026,31-DEC-2026,United Kingdom,Isle of Man,End of Agreement,Voice,MO,"Single Rate Effective (Voice, SMS, Data, VoLTE)","GBRME, GBROR",GBRMT,0.01610,Value,Gross,GBP,No-Balancing,Actual,,,,01-JAN-26,31-DEC-26,,,,,,,,,,MULTI,Denmark,,,,,ALL
Visitor/Inbound,Isle of Man:Manx Isle of Man JAN26 DEC26,01-JAN-2026,31-DEC-2026,United Kingdom,Isle of Man,End of Agreement,Voice,MO,"Single Rate Effective (Voice, SMS, Data, VoLTE)","GBRME, GBROR",GBRMT,0.01610,Value,Gross,GBP,No-Balancing,Actual,,,,01-JAN-26,31-DEC-26,,,,,,,,,,MULTI,Czech Republic,,,,,ALL
Visitor/Inbound,Isle of Man:Manx Isle of Man JAN26 DEC26,01-JAN-2026,31-DEC-2026,United Kingdom,Isle of Man,End of Agreement,Voice,MO,"Single Rate Effective (Voice, SMS, Data, VoLTE)","GBRME, GBROR",GBRMT,0.01610,Value,Gross,GBP,No-Balancing,Actual,,,,01-JAN-26,31-DEC-26,,,,,,,,,,MULTI,Cyprus,,,,,ALL
Visitor/Inbound,Isle of Man:Manx Isle of Man JAN26 DEC26,01-JAN-2026,31-DEC-2026,United Kingdom,Isle of Man,End of Agreement,Voice,MO,"Single Rate Effective (Voice, SMS, Data, VoLTE)","GBRME, GBROR",GBRMT,0.01610,Value,Gross,GBP,No-Balancing,Actual,,,,01-JAN-26,31-DEC-26,,,,,,,,,,MULTI,Croatia,,,,,ALL
Visitor/Inbound,Isle of Man:Manx Isle of Man JAN26 DEC26,01-JAN-2026,31-DEC-2026,United Kingdom,Isle of Man,End of Agreement,Voice,MO,"Single Rate Effective (Voice, SMS, Data, VoLTE)","GBRME, GBROR",GBRMT,0.01610,Value,Gross,GBP,No-Balancing,Actual,,,,01-JAN-26,31-DEC-26,,,,,,,,,,MULTI,Bulgaria,,,,,ALL
Visitor/Inbound,Isle of Man:Manx Isle of Man JAN26 DEC26,01-JAN-2026,31-DEC-2026,United Kingdom,Isle of Man,End of Agreement,Voice,MO,"Single Rate Effective (Voice, SMS, Data, VoLTE)","GBRME, GBROR",GBRMT,0.01610,Value,Gross,GBP,No-Balancing,Actual,,,,01-JAN-26,31-DEC-26,,,,,,,,,,MULTI,Belgium,,,,,ALL
Bi-Directional,Qatar:Ooredoo Qatar JAN26 DEC26,01-JAN-2026,31-DEC-2026,United Kingdom,Qatar,End of Agreement,Data,MB,"Send or Pay Traffic (Voice, SMS, Data, VoLTE)","GBRME, GBROR",QATQT,0.00100,Value,Gross,EUR,,Actual,"70,000,000.000",,Volume,01-JAN-26,31-DEC-26,,,,,,,,,,,,,,,,ALL
Bi-Directional,Qatar:Ooredoo Qatar JAN26 DEC26,01-JAN-2026,31-DEC-2026,United Kingdom,Qatar,End of Agreement,Data,MB,"Stepped/Tiered (Voice, SMS, Data, VoLTE)","GBRME, GBROR",QATQT,0.00100,Value,Gross,EUR,,Actual,0.000,"70,000,000.000",Volume,01-JAN-26,31-DEC-26,,,,,,,,,,,,,,,,ALL
Bi-Directional,Qatar:Ooredoo Qatar JAN26 DEC26,01-JAN-2026,31-DEC-2026,United Kingdom,Qatar,End of Agreement,Data,MB,"Stepped/Tiered (Voice, SMS, Data, VoLTE)","GBRME, GBROR",QATQT,0.00050,Value,Gross,EUR,,Actual,"70,000,000.000",,Volume,01-JAN-26,31-DEC-26,,,,,,,,,,,,,,,,ALL
Bi-Directional,Qatar:Ooredoo Qatar JAN26 DEC26,01-JAN-2026,31-DEC-2026,United Kingdom,Qatar,End of Agreement,SMS,MO,"Single Rate Effective (Voice, SMS, Data, VoLTE)","GBRME, GBROR",QATQT,0.00100,Value,Gross,EUR,,Actual,,,,01-JAN-26,31-DEC-26,,,,,,,,,,,,,,,,ALL
Bi-Directional,Qatar:Ooredoo Qatar JAN26 DEC26,01-JAN-2026,31-DEC-2026,United Kingdom,Qatar,End of Agreement,Voice,MO,"Single Rate Effective (Voice, SMS, Data, VoLTE)","GBRME, GBROR",QATQT,0.10000,Value,Gross,EUR,,Actual,,,,01-JAN-26,31-DEC-26,,,,,,,,,,,,,,,,ALL
Bi-Directional,Qatar:Ooredoo Qatar JAN26 DEC26,01-JAN-2026,31-DEC-2026,United Kingdom,Qatar,End of Agreement,Voice,MT,"Single Rate Effective (Voice, SMS, Data, VoLTE)","GBRME, GBROR",QATQT,0.00000,Value,Gross,EUR,,Actual,,,,01-JAN-26,31-DEC-26,,,,,,,,,,,,,,,,ALL
Bi-Directional,Scenario_4_Test_8,01-JAN-2026,30-JUN-2026,United Kingdom,United States,End of Agreement,Data,MB,"Single Rate Effective (Voice, SMS, Data)",GBRPR,ZZZ20,0.80000,Value,Gross,GBP,,Actual,,,,01-JAN-26,30-JUN-26,,,,,,,,,,,,,,,ALL,
Bi-Directional,Test_12,01-JAN-2026,30-JUN-2026,United Kingdom,United States,End of Agreement,Data,MB,"Single Rate Effective (Voice, SMS, Data)",GBRPR,"ZZZ20, ZZZ22",0.05000,Value,Gross,GBP,,Actual,,,,01-JAN-26,30-JUN-26,,,,,,,,,,,,,,,ALL,
Bi-Directional,test_segment_name,01-JAN-2026,31-DEC-2026,United Kingdom,Hong Kong,End of Agreement,All,All,Send or Pay Financial (All Services),"GBRME, GBROR","HKGM3, HKGMC, HKGNW, HKGTC",,Value,Gross,GBP,,Actual,"50,000.000",,Financial Commitment,01-JAN-26,31-DEC-26,,,,,,,,,,,,,,,,ALL
Bi-Directional,test_segment_name,01-JAN-2026,31-DEC-2026,United Kingdom,Hong Kong,End of Agreement,Data,MB,"Single Rate Effective (Voice, SMS, Data, VoLTE)","GBRME, GBROR","HKGM3, HKGMC, HKGNW, HKGTC",0.00300,Value,Gross,GBP,,Actual,,,,01-JAN-26,31-DEC-26,,,,,,,,,,,,,,,,GBRPR_M2M_TST
Bi-Directional,test_segment_name,01-JAN-2026,31-DEC-2026,United Kingdom,Hong Kong,End of Agreement,SMS,MO,"Single Rate Effective (Voice, SMS, Data, VoLTE)","GBRME, GBROR","HKGM3, HKGMC, HKGNW, HKGTC",0.00700,Value,Gross,GBP,,Actual,,,,01-JAN-26,31-DEC-26,,,,,,,,,,,,,,,,ALL
Bi-Directional,test_segment_name,01-JAN-2026,31-DEC-2026,United Kingdom,Hong Kong,End of Agreement,Voice,MO,"Single Rate Effective (Voice, SMS, Data, VoLTE)","GBRME, GBROR","HKGM3, HKGMC, HKGNW, HKGTC",0.09000,Value,Gross,GBP,,Actual,,,,01-JAN-26,31-DEC-26,,,,,,,,,,,,,,,,ALL
Bi-Directional,test_segment_name,01-JAN-2026,31-DEC-2026,United Kingdom,Hong Kong,End of Agreement,Voice,MT,"Single Rate Effective (Voice, SMS, Data, VoLTE)","GBRME, GBROR","HKGM3, HKGMC, HKGNW, HKGTC",0.01800,Value,Gross,GBP,,Actual,,,,01-JAN-26,31-DEC-26,,,,,,,,,,,,,,,,ALL
Bi-Directional,Angola:Unitel Angola OCT25 SEP26,01-OCT-2025,30-SEP-2026,United Kingdom,Angola,End of Agreement,Data,MB,"Single Rate Effective (Voice, SMS, Data, VoLTE)","GBRME, GBROR",AGOUT,0.50000,Value,Gross,USD,,Actual,,,,01-OCT-25,30-SEP-26,,,,,,,,,,N/A,,,,,,ALL
Bi-Directional,Angola:Unitel Angola OCT25 SEP26,01-OCT-2025,30-SEP-2026,United Kingdom,Angola,End of Agreement,SMS,MO,"Single Rate Effective (Voice, SMS, Data, VoLTE)","GBRME, GBROR",AGOUT,0.07000,Value,Gross,USD,,Actual,,,,01-OCT-25,30-SEP-26,,,,,,,,,,ALL,,,,,,ALL
Bi-Directional,Angola:Unitel Angola OCT25 SEP26,01-OCT-2025,30-SEP-2026,United Kingdom,Angola,End of Agreement,Voice,MO,"Single Rate Effective (Voice, SMS, Data, VoLTE)","GBRME, GBROR",AGOUT,1.35000,Value,Gross,USD,,Actual,,,,01-OCT-25,30-SEP-26,,,,,,,,,,HOM,,,,,,ALL
Bi-Directional,Angola:Unitel Angola OCT25 SEP26,01-OCT-2025,30-SEP-2026,United Kingdom,Angola,End of Agreement,Voice,MT,"Single Rate Effective (Voice, SMS, Data, VoLTE)","GBRME, GBROR",AGOUT,0.00000,Value,Gross,USD,,Actual,,,,01-OCT-25,30-SEP-26,,,,,,,,,,N/A,,,,,,ALL
Bi-Directional,Nepal:Ncell Nepal OCT25 SEP26,01-OCT-2025,30-SEP-2026,United Kingdom,Nepal,End of Agreement,Data,MB,"Single Rate Effective (Voice, SMS, Data, VoLTE)","GBRME, GBROR",NPLM2,0.10000,Value,Net,USD,,Actual,,,,01-OCT-25,30-SEP-26,,All,All,,,,,,,N/A,,,,,,ALL
Bi-Directional,Nepal:Ncell Nepal OCT25 SEP26,01-OCT-2025,30-SEP-2026,United Kingdom,Nepal,End of Agreement,SMS,MO,"Single Rate Effective (Voice, SMS, Data, VoLTE)","GBROR, GBRPR",NPLM2,0.05000,Value,Net,USD,,Actual,,,,01-OCT-25,30-SEP-26,,All,All,,,,,,,ALL,,,,,ALL,ALL
Bi-Directional,Nepal:Ncell Nepal OCT25 SEP26,01-OCT-2025,30-SEP-2026,United Kingdom,Nepal,End of Agreement,Voice,MO,"Single Rate Effective (Voice, SMS, Data, VoLTE)","GBRME, GBROR, GBRPR",NPLM2,0.15000,Value,Net,USD,,Actual,,,,01-OCT-25,30-SEP-26,,All,All,,,,,,,"HOM, LOC",,,,,ALL,ALL
Bi-Directional,Nepal:Ncell Nepal OCT25 SEP26,01-OCT-2025,30-SEP-2026,United Kingdom,Nepal,End of Agreement,Voice,MT,"Single Rate Effective (Voice, SMS, Data, VoLTE)","GBROR, GBRPR",NPLM2,0.05000,Value,Net,USD,,Actual,,,,01-OCT-25,30-SEP-26,,All,All,,,,,,,N/A,,,,,ALL,ALL
Bi-Directional,Nepal:Ncell Nepal OCT25 SEP26,01-OCT-2025,30-SEP-2026,United Kingdom,Nepal,End of Agreement,Voice,MO,"Single Rate Effective (Voice, SMS, Data, VoLTE)",GBRPR,NPLM2,0.50000,Value,Net,USD,,Actual,,,,01-OCT-25,30-SEP-26,,All,All,,,,,,,INT,,,,,ALL,
Bi-Directional,Telenor Maritime AS:Telenor Maritime Norway OCT25 SEP26,01-OCT-2025,30-SEP-2026,United Kingdom,Norway,End of Agreement,All,All,Send or Pay Financial (All Services),"GBRME, GBROR",NORMC,,,Gross,EUR,,Actual,"600,000.000",,Financial Commitment,01-OCT-25,30-SEP-26,,,,,,,,,,,,,,,,ALL
Customer/Outbound,Telenor Maritime AS:Telenor Maritime Norway OCT25 SEP26,01-OCT-2025,30-SEP-2026,United Kingdom,Norway,End of Agreement,Data,MB,"Stepped/Tiered (Voice, SMS, Data, VoLTE)","GBRME, GBROR",NORMC,0.35000,Value,Gross,EUR,,Billed,"2,100,000.000",,Volume,01-OCT-25,30-SEP-26,,,,,,,,,,,,,,,,ALL
Customer/Outbound,Telenor Maritime AS:Telenor Maritime Norway OCT25 SEP26,01-OCT-2025,30-SEP-2026,United Kingdom,Norway,End of Agreement,Data,MB,"Stepped/Tiered (Voice, SMS, Data, VoLTE)","GBRME, GBROR",NORMC,1.00000,Value,Gross,EUR,,Billed,0.000,"1,100,000.000",Volume,01-OCT-25,30-SEP-26,,,,,,,,,,,,,,,,ALL
Customer/Outbound,Telenor Maritime AS:Telenor Maritime Norway OCT25 SEP26,01-OCT-2025,30-SEP-2026,United Kingdom,Norway,End of Agreement,Data,MB,"Stepped/Tiered (Voice, SMS, Data, VoLTE)","GBRME, GBROR",NORMC,0.50000,Value,Gross,EUR,,Billed,"1,100,000.000","2,100,000.000",Volume,01-OCT-25,30-SEP-26,,,,,,,,,,,,,,,,ALL
Bi-Directional,"RENEWED_2025_Virgin Islands, British:Caribbean B. Virgin Islands SEP24 AUG25",01-SEP-2025,31-AUG-2026,United Kingdom,"Virgin Islands, British",End of Agreement,Data,MB,"Single Rate Effective (Voice, SMS, Data, VoLTE)","GBRME, GBROR",VGBCC,0.05000,Value,Gross,USD,,Actual,,,,01-SEP-25,31-AUG-26,,,,,,,,,,N/A,,,,,,ALL
Bi-Directional,"RENEWED_2025_Virgin Islands, British:Caribbean B. Virgin Islands SEP24 AUG25",01-SEP-2025,31-AUG-2026,United Kingdom,"Virgin Islands, British",End of Agreement,SMS,MO,"Single Rate Effective (Voice, SMS, Data, VoLTE)","GBRME, GBROR",VGBCC,0.02000,Value,Gross,USD,,Actual,,,,01-SEP-25,31-AUG-26,,,,,,,,,,ALL,,,,,,ALL
Bi-Directional,"RENEWED_2025_Virgin Islands, British:Caribbean B. Virgin Islands SEP24 AUG25",01-SEP-2025,31-AUG-2026,United Kingdom,"Virgin Islands, British",End of Agreement,Voice,MT,"Single Rate Effective (Voice, SMS, Data, VoLTE)","GBRME, GBROR",VGBCC,0.00000,Value,Gross,USD,,Actual,,,,01-SEP-25,31-AUG-26,,,,,,,,,,N/A,,,,,,ALL
Customer/Outbound,"RENEWED_2025_Virgin Islands, British:Caribbean B. Virgin Islands SEP24 AUG25",01-SEP-2025,31-AUG-2026,United Kingdom,"Virgin Islands, British",End of Agreement,Voice,MO,"Single Rate Effective (Voice, SMS, Data, VoLTE)","GBRME, GBROR",VGBCC,0.10000,Value,Gross,USD,,Actual,,,,01-SEP-25,31-AUG-26,,,,,,,,,,MULTI,Afghanistan,,,,,ALL
Customer/Outbound,"RENEWED_2025_Virgin Islands, British:Caribbean B. Virgin Islands SEP24 AUG25",01-SEP-2025,31-AUG-2026,United Kingdom,"Virgin Islands, British",End of Agreement,Voice,MO,"Single Rate Effective (Voice, SMS, Data, VoLTE)","GBRME, GBROR",VGBCC,0.10000,Value,Gross,USD,,Actual,,,,01-SEP-25,31-AUG-26,,,,,,,,,,MULTI,Zimbabwe,,,,,ALL
Customer/Outbound,"RENEWED_2025_Virgin Islands, British:Caribbean B. Virgin Islands SEP24 AUG25",01-SEP-2025,31-AUG-2026,United Kingdom,"Virgin Islands, British",End of Agreement,Voice,MO,"Single Rate Effective (Voice, SMS, Data, VoLTE)","GBRME, GBROR",VGBCC,0.10000,Value,Gross,USD,,Actual,,,,01-SEP-25,31-AUG-26,,,,,,,,,,MULTI,Zambia,,,,,ALL
Customer/Outbound,"RENEWED_2025_Virgin Islands, British:Caribbean B. Virgin Islands SEP24 AUG25",01-SEP-2025,31-AUG-2026,United Kingdom,"Virgin Islands, British",End of Agreement,Voice,MO,"Single Rate Effective (Voice, SMS, Data, VoLTE)","GBRME, GBROR",VGBCC,0.10000,Value,Gross,USD,,Actual,,,,01-SEP-25,31-AUG-26,,,,,,,,,,MULTI,Yemen,,,,,ALL
Customer/Outbound,"RENEWED_2025_Virgin Islands, British:Caribbean B. Virgin Islands SEP24 AUG25",01-SEP-2025,31-AUG-2026,United Kingdom,"Virgin Islands, British",End of Agreement,Voice,MO,"Single Rate Effective (Voice, SMS, Data, VoLTE)","GBRME, GBROR",VGBCC,0.10000,Value,Gross,USD,,Actual,,,,01-SEP-25,31-AUG-26,,,,,,,,,,MULTI,Western Sahara,,,,,ALL
Customer/Outbound,"RENEWED_2025_Virgin Islands, British:Caribbean B. Virgin Islands SEP24 AUG25",01-SEP-2025,31-AUG-2026,United Kingdom,"Virgin Islands, British",End of Agreement,Voice,MO,"Single Rate Effective (Voice, SMS, Data, VoLTE)","GBRME, GBROR",VGBCC,0.10000,Value,Gross,USD,,Actual,,,,01-SEP-25,31-AUG-26,,,,,,,,,,MULTI,Wallis and Futuna,,,,,ALL
Customer/Outbound,"RENEWED_2025_Virgin Islands, British:Caribbean B. Virgin Islands SEP24 AUG25",01-SEP-2025,31-AUG-2026,United Kingdom,"Virgin Islands, British",End of Agreement,Voice,MO,"Single Rate Effective (Voice, SMS, Data, VoLTE)","GBRME, GBROR",VGBCC,0.10000,Value,Gross,USD,,Actual,,,,01-SEP-25,31-AUG-26,,,,,,,,,,MULTI,"Virgin Islands, U.S.",,,,,ALL
Customer/Outbound,"RENEWED_2025_Virgin Islands, British:Caribbean B. Virgin Islands SEP24 AUG25",01-SEP-2025,31-AUG-2026,United Kingdom,"Virgin Islands, British",End of Agreement,Voice,MO,"Single Rate Effective (Voice, SMS, Data, VoLTE)","GBRME, GBROR",VGBCC,0.10000,Value,Gross,USD,,Actual,,,,01-SEP-25,31-AUG-26,,,,,,,,,,MULTI,"Virgin Islands, British",,,,,ALL
Customer/Outbound,"RENEWED_2025_Virgin Islands, British:Caribbean B. Virgin Islands SEP24 AUG25",01-SEP-2025,31-AUG-2026,United Kingdom,"Virgin Islands, British",End of Agreement,Voice,MO,"Single Rate Effective (Voice, SMS, Data, VoLTE)","GBRME, GBROR",VGBCC,0.10000,Value,Gross,USD,,Actual,,,,01-SEP-25,31-AUG-26,,,,,,,,,,MULTI,Viet Nam,,,,,ALL
Customer/Outbound,"RENEWED_2025_Virgin Islands, British:Caribbean B. Virgin Islands SEP24 AUG25",01-SEP-2025,31-AUG-2026,United Kingdom,"Virgin Islands, British",End of Agreement,Voice,MO,"Single Rate Effective (Voice, SMS, Data, VoLTE)","GBRME, GBROR",VGBCC,0.10000,Value,Gross,USD,,Actual,,,,01-SEP-25,31-AUG-26,,,,,,,,,,MULTI,Venezuela,,,,,ALL
Customer/Outbound,"RENEWED_2025_Virgin Islands, British:Caribbean B. Virgin Islands SEP24 AUG25",01-SEP-2025,31-AUG-2026,United Kingdom,"Virgin Islands, British",End of Agreement,Voice,MO,"Single Rate Effective (Voice, SMS, Data, VoLTE)","GBRME, GBROR",VGBCC,0.10000,Value,Gross,USD,,Actual,,,,01-SEP-25,31-AUG-26,,,,,,,,,,MULTI,Vanuatu,,,,,ALL
Customer/Outbound,"RENEWED_2025_Virgin Islands, British:Caribbean B. Virgin Islands SEP24 AUG25",01-SEP-2025,31-AUG-2026,United Kingdom,"Virgin Islands, British",End of Agreement,Voice,MO,"Single Rate Effective (Voice, SMS, Data, VoLTE)","GBRME, GBROR",VGBCC,0.10000,Value,Gross,USD,,Actual,,,,01-SEP-25,31-AUG-26,,,,,,,,,,MULTI,Uzbekistan,,,,,ALL
Customer/Outbound,"RENEWED_2025_Virgin Islands, British:Caribbean B. Virgin Islands SEP24 AUG25",01-SEP-2025,31-AUG-2026,United Kingdom,"Virgin Islands, British",End of Agreement,Voice,MO,"Single Rate Effective (Voice, SMS, Data, VoLTE)","GBRME, GBROR",VGBCC,0.10000,Value,Gross,USD,,Actual,,,,01-SEP-25,31-AUG-26,,,,,,,,,,MULTI,Uruguay,,,,,ALL
Customer/Outbound,"RENEWED_2025_Virgin Islands, British:Caribbean B. Virgin Islands SEP24 AUG25",01-SEP-2025,31-AUG-2026,United Kingdom,"Virgin Islands, British",End of Agreement,Voice,MO,"Single Rate Effective (Voice, SMS, Data, VoLTE)","GBRME, GBROR",VGBCC,0.10000,Value,Gross,USD,,Actual,,,,01-SEP-25,31-AUG-26,,,,,,,,,,MULTI,United States Minor Outlying Islands,,,,,ALL
Customer/Outbound,"RENEWED_2025_Virgin Islands, British:Caribbean B. Virgin Islands SEP24 AUG25",01-SEP-2025,31-AUG-2026,United Kingdom,"Virgin Islands, British",End of Agreement,Voice,MO,"Single Rate Effective (Voice, SMS, Data, VoLTE)","GBRME, GBROR",VGBCC,0.10000,Value,Gross,USD,,Actual,,,,01-SEP-25,31-AUG-26,,,,,,,,,,MULTI,United States,,,,,ALL
Customer/Outbound,"RENEWED_2025_Virgin Islands, British:Caribbean B. Virgin Islands SEP24 AUG25",01-SEP-2025,31-AUG-2026,United Kingdom,"Virgin Islands, British",End of Agreement,Voice,MO,"Single Rate Effective (Voice, SMS, Data, VoLTE)","GBRME, GBROR",VGBCC,0.10000,Value,Gross,USD,,Actual,,,,01-SEP-25,31-AUG-26,,,,,,,,,,MULTI,United Kingdom,,,,,ALL
Customer/Outbound,"RENEWED_2025_Virgin Islands, British:Caribbean B. Virgin Islands SEP24 AUG25",01-SEP-2025,31-AUG-2026,United Kingdom,"Virgin Islands, British",End of Agreement,Voice,MO,"Single Rate Effective (Voice, SMS, Data, VoLTE)","GBRME, GBROR",VGBCC,0.10000,Value,Gross,USD,,Actual,,,,01-SEP-25,31-AUG-26,,,,,,,,,,MULTI,United Arab Emirates,,,,,ALL
Customer/Outbound,"RENEWED_2025_Virgin Islands, British:Caribbean B. Virgin Islands SEP24 AUG25",01-SEP-2025,31-AUG-2026,United Kingdom,"Virgin Islands, British",End of Agreement,Voice,MO,"Single Rate Effective (Voice, SMS, Data, VoLTE)","GBRME, GBROR",VGBCC,0.10000,Value,Gross,USD,,Actual,,,,01-SEP-25,31-AUG-26,,,,,,,,,,MULTI,Ukraine,,,,,ALL
Customer/Outbound,"RENEWED_2025_Virgin Islands, British:Caribbean B. Virgin Islands SEP24 AUG25",01-SEP-2025,31-AUG-2026,United Kingdom,"Virgin Islands, British",End of Agreement,Voice,MO,"Single Rate Effective (Voice, SMS, Data, VoLTE)","GBRME, GBROR",VGBCC,0.10000,Value,Gross,USD,,Actual,,,,01-SEP-25,31-AUG-26,,,,,,,,,,MULTI,Uganda,,,,,ALL
Customer/Outbound,"RENEWED_2025_Virgin Islands, British:Caribbean B. Virgin Islands SEP24 AUG25",01-SEP-2025,31-AUG-2026,United Kingdom,"Virgin Islands, British",End of Agreement,Voice,MO,"Single Rate Effective (Voice, SMS, Data, VoLTE)","GBRME, GBROR",VGBCC,0.10000,Value,Gross,USD,,Actual,,,,01-SEP-25,31-AUG-26,,,,,,,,,,MULTI,Tuvalu,,,,,ALL
Customer/Outbound,"RENEWED_2025_Virgin Islands, British:Caribbean B. Virgin Islands SEP24 AUG25",01-SEP-2025,31-AUG-2026,United Kingdom,"Virgin Islands, British",End of Agreement,Voice,MO,"Single Rate Effective (Voice, SMS, Data, VoLTE)","GBRME, GBROR",VGBCC,0.10000,Value,Gross,USD,,Actual,,,,01-SEP-25,31-AUG-26,,,,,,,,,,MULTI,Turks and Caicos Islands,,,,,ALL
Customer/Outbound,"RENEWED_2025_Virgin Islands, British:Caribbean B. Virgin Islands SEP24 AUG25",01-SEP-2025,31-AUG-2026,United Kingdom,"Virgin Islands, British",End of Agreement,Voice,MO,"Single Rate Effective (Voice, SMS, Data, VoLTE)","GBRME, GBROR",VGBCC,0.10000,Value,Gross,USD,,Actual,,,,01-SEP-25,31-AUG-26,,,,,,,,,,MULTI,Turkmenistan,,,,,ALL
Customer/Outbound,"RENEWED_2025_Virgin Islands, British:Caribbean B. Virgin Islands SEP24 AUG25",01-SEP-2025,31-AUG-2026,United Kingdom,"Virgin Islands, British",End of Agreement,Voice,MO,"Single Rate Effective (Voice, SMS, Data, VoLTE)","GBRME, GBROR",VGBCC,0.10000,Value,Gross,USD,,Actual,,,,01-SEP-25,31-AUG-26,,,,,,,,,,MULTI,Turkey,,,,,ALL
Customer/Outbound,"RENEWED_2025_Virgin Islands, British:Caribbean B. Virgin Islands SEP24 AUG25",01-SEP-2025,31-AUG-2026,United Kingdom,"Virgin Islands, British",End of Agreement,Voice,MO,"Single Rate Effective (Voice, SMS, Data, VoLTE)","GBRME, GBROR",VGBCC,0.10000,Value,Gross,USD,,Actual,,,,01-SEP-25,31-AUG-26,,,,,,,,,,MULTI,Tunisia,,,,,ALL
Customer/Outbound,"RENEWED_2025_Virgin Islands, British:Caribbean B. Virgin Islands SEP24 AUG25",01-SEP-2025,31-AUG-2026,United Kingdom,"Virgin Islands, British",End of Agreement,Voice,MO,"Single Rate Effective (Voice, SMS, Data, VoLTE)","GBRME, GBROR",VGBCC,0.10000,Value,Gross,USD,,Actual,,,,01-SEP-25,31-AUG-26,,,,,,,,,,MULTI,Trinidad and Tobago,,,,,ALL
Customer/Outbound,"RENEWED_2025_Virgin Islands, British:Caribbean B. Virgin Islands SEP24 AUG25",01-SEP-2025,31-AUG-2026,United Kingdom,"Virgin Islands, British",End of Agreement,Voice,MO,"Single Rate Effective (Voice, SMS, Data, VoLTE)","GBRME, GBROR",VGBCC,0.10000,Value,Gross,USD,,Actual,,,,01-SEP-25,31-AUG-26,,,,,,,,,,MULTI,Tonga,,,,,ALL
Customer/Outbound,"RENEWED_2025_Virgin Islands, British:Caribbean B. Virgin Islands SEP24 AUG25",01-SEP-2025,31-AUG-2026,United Kingdom,"Virgin Islands, British",End of Agreement,Voice,MO,"Single Rate Effective (Voice, SMS, Data, VoLTE)","GBRME, GBROR",VGBCC,0.10000,Value,Gross,USD,,Actual,,,,01-SEP-25,31-AUG-26,,,,,,,,,,MULTI,Tokelau,,,,,ALL
Customer/Outbound,"RENEWED_2025_Virgin Islands, British:Caribbean B. Virgin Islands SEP24 AUG25",01-SEP-2025,31-AUG-2026,United Kingdom,"Virgin Islands, British",End of Agreement,Voice,MO,"Single Rate Effective (Voice, SMS, Data, VoLTE)","GBRME, GBROR",VGBCC,0.10000,Value,Gross,USD,,Actual,,,,01-SEP-25,31-AUG-26,,,,,,,,,,MULTI,Togo,,,,,ALL
Customer/Outbound,"RENEWED_2025_Virgin Islands, British:Caribbean B. Virgin Islands SEP24 AUG25",01-SEP-2025,31-AUG-2026,United Kingdom,"Virgin Islands, British",End of Agreement,Voice,MO,"Single Rate Effective (Voice, SMS, Data, VoLTE)","GBRME, GBROR",VGBCC,0.10000,Value,Gross,USD,,Actual,,,,01-SEP-25,31-AUG-26,,,,,,,,,,MULTI,Thailand,,,,,ALL
Customer/Outbound,"RENEWED_2025_Virgin Islands, British:Caribbean B. Virgin Islands SEP24 AUG25",01-SEP-2025,31-AUG-2026,United Kingdom,"Virgin Islands, British",End of Agreement,Voice,MO,"Single Rate Effective (Voice, SMS, Data, VoLTE)","GBRME, GBROR",VGBCC,0.10000,Value,Gross,USD,,Actual,,,,01-SEP-25,31-AUG-26,,,,,,,,,,MULTI,"Tanzania, United Republic of",,,,,ALL
Customer/Outbound,"RENEWED_2025_Virgin Islands, British:Caribbean B. Virgin Islands SEP24 AUG25",01-SEP-2025,31-AUG-2026,United Kingdom,"Virgin Islands, British",End of Agreement,Voice,MO,"Single Rate Effective (Voice, SMS, Data, VoLTE)","GBRME, GBROR",VGBCC,0.10000,Value,Gross,USD,,Actual,,,,01-SEP-25,31-AUG-26,,,,,,,,,,MULTI,Tajikistan,,,,,ALL
Customer/Outbound,"RENEWED_2025_Virgin Islands, British:Caribbean B. Virgin Islands SEP24 AUG25",01-SEP-2025,31-AUG-2026,United Kingdom,"Virgin Islands, British",End of Agreement,Voice,MO,"Single Rate Effective (Voice, SMS, Data, VoLTE)","GBRME, GBROR",VGBCC,0.10000,Value,Gross,USD,,Actual,,,,01-SEP-25,31-AUG-26,,,,,,,,,,MULTI,"Taiwan, Province of China",,,,,ALL
Customer/Outbound,"RENEWED_2025_Virgin Islands, British:Caribbean B. Virgin Islands SEP24 AUG25",01-SEP-2025,31-AUG-2026,United Kingdom,"Virgin Islands, British",End of Agreement,Voice,MO,"Single Rate Effective (Voice, SMS, Data, VoLTE)","GBRME, GBROR",VGBCC,0.10000,Value,Gross,USD,,Actual,,,,01-SEP-25,31-AUG-26,,,,,,,,,,MULTI,Syrian Arab Republic,,,,,ALL
Customer/Outbound,"RENEWED_2025_Virgin Islands, British:Caribbean B. Virgin Islands SEP24 AUG25",01-SEP-2025,31-AUG-2026,United Kingdom,"Virgin Islands, British",End of Agreement,Voice,MO,"Single Rate Effective (Voice, SMS, Data, VoLTE)","GBRME, GBROR",VGBCC,0.10000,Value,Gross,USD,,Actual,,,,01-SEP-25,31-AUG-26,,,,,,,,,,MULTI,Switzerland,,,,,ALL
Customer/Outbound,"RENEWED_2025_Virgin Islands, British:Caribbean B. Virgin Islands SEP24 AUG25",01-SEP-2025,31-AUG-2026,United Kingdom,"Virgin Islands, British",End of Agreement,Voice,MO,"Single Rate Effective (Voice, SMS, Data, VoLTE)","GBRME, GBROR",VGBCC,0.10000,Value,Gross,USD,,Actual,,,,01-SEP-25,31-AUG-26,,,,,,,,,,MULTI,Sweden,,,,,ALL
Customer/Outbound,"RENEWED_2025_Virgin Islands, British:Caribbean B. Virgin Islands SEP24 AUG25",01-SEP-2025,31-AUG-2026,United Kingdom,"Virgin Islands, British",End of Agreement,Voice,MO,"Single Rate Effective (Voice, SMS, Data, VoLTE)","GBRME, GBROR",VGBCC,0.10000,Value,Gross,USD,,Actual,,,,01-SEP-25,31-AUG-26,,,,,,,,,,MULTI,Swaziland,,,,,ALL
Customer/Outbound,"RENEWED_2025_Virgin Islands, British:Caribbean B. Virgin Islands SEP24 AUG25",01-SEP-2025,31-AUG-2026,United Kingdom,"Virgin Islands, British",End of Agreement,Voice,MO,"Single Rate Effective (Voice, SMS, Data, VoLTE)","GBRME, GBROR",VGBCC,0.10000,Value,Gross,USD,,Actual,,,,01-SEP-25,31-AUG-26,,,,,,,,,,MULTI,Svalbard,,,,,ALL
Customer/Outbound,"RENEWED_2025_Virgin Islands, British:Caribbean B. Virgin Islands SEP24 AUG25",01-SEP-2025,31-AUG-2026,United Kingdom,"Virgin Islands, British",End of Agreement,Voice,MO,"Single Rate Effective (Voice, SMS, Data, VoLTE)","GBRME, GBROR",VGBCC,0.10000,Value,Gross,USD,,Actual,,,,01-SEP-25,31-AUG-26,,,,,,,,,,MULTI,Suriname,,,,,ALL
Customer/Outbound,"RENEWED_2025_Virgin Islands, British:Caribbean B. Virgin Islands SEP24 AUG25",01-SEP-2025,31-AUG-2026,United Kingdom,"Virgin Islands, British",End of Agreement,Voice,MO,"Single Rate Effective (Voice, SMS, Data, VoLTE)","GBRME, GBROR",VGBCC,0.10000,Value,Gross,USD,,Actual,,,,01-SEP-25,31-AUG-26,,,,,,,,,,MULTI,Sudan,,,,,ALL
Customer/Outbound,"RENEWED_2025_Virgin Islands, British:Caribbean B. Virgin Islands SEP24 AUG25",01-SEP-2025,31-AUG-2026,United Kingdom,"Virgin Islands, British",End of Agreement,Voice,MO,"Single Rate Effective (Voice, SMS, Data, VoLTE)","GBRME, GBROR",VGBCC,0.10000,Value,Gross,USD,,Actual,,,,01-SEP-25,31-AUG-26,,,,,,,,,,MULTI,Sri Lanka,,,,,ALL
Customer/Outbound,"RENEWED_2025_Virgin Islands, British:Caribbean B. Virgin Islands SEP24 AUG25",01-SEP-2025,31-AUG-2026,United Kingdom,"Virgin Islands, British",End of Agreement,Voice,MO,"Single Rate Effective (Voice, SMS, Data, VoLTE)","GBRME, GBROR",VGBCC,0.10000,Value,Gross,USD,,Actual,,,,01-SEP-25,31-AUG-26,,,,,,,,,,MULTI,Spain,,,,,ALL
Customer/Outbound,"RENEWED_2025_Virgin Islands, British:Caribbean B. Virgin Islands SEP24 AUG25",01-SEP-2025,31-AUG-2026,United Kingdom,"Virgin Islands, British",End of Agreement,Voice,MO,"Single Rate Effective (Voice, SMS, Data, VoLTE)","GBRME, GBROR",VGBCC,0.10000,Value,Gross,USD,,Actual,,,,01-SEP-25,31-AUG-26,,,,,,,,,,MULTI,South Sudan,,,,,ALL
Customer/Outbound,"RENEWED_2025_Virgin Islands, British:Caribbean B. Virgin Islands SEP24 AUG25",01-SEP-2025,31-AUG-2026,United Kingdom,"Virgin Islands, British",End of Agreement,Voice,MO,"Single Rate Effective (Voice, SMS, Data, VoLTE)","GBRME, GBROR",VGBCC,0.10000,Value,Gross,USD,,Actual,,,,01-SEP-25,31-AUG-26,,,,,,,,,,MULTI,South Africa,,,,,ALL
Customer/Outbound,"RENEWED_2025_Virgin Islands, British:Caribbean B. Virgin Islands SEP24 AUG25",01-SEP-2025,31-AUG-2026,United Kingdom,"Virgin Islands, British",End of Agreement,Voice,MO,"Single Rate Effective (Voice, SMS, Data, VoLTE)","GBRME, GBROR",VGBCC,0.10000,Value,Gross,USD,,Actual,,,,01-SEP-25,31-AUG-26,,,,,,,,,,MULTI,Somalia,,,,,ALL
Customer/Outbound,"RENEWED_2025_Virgin Islands, British:Caribbean B. Virgin Islands SEP24 AUG25",01-SEP-2025,31-AUG-2026,United Kingdom,"Virgin Islands, British",End of Agreement,Voice,MO,"Single Rate Effective (Voice, SMS, Data, VoLTE)","GBRME, GBROR",VGBCC,0.10000,Value,Gross,USD,,Actual,,,,01-SEP-25,31-AUG-26,,,,,,,,,,MULTI,Solomon Islands,,,,,ALL
Customer/Outbound,"RENEWED_2025_Virgin Islands, British:Caribbean B. Virgin Islands SEP24 AUG25",01-SEP-2025,31-AUG-2026,United Kingdom,"Virgin Islands, British",End of Agreement,Voice,MO,"Single Rate Effective (Voice, SMS, Data, VoLTE)","GBRME, GBROR",VGBCC,0.10000,Value,Gross,USD,,Actual,,,,01-SEP-25,31-AUG-26,,,,,,,,,,MULTI,Slovenia,,,,,ALL
Customer/Outbound,"RENEWED_2025_Virgin Islands, British:Caribbean B. Virgin Islands SEP24 AUG25",01-SEP-2025,31-AUG-2026,United Kingdom,"Virgin Islands, British",End of Agreement,Voice,MO,"Single Rate Effective (Voice, SMS, Data, VoLTE)","GBRME, GBROR",VGBCC,0.10000,Value,Gross,USD,,Actual,,,,01-SEP-25,31-AUG-26,,,,,,,,,,MULTI,Slovakia,,,,,ALL
Customer/Outbound,"RENEWED_2025_Virgin Islands, British:Caribbean B. Virgin Islands SEP24 AUG25",01-SEP-2025,31-AUG-2026,United Kingdom,"Virgin Islands, British",End of Agreement,Voice,MO,"Single Rate Effective (Voice, SMS, Data, VoLTE)","GBRME, GBROR",VGBCC,0.10000,Value,Gross,USD,,Actual,,,,01-SEP-25,31-AUG-26,,,,,,,,,,MULTI,Sint Maarten,,,,,ALL
Customer/Outbound,"RENEWED_2025_Virgin Islands, British:Caribbean B. Virgin Islands SEP24 AUG25",01-SEP-2025,31-AUG-2026,United Kingdom,"Virgin Islands, British",End of Agreement,Voice,MO,"Single Rate Effective (Voice, SMS, Data, VoLTE)","GBRME, GBROR",VGBCC,0.10000,Value,Gross,USD,,Actual,,,,01-SEP-25,31-AUG-26,,,,,,,,,,MULTI,Singapore,,,,,ALL
Customer/Outbound,"RENEWED_2025_Virgin Islands, British:Caribbean B. Virgin Islands SEP24 AUG25",01-SEP-2025,31-AUG-2026,United Kingdom,"Virgin Islands, British",End of Agreement,Voice,MO,"Single Rate Effective (Voice, SMS, Data, VoLTE)","GBRME, GBROR",VGBCC,0.10000,Value,Gross,USD,,Actual,,,,01-SEP-25,31-AUG-26,,,,,,,,,,MULTI,Sierra Leone,,,,,ALL
Customer/Outbound,"RENEWED_2025_Virgin Islands, British:Caribbean B. Virgin Islands SEP24 AUG25",01-SEP-2025,31-AUG-2026,United Kingdom,"Virgin Islands, British",End of Agreement,Voice,MO,"Single Rate Effective (Voice, SMS, Data, VoLTE)","GBRME, GBROR",VGBCC,0.10000,Value,Gross,USD,,Actual,,,,01-SEP-25,31-AUG-26,,,,,,,,,,MULTI,Seychelles,,,,,ALL
Customer/Outbound,"RENEWED_2025_Virgin Islands, British:Caribbean B. Virgin Islands SEP24 AUG25",01-SEP-2025,31-AUG-2026,United Kingdom,"Virgin Islands, British",End of Agreement,Voice,MO,"Single Rate Effective (Voice, SMS, Data, VoLTE)","GBRME, GBROR",VGBCC,0.10000,Value,Gross,USD,,Actual,,,,01-SEP-25,31-AUG-26,,,,,,,,,,MULTI,Serbia,,,,,ALL
Customer/Outbound,"RENEWED_2025_Virgin Islands, British:Caribbean B. Virgin Islands SEP24 AUG25",01-SEP-2025,31-AUG-2026,United Kingdom,"Virgin Islands, British",End of Agreement,Voice,MO,"Single Rate Effective (Voice, SMS, Data, VoLTE)","GBRME, GBROR",VGBCC,0.10000,Value,Gross,USD,,Actual,,,,01-SEP-25,31-AUG-26,,,,,,,,,,MULTI,Senegal,,,,,ALL
Customer/Outbound,"RENEWED_2025_Virgin Islands, British:Caribbean B. Virgin Islands SEP24 AUG25",01-SEP-2025,31-AUG-2026,United Kingdom,"Virgin Islands, British",End of Agreement,Voice,MO,"Single Rate Effective (Voice, SMS, Data, VoLTE)","GBRME, GBROR",VGBCC,0.10000,Value,Gross,USD,,Actual,,,,01-SEP-25,31-AUG-26,,,,,,,,,,MULTI,Saudi Arabia,,,,,ALL
Customer/Outbound,"RENEWED_2025_Virgin Islands, British:Caribbean B. Virgin Islands SEP24 AUG25",01-SEP-2025,31-AUG-2026,United Kingdom,"Virgin Islands, British",End of Agreement,Voice,MO,"Single Rate Effective (Voice, SMS, Data, VoLTE)","GBRME, GBROR",VGBCC,0.10000,Value,Gross,USD,,Actual,,,,01-SEP-25,31-AUG-26,,,,,,,,,,MULTI,Satellite,,,,,ALL
Customer/Outbound,"RENEWED_2025_Virgin Islands, British:Caribbean B. Virgin Islands SEP24 AUG25",01-SEP-2025,31-AUG-2026,United Kingdom,"Virgin Islands, British",End of Agreement,Voice,MO,"Single Rate Effective (Voice, SMS, Data, VoLTE)","GBRME, GBROR",VGBCC,0.10000,Value,Gross,USD,,Actual,,,,01-SEP-25,31-AUG-26,,,,,,,,,,MULTI,Sao Tome and Principe,,,,,ALL
Customer/Outbound,"RENEWED_2025_Virgin Islands, British:Caribbean B. Virgin Islands SEP24 AUG25",01-SEP-2025,31-AUG-2026,United Kingdom,"Virgin Islands, British",End of Agreement,Voice,MO,"Single Rate Effective (Voice, SMS, Data, VoLTE)","GBRME, GBROR",VGBCC,0.10000,Value,Gross,USD,,Actual,,,,01-SEP-25,31-AUG-26,,,,,,,,,,MULTI,San Marino,,,,,ALL
Customer/Outbound,"RENEWED_2025_Virgin Islands, British:Caribbean B. Virgin Islands SEP24 AUG25",01-SEP-2025,31-AUG-2026,United Kingdom,"Virgin Islands, British",End of Agreement,Voice,MO,"Single Rate Effective (Voice, SMS, Data, VoLTE)","GBRME, GBROR",VGBCC,0.10000,Value,Gross,USD,,Actual,,,,01-SEP-25,31-AUG-26,,,,,,,,,,MULTI,Samoa,,,,,ALL
Customer/Outbound,"RENEWED_2025_Virgin Islands, British:Caribbean B. Virgin Islands SEP24 AUG25",01-SEP-2025,31-AUG-2026,United Kingdom,"Virgin Islands, British",End of Agreement,Voice,MO,"Single Rate Effective (Voice, SMS, Data, VoLTE)","GBRME, GBROR",VGBCC,0.10000,Value,Gross,USD,,Actual,,,,01-SEP-25,31-AUG-26,,,,,,,,,,MULTI,Saint Vincent and the Grenadines,,,,,ALL
Customer/Outbound,"RENEWED_2025_Virgin Islands, British:Caribbean B. Virgin Islands SEP24 AUG25",01-SEP-2025,31-AUG-2026,United Kingdom,"Virgin Islands, British",End of Agreement,Voice,MO,"Single Rate Effective (Voice, SMS, Data, VoLTE)","GBRME, GBROR",VGBCC,0.10000,Value,Gross,USD,,Actual,,,,01-SEP-25,31-AUG-26,,,,,,,,,,MULTI,Saint Pierre and Miquelon,,,,,ALL
Customer/Outbound,"RENEWED_2025_Virgin Islands, British:Caribbean B. Virgin Islands SEP24 AUG25",01-SEP-2025,31-AUG-2026,United Kingdom,"Virgin Islands, British",End of Agreement,Voice,MO,"Single Rate Effective (Voice, SMS, Data, VoLTE)","GBRME, GBROR",VGBCC,0.10000,Value,Gross,USD,,Actual,,,,01-SEP-25,31-AUG-26,,,,,,,,,,MULTI,Saint Lucia,,,,,ALL
Customer/Outbound,"RENEWED_2025_Virgin Islands, British:Caribbean B. Virgin Islands SEP24 AUG25",01-SEP-2025,31-AUG-2026,United Kingdom,"Virgin Islands, British",End of Agreement,Voice,MO,"Single Rate Effective (Voice, SMS, Data, VoLTE)","GBRME, GBROR",VGBCC,0.10000,Value,Gross,USD,,Actual,,,,01-SEP-25,31-AUG-26,,,,,,,,,,MULTI,Saint Kitts and Nevis,,,,,ALL
Customer/Outbound,"RENEWED_2025_Virgin Islands, British:Caribbean B. Virgin Islands SEP24 AUG25",01-SEP-2025,31-AUG-2026,United Kingdom,"Virgin Islands, British",End of Agreement,Voice,MO,"Single Rate Effective (Voice, SMS, Data, VoLTE)","GBRME, GBROR",VGBCC,0.10000,Value,Gross,USD,,Actual,,,,01-SEP-25,31-AUG-26,,,,,,,,,,MULTI,Saint Helena,,,,,ALL
Customer/Outbound,"RENEWED_2025_Virgin Islands, British:Caribbean B. Virgin Islands SEP24 AUG25",01-SEP-2025,31-AUG-2026,United Kingdom,"Virgin Islands, British",End of Agreement,Voice,MO,"Single Rate Effective (Voice, SMS, Data, VoLTE)","GBRME, GBROR",VGBCC,0.10000,Value,Gross,USD,,Actual,,,,01-SEP-25,31-AUG-26,,,,,,,,,,MULTI,Réunion,,,,,ALL
Customer/Outbound,"RENEWED_2025_Virgin Islands, British:Caribbean B. Virgin Islands SEP24 AUG25",01-SEP-2025,31-AUG-2026,United Kingdom,"Virgin Islands, British",End of Agreement,Voice,MO,"Single Rate Effective (Voice, SMS, Data, VoLTE)","GBRME, GBROR",VGBCC,0.10000,Value,Gross,USD,,Actual,,,,01-SEP-25,31-AUG-26,,,,,,,,,,MULTI,Rwanda,,,,,ALL
Customer/Outbound,"RENEWED_2025_Virgin Islands, British:Caribbean B. Virgin Islands SEP24 AUG25",01-SEP-2025,31-AUG-2026,United Kingdom,"Virgin Islands, British",End of Agreement,Voice,MO,"Single Rate Effective (Voice, SMS, Data, VoLTE)","GBRME, GBROR",VGBCC,0.10000,Value,Gross,USD,,Actual,,,,01-SEP-25,31-AUG-26,,,,,,,,,,MULTI,Russian Federation,,,,,ALL
Customer/Outbound,"RENEWED_2025_Virgin Islands, British:Caribbean B. Virgin Islands SEP24 AUG25",01-SEP-2025,31-AUG-2026,United Kingdom,"Virgin Islands, British",End of Agreement,Voice,MO,"Single Rate Effective (Voice, SMS, Data, VoLTE)","GBRME, GBROR",VGBCC,0.10000,Value,Gross,USD,,Actual,,,,01-SEP-25,31-AUG-26,,,,,,,,,,MULTI,Romania,,,,,ALL
Customer/Outbound,"RENEWED_2025_Virgin Islands, British:Caribbean B. Virgin Islands SEP24 AUG25",01-SEP-2025,31-AUG-2026,United Kingdom,"Virgin Islands, British",End of Agreement,Voice,MO,"Single Rate Effective (Voice, SMS, Data, VoLTE)","GBRME, GBROR",VGBCC,0.10000,Value,Gross,USD,,Actual,,,,01-SEP-25,31-AUG-26,,,,,,,,,,MULTI,Republic of North Macedonia,,,,,ALL
Customer/Outbound,"RENEWED_2025_Virgin Islands, British:Caribbean B. Virgin Islands SEP24 AUG25",01-SEP-2025,31-AUG-2026,United Kingdom,"Virgin Islands, British",End of Agreement,Voice,MO,"Single Rate Effective (Voice, SMS, Data, VoLTE)","GBRME, GBROR",VGBCC,0.10000,Value,Gross,USD,,Actual,,,,01-SEP-25,31-AUG-26,,,,,,,,,,MULTI,Qatar,,,,,ALL
Customer/Outbound,"RENEWED_2025_Virgin Islands, British:Caribbean B. Virgin Islands SEP24 AUG25",01-SEP-2025,31-AUG-2026,United Kingdom,"Virgin Islands, British",End of Agreement,Voice,MO,"Single Rate Effective (Voice, SMS, Data, VoLTE)","GBRME, GBROR",VGBCC,0.10000,Value,Gross,USD,,Actual,,,,01-SEP-25,31-AUG-26,,,,,,,,,,MULTI,Puerto Rico,,,,,ALL
Customer/Outbound,"RENEWED_2025_Virgin Islands, British:Caribbean B. Virgin Islands SEP24 AUG25",01-SEP-2025,31-AUG-2026,United Kingdom,"Virgin Islands, British",End of Agreement,Voice,MO,"Single Rate Effective (Voice, SMS, Data, VoLTE)","GBRME, GBROR",VGBCC,0.10000,Value,Gross,USD,,Actual,,,,01-SEP-25,31-AUG-26,,,,,,,,,,MULTI,Portugal,,,,,ALL
Customer/Outbound,"RENEWED_2025_Virgin Islands, British:Caribbean B. Virgin Islands SEP24 AUG25",01-SEP-2025,31-AUG-2026,United Kingdom,"Virgin Islands, British",End of Agreement,Voice,MO,"Single Rate Effective (Voice, SMS, Data, VoLTE)","GBRME, GBROR",VGBCC,0.10000,Value,Gross,USD,,Actual,,,,01-SEP-25,31-AUG-26,,,,,,,,,,MULTI,Poland,,,,,ALL
Customer/Outbound,"RENEWED_2025_Virgin Islands, British:Caribbean B. Virgin Islands SEP24 AUG25",01-SEP-2025,31-AUG-2026,United Kingdom,"Virgin Islands, British",End of Agreement,Voice,MO,"Single Rate Effective (Voice, SMS, Data, VoLTE)","GBRME, GBROR",VGBCC,0.10000,Value,Gross,USD,,Actual,,,,01-SEP-25,31-AUG-26,,,,,,,,,,MULTI,Pitcairn Group of Islands,,,,,ALL
Customer/Outbound,"RENEWED_2025_Virgin Islands, British:Caribbean B. Virgin Islands SEP24 AUG25",01-SEP-2025,31-AUG-2026,United Kingdom,"Virgin Islands, British",End of Agreement,Voice,MO,"Single Rate Effective (Voice, SMS, Data, VoLTE)","GBRME, GBROR",VGBCC,0.10000,Value,Gross,USD,,Actual,,,,01-SEP-25,31-AUG-26,,,,,,,,,,MULTI,Philippines,,,,,ALL
Customer/Outbound,"RENEWED_2025_Virgin Islands, British:Caribbean B. Virgin Islands SEP24 AUG25",01-SEP-2025,31-AUG-2026,United Kingdom,"Virgin Islands, British",End of Agreement,Voice,MO,"Single Rate Effective (Voice, SMS, Data, VoLTE)","GBRME, GBROR",VGBCC,0.10000,Value,Gross,USD,,Actual,,,,01-SEP-25,31-AUG-26,,,,,,,,,,MULTI,Peru,,,,,ALL
Customer/Outbound,"RENEWED_2025_Virgin Islands, British:Caribbean B. Virgin Islands SEP24 AUG25",01-SEP-2025,31-AUG-2026,United Kingdom,"Virgin Islands, British",End of Agreement,Voice,MO,"Single Rate Effective (Voice, SMS, Data, VoLTE)","GBRME, GBROR",VGBCC,0.10000,Value,Gross,USD,,Actual,,,,01-SEP-25,31-AUG-26,,,,,,,,,,MULTI,Paraguay,,,,,ALL
Customer/Outbound,"RENEWED_2025_Virgin Islands, British:Caribbean B. Virgin Islands SEP24 AUG25",01-SEP-2025,31-AUG-2026,United Kingdom,"Virgin Islands, British",End of Agreement,Voice,MO,"Single Rate Effective (Voice, SMS, Data, VoLTE)","GBRME, GBROR",VGBCC,0.10000,Value,Gross,USD,,Actual,,,,01-SEP-25,31-AUG-26,,,,,,,,,,MULTI,Papua New Guinea,,,,,ALL
Customer/Outbound,"RENEWED_2025_Virgin Islands, British:Caribbean B. Virgin Islands SEP24 AUG25",01-SEP-2025,31-AUG-2026,United Kingdom,"Virgin Islands, British",End of Agreement,Voice,MO,"Single Rate Effective (Voice, SMS, Data, VoLTE)","GBRME, GBROR",VGBCC,0.10000,Value,Gross,USD,,Actual,,,,01-SEP-25,31-AUG-26,,,,,,,,,,MULTI,Panama,,,,,ALL
Customer/Outbound,"RENEWED_2025_Virgin Islands, British:Caribbean B. Virgin Islands SEP24 AUG25",01-SEP-2025,31-AUG-2026,United Kingdom,"Virgin Islands, British",End of Agreement,Voice,MO,"Single Rate Effective (Voice, SMS, Data, VoLTE)","GBRME, GBROR",VGBCC,0.10000,Value,Gross,USD,,Actual,,,,01-SEP-25,31-AUG-26,,,,,,,,,,MULTI,Palestinian Territory,,,,,ALL
Customer/Outbound,"RENEWED_2025_Virgin Islands, British:Caribbean B. Virgin Islands SEP24 AUG25",01-SEP-2025,31-AUG-2026,United Kingdom,"Virgin Islands, British",End of Agreement,Voice,MO,"Single Rate Effective (Voice, SMS, Data, VoLTE)","GBRME, GBROR",VGBCC,0.10000,Value,Gross,USD,,Actual,,,,01-SEP-25,31-AUG-26,,,,,,,,,,MULTI,Palau,,,,,ALL
Customer/Outbound,"RENEWED_2025_Virgin Islands, British:Caribbean B. Virgin Islands SEP24 AUG25",01-SEP-2025,31-AUG-2026,United Kingdom,"Virgin Islands, British",End of Agreement,Voice,MO,"Single Rate Effective (Voice, SMS, Data, VoLTE)","GBRME, GBROR",VGBCC,0.10000,Value,Gross,USD,,Actual,,,,01-SEP-25,31-AUG-26,,,,,,,,,,MULTI,Pakistan,,,,,ALL
Customer/Outbound,"RENEWED_2025_Virgin Islands, British:Caribbean B. Virgin Islands SEP24 AUG25",01-SEP-2025,31-AUG-2026,United Kingdom,"Virgin Islands, British",End of Agreement,Voice,MO,"Single Rate Effective (Voice, SMS, Data, VoLTE)","GBRME, GBROR",VGBCC,0.10000,Value,Gross,USD,,Actual,,,,01-SEP-25,31-AUG-26,,,,,,,,,,MULTI,Oman,,,,,ALL
Customer/Outbound,"RENEWED_2025_Virgin Islands, British:Caribbean B. Virgin Islands SEP24 AUG25",01-SEP-2025,31-AUG-2026,United Kingdom,"Virgin Islands, British",End of Agreement,Voice,MO,"Single Rate Effective (Voice, SMS, Data, VoLTE)","GBRME, GBROR",VGBCC,0.10000,Value,Gross,USD,,Actual,,,,01-SEP-25,31-AUG-26,,,,,,,,,,MULTI,Norway,,,,,ALL
Customer/Outbound,"RENEWED_2025_Virgin Islands, British:Caribbean B. Virgin Islands SEP24 AUG25",01-SEP-2025,31-AUG-2026,United Kingdom,"Virgin Islands, British",End of Agreement,Voice,MO,"Single Rate Effective (Voice, SMS, Data, VoLTE)","GBRME, GBROR",VGBCC,0.10000,Value,Gross,USD,,Actual,,,,01-SEP-25,31-AUG-26,,,,,,,,,,MULTI,Northern Mariana Islands,,,,,ALL
Customer/Outbound,"RENEWED_2025_Virgin Islands, British:Caribbean B. Virgin Islands SEP24 AUG25",01-SEP-2025,31-AUG-2026,United Kingdom,"Virgin Islands, British",End of Agreement,Voice,MO,"Single Rate Effective (Voice, SMS, Data, VoLTE)","GBRME, GBROR",VGBCC,0.10000,Value,Gross,USD,,Actual,,,,01-SEP-25,31-AUG-26,,,,,,,,,,MULTI,Norfolk Island,,,,,ALL
Customer/Outbound,"RENEWED_2025_Virgin Islands, British:Caribbean B. Virgin Islands SEP24 AUG25",01-SEP-2025,31-AUG-2026,United Kingdom,"Virgin Islands, British",End of Agreement,Voice,MO,"Single Rate Effective (Voice, SMS, Data, VoLTE)","GBRME, GBROR",VGBCC,0.10000,Value,Gross,USD,,Actual,,,,01-SEP-25,31-AUG-26,,,,,,,,,,MULTI,Niue,,,,,ALL
Customer/Outbound,"RENEWED_2025_Virgin Islands, British:Caribbean B. Virgin Islands SEP24 AUG25",01-SEP-2025,31-AUG-2026,United Kingdom,"Virgin Islands, British",End of Agreement,Voice,MO,"Single Rate Effective (Voice, SMS, Data, VoLTE)","GBRME, GBROR",VGBCC,0.10000,Value,Gross,USD,,Actual,,,,01-SEP-25,31-AUG-26,,,,,,,,,,MULTI,Nigeria,,,,,ALL
Customer/Outbound,"RENEWED_2025_Virgin Islands, British:Caribbean B. Virgin Islands SEP24 AUG25",01-SEP-2025,31-AUG-2026,United Kingdom,"Virgin Islands, British",End of Agreement,Voice,MO,"Single Rate Effective (Voice, SMS, Data, VoLTE)","GBRME, GBROR",VGBCC,0.10000,Value,Gross,USD,,Actual,,,,01-SEP-25,31-AUG-26,,,,,,,,,,MULTI,Niger,,,,,ALL
Customer/Outbound,"RENEWED_2025_Virgin Islands, British:Caribbean B. Virgin Islands SEP24 AUG25",01-SEP-2025,31-AUG-2026,United Kingdom,"Virgin Islands, British",End of Agreement,Voice,MO,"Single Rate Effective (Voice, SMS, Data, VoLTE)","GBRME, GBROR",VGBCC,0.10000,Value,Gross,USD,,Actual,,,,01-SEP-25,31-AUG-26,,,,,,,,,,MULTI,Nicaragua,,,,,ALL
Customer/Outbound,"RENEWED_2025_Virgin Islands, British:Caribbean B. Virgin Islands SEP24 AUG25",01-SEP-2025,31-AUG-2026,United Kingdom,"Virgin Islands, British",End of Agreement,Voice,MO,"Single Rate Effective (Voice, SMS, Data, VoLTE)","GBRME, GBROR",VGBCC,0.10000,Value,Gross,USD,,Actual,,,,01-SEP-25,31-AUG-26,,,,,,,,,,MULTI,New Zealand,,,,,ALL
Customer/Outbound,"RENEWED_2025_Virgin Islands, British:Caribbean B. Virgin Islands SEP24 AUG25",01-SEP-2025,31-AUG-2026,United Kingdom,"Virgin Islands, British",End of Agreement,Voice,MO,"Single Rate Effective (Voice, SMS, Data, VoLTE)","GBRME, GBROR",VGBCC,0.10000,Value,Gross,USD,,Actual,,,,01-SEP-25,31-AUG-26,,,,,,,,,,MULTI,New Caledonia,,,,,ALL
Customer/Outbound,"RENEWED_2025_Virgin Islands, British:Caribbean B. Virgin Islands SEP24 AUG25",01-SEP-2025,31-AUG-2026,United Kingdom,"Virgin Islands, British",End of Agreement,Voice,MO,"Single Rate Effective (Voice, SMS, Data, VoLTE)","GBRME, GBROR",VGBCC,0.10000,Value,Gross,USD,,Actual,,,,01-SEP-25,31-AUG-26,,,,,,,,,,MULTI,Netherlands Antilles,,,,,ALL
Customer/Outbound,"RENEWED_2025_Virgin Islands, British:Caribbean B. Virgin Islands SEP24 AUG25",01-SEP-2025,31-AUG-2026,United Kingdom,"Virgin Islands, British",End of Agreement,Voice,MO,"Single Rate Effective (Voice, SMS, Data, VoLTE)","GBRME, GBROR",VGBCC,0.10000,Value,Gross,USD,,Actual,,,,01-SEP-25,31-AUG-26,,,,,,,,,,MULTI,Netherlands,,,,,ALL
Customer/Outbound,"RENEWED_2025_Virgin Islands, British:Caribbean B. Virgin Islands SEP24 AUG25",01-SEP-2025,31-AUG-2026,United Kingdom,"Virgin Islands, British",End of Agreement,Voice,MO,"Single Rate Effective (Voice, SMS, Data, VoLTE)","GBRME, GBROR",VGBCC,0.10000,Value,Gross,USD,,Actual,,,,01-SEP-25,31-AUG-26,,,,,,,,,,MULTI,Nepal,,,,,ALL
Customer/Outbound,"RENEWED_2025_Virgin Islands, British:Caribbean B. Virgin Islands SEP24 AUG25",01-SEP-2025,31-AUG-2026,United Kingdom,"Virgin Islands, British",End of Agreement,Voice,MO,"Single Rate Effective (Voice, SMS, Data, VoLTE)","GBRME, GBROR",VGBCC,0.10000,Value,Gross,USD,,Actual,,,,01-SEP-25,31-AUG-26,,,,,,,,,,MULTI,Nauru,,,,,ALL
Customer/Outbound,"RENEWED_2025_Virgin Islands, British:Caribbean B. Virgin Islands SEP24 AUG25",01-SEP-2025,31-AUG-2026,United Kingdom,"Virgin Islands, British",End of Agreement,Voice,MO,"Single Rate Effective (Voice, SMS, Data, VoLTE)","GBRME, GBROR",VGBCC,0.10000,Value,Gross,USD,,Actual,,,,01-SEP-25,31-AUG-26,,,,,,,,,,MULTI,Namibia,,,,,ALL
Customer/Outbound,"RENEWED_2025_Virgin Islands, British:Caribbean B. Virgin Islands SEP24 AUG25",01-SEP-2025,31-AUG-2026,United Kingdom,"Virgin Islands, British",End of Agreement,Voice,MO,"Single Rate Effective (Voice, SMS, Data, VoLTE)","GBRME, GBROR",VGBCC,0.10000,Value,Gross,USD,,Actual,,,,01-SEP-25,31-AUG-26,,,,,,,,,,MULTI,Myanmar,,,,,ALL
Customer/Outbound,"RENEWED_2025_Virgin Islands, British:Caribbean B. Virgin Islands SEP24 AUG25",01-SEP-2025,31-AUG-2026,United Kingdom,"Virgin Islands, British",End of Agreement,Voice,MO,"Single Rate Effective (Voice, SMS, Data, VoLTE)","GBRME, GBROR",VGBCC,0.10000,Value,Gross,USD,,Actual,,,,01-SEP-25,31-AUG-26,,,,,,,,,,MULTI,Mozambique,,,,,ALL
Customer/Outbound,"RENEWED_2025_Virgin Islands, British:Caribbean B. Virgin Islands SEP24 AUG25",01-SEP-2025,31-AUG-2026,United Kingdom,"Virgin Islands, British",End of Agreement,Voice,MO,"Single Rate Effective (Voice, SMS, Data, VoLTE)","GBRME, GBROR",VGBCC,0.10000,Value,Gross,USD,,Actual,,,,01-SEP-25,31-AUG-26,,,,,,,,,,MULTI,Morocco,,,,,ALL
Customer/Outbound,"RENEWED_2025_Virgin Islands, British:Caribbean B. Virgin Islands SEP24 AUG25",01-SEP-2025,31-AUG-2026,United Kingdom,"Virgin Islands, British",End of Agreement,Voice,MO,"Single Rate Effective (Voice, SMS, Data, VoLTE)","GBRME, GBROR",VGBCC,0.10000,Value,Gross,USD,,Actual,,,,01-SEP-25,31-AUG-26,,,,,,,,,,MULTI,Montserrat,,,,,ALL
Customer/Outbound,"RENEWED_2025_Virgin Islands, British:Caribbean B. Virgin Islands SEP24 AUG25",01-SEP-2025,31-AUG-2026,United Kingdom,"Virgin Islands, British",End of Agreement,Voice,MO,"Single Rate Effective (Voice, SMS, Data, VoLTE)","GBRME, GBROR",VGBCC,0.10000,Value,Gross,USD,,Actual,,,,01-SEP-25,31-AUG-26,,,,,,,,,,MULTI,Montenegro,,,,,ALL
Customer/Outbound,"RENEWED_2025_Virgin Islands, British:Caribbean B. Virgin Islands SEP24 AUG25",01-SEP-2025,31-AUG-2026,United Kingdom,"Virgin Islands, British",End of Agreement,Voice,MO,"Single Rate Effective (Voice, SMS, Data, VoLTE)","GBRME, GBROR",VGBCC,0.10000,Value,Gross,USD,,Actual,,,,01-SEP-25,31-AUG-26,,,,,,,,,,MULTI,Mongolia,,,,,ALL
Customer/Outbound,"RENEWED_2025_Virgin Islands, British:Caribbean B. Virgin Islands SEP24 AUG25",01-SEP-2025,31-AUG-2026,United Kingdom,"Virgin Islands, British",End of Agreement,Voice,MO,"Single Rate Effective (Voice, SMS, Data, VoLTE)","GBRME, GBROR",VGBCC,0.10000,Value,Gross,USD,,Actual,,,,01-SEP-25,31-AUG-26,,,,,,,,,,MULTI,Monaco,,,,,ALL
Customer/Outbound,"RENEWED_2025_Virgin Islands, British:Caribbean B. Virgin Islands SEP24 AUG25",01-SEP-2025,31-AUG-2026,United Kingdom,"Virgin Islands, British",End of Agreement,Voice,MO,"Single Rate Effective (Voice, SMS, Data, VoLTE)","GBRME, GBROR",VGBCC,0.10000,Value,Gross,USD,,Actual,,,,01-SEP-25,31-AUG-26,,,,,,,,,,MULTI,"Moldova, Republic of",,,,,ALL
Customer/Outbound,"RENEWED_2025_Virgin Islands, British:Caribbean B. Virgin Islands SEP24 AUG25",01-SEP-2025,31-AUG-2026,United Kingdom,"Virgin Islands, British",End of Agreement,Voice,MO,"Single Rate Effective (Voice, SMS, Data, VoLTE)","GBRME, GBROR",VGBCC,0.10000,Value,Gross,USD,,Actual,,,,01-SEP-25,31-AUG-26,,,,,,,,,,MULTI,"Micronesia, Federated States of",,,,,ALL
Customer/Outbound,"RENEWED_2025_Virgin Islands, British:Caribbean B. Virgin Islands SEP24 AUG25",01-SEP-2025,31-AUG-2026,United Kingdom,"Virgin Islands, British",End of Agreement,Voice,MO,"Single Rate Effective (Voice, SMS, Data, VoLTE)","GBRME, GBROR",VGBCC,0.10000,Value,Gross,USD,,Actual,,,,01-SEP-25,31-AUG-26,,,,,,,,,,MULTI,Mexico,,,,,ALL
Customer/Outbound,"RENEWED_2025_Virgin Islands, British:Caribbean B. Virgin Islands SEP24 AUG25",01-SEP-2025,31-AUG-2026,United Kingdom,"Virgin Islands, British",End of Agreement,Voice,MO,"Single Rate Effective (Voice, SMS, Data, VoLTE)","GBRME, GBROR",VGBCC,0.10000,Value,Gross,USD,,Actual,,,,01-SEP-25,31-AUG-26,,,,,,,,,,MULTI,Mayotte,,,,,ALL
Customer/Outbound,"RENEWED_2025_Virgin Islands, British:Caribbean B. Virgin Islands SEP24 AUG25",01-SEP-2025,31-AUG-2026,United Kingdom,"Virgin Islands, British",End of Agreement,Voice,MO,"Single Rate Effective (Voice, SMS, Data, VoLTE)","GBRME, GBROR",VGBCC,0.10000,Value,Gross,USD,,Actual,,,,01-SEP-25,31-AUG-26,,,,,,,,,,MULTI,Mauritius,,,,,ALL
Customer/Outbound,"RENEWED_2025_Virgin Islands, British:Caribbean B. Virgin Islands SEP24 AUG25",01-SEP-2025,31-AUG-2026,United Kingdom,"Virgin Islands, British",End of Agreement,Voice,MO,"Single Rate Effective (Voice, SMS, Data, VoLTE)","GBRME, GBROR",VGBCC,0.10000,Value,Gross,USD,,Actual,,,,01-SEP-25,31-AUG-26,,,,,,,,,,MULTI,Mauritania,,,,,ALL
Customer/Outbound,"RENEWED_2025_Virgin Islands, British:Caribbean B. Virgin Islands SEP24 AUG25",01-SEP-2025,31-AUG-2026,United Kingdom,"Virgin Islands, British",End of Agreement,Voice,MO,"Single Rate Effective (Voice, SMS, Data, VoLTE)","GBRME, GBROR",VGBCC,0.10000,Value,Gross,USD,,Actual,,,,01-SEP-25,31-AUG-26,,,,,,,,,,MULTI,Martinique,,,,,ALL
Customer/Outbound,"RENEWED_2025_Virgin Islands, British:Caribbean B. Virgin Islands SEP24 AUG25",01-SEP-2025,31-AUG-2026,United Kingdom,"Virgin Islands, British",End of Agreement,Voice,MO,"Single Rate Effective (Voice, SMS, Data, VoLTE)","GBRME, GBROR",VGBCC,0.10000,Value,Gross,USD,,Actual,,,,01-SEP-25,31-AUG-26,,,,,,,,,,MULTI,Marshall Islands,,,,,ALL
Customer/Outbound,"RENEWED_2025_Virgin Islands, British:Caribbean B. Virgin Islands SEP24 AUG25",01-SEP-2025,31-AUG-2026,United Kingdom,"Virgin Islands, British",End of Agreement,Voice,MO,"Single Rate Effective (Voice, SMS, Data, VoLTE)","GBRME, GBROR",VGBCC,0.10000,Value,Gross,USD,,Actual,,,,01-SEP-25,31-AUG-26,,,,,,,,,,MULTI,Malta,,,,,ALL
Customer/Outbound,"RENEWED_2025_Virgin Islands, British:Caribbean B. Virgin Islands SEP24 AUG25",01-SEP-2025,31-AUG-2026,United Kingdom,"Virgin Islands, British",End of Agreement,Voice,MO,"Single Rate Effective (Voice, SMS, Data, VoLTE)","GBRME, GBROR",VGBCC,0.10000,Value,Gross,USD,,Actual,,,,01-SEP-25,31-AUG-26,,,,,,,,,,MULTI,Mali,,,,,ALL
Customer/Outbound,"RENEWED_2025_Virgin Islands, British:Caribbean B. Virgin Islands SEP24 AUG25",01-SEP-2025,31-AUG-2026,United Kingdom,"Virgin Islands, British",End of Agreement,Voice,MO,"Single Rate Effective (Voice, SMS, Data, VoLTE)","GBRME, GBROR",VGBCC,0.10000,Value,Gross,USD,,Actual,,,,01-SEP-25,31-AUG-26,,,,,,,,,,MULTI,Maldives,,,,,ALL
Customer/Outbound,"RENEWED_2025_Virgin Islands, British:Caribbean B. Virgin Islands SEP24 AUG25",01-SEP-2025,31-AUG-2026,United Kingdom,"Virgin Islands, British",End of Agreement,Voice,MO,"Single Rate Effective (Voice, SMS, Data, VoLTE)","GBRME, GBROR",VGBCC,0.10000,Value,Gross,USD,,Actual,,,,01-SEP-25,31-AUG-26,,,,,,,,,,MULTI,Malaysia,,,,,ALL
Customer/Outbound,"RENEWED_2025_Virgin Islands, British:Caribbean B. Virgin Islands SEP24 AUG25",01-SEP-2025,31-AUG-2026,United Kingdom,"Virgin Islands, British",End of Agreement,Voice,MO,"Single Rate Effective (Voice, SMS, Data, VoLTE)","GBRME, GBROR",VGBCC,0.10000,Value,Gross,USD,,Actual,,,,01-SEP-25,31-AUG-26,,,,,,,,,,MULTI,Malawi,,,,,ALL
Customer/Outbound,"RENEWED_2025_Virgin Islands, British:Caribbean B. Virgin Islands SEP24 AUG25",01-SEP-2025,31-AUG-2026,United Kingdom,"Virgin Islands, British",End of Agreement,Voice,MO,"Single Rate Effective (Voice, SMS, Data, VoLTE)","GBRME, GBROR",VGBCC,0.10000,Value,Gross,USD,,Actual,,,,01-SEP-25,31-AUG-26,,,,,,,,,,MULTI,Madagascar,,,,,ALL
Customer/Outbound,"RENEWED_2025_Virgin Islands, British:Caribbean B. Virgin Islands SEP24 AUG25",01-SEP-2025,31-AUG-2026,United Kingdom,"Virgin Islands, British",End of Agreement,Voice,MO,"Single Rate Effective (Voice, SMS, Data, VoLTE)","GBRME, GBROR",VGBCC,0.10000,Value,Gross,USD,,Actual,,,,01-SEP-25,31-AUG-26,,,,,,,,,,MULTI,Macao,,,,,ALL
Customer/Outbound,"RENEWED_2025_Virgin Islands, British:Caribbean B. Virgin Islands SEP24 AUG25",01-SEP-2025,31-AUG-2026,United Kingdom,"Virgin Islands, British",End of Agreement,Voice,MO,"Single Rate Effective (Voice, SMS, Data, VoLTE)","GBRME, GBROR",VGBCC,0.10000,Value,Gross,USD,,Actual,,,,01-SEP-25,31-AUG-26,,,,,,,,,,MULTI,Luxembourg,,,,,ALL
Customer/Outbound,"RENEWED_2025_Virgin Islands, British:Caribbean B. Virgin Islands SEP24 AUG25",01-SEP-2025,31-AUG-2026,United Kingdom,"Virgin Islands, British",End of Agreement,Voice,MO,"Single Rate Effective (Voice, SMS, Data, VoLTE)","GBRME, GBROR",VGBCC,0.10000,Value,Gross,USD,,Actual,,,,01-SEP-25,31-AUG-26,,,,,,,,,,MULTI,Lithuania,,,,,ALL
Customer/Outbound,"RENEWED_2025_Virgin Islands, British:Caribbean B. Virgin Islands SEP24 AUG25",01-SEP-2025,31-AUG-2026,United Kingdom,"Virgin Islands, British",End of Agreement,Voice,MO,"Single Rate Effective (Voice, SMS, Data, VoLTE)","GBRME, GBROR",VGBCC,0.10000,Value,Gross,USD,,Actual,,,,01-SEP-25,31-AUG-26,,,,,,,,,,MULTI,Liechtenstein,,,,,ALL
Customer/Outbound,"RENEWED_2025_Virgin Islands, British:Caribbean B. Virgin Islands SEP24 AUG25",01-SEP-2025,31-AUG-2026,United Kingdom,"Virgin Islands, British",End of Agreement,Voice,MO,"Single Rate Effective (Voice, SMS, Data, VoLTE)","GBRME, GBROR",VGBCC,0.10000,Value,Gross,USD,,Actual,,,,01-SEP-25,31-AUG-26,,,,,,,,,,MULTI,Libyan Arab Jamahiriya,,,,,ALL
Customer/Outbound,"RENEWED_2025_Virgin Islands, British:Caribbean B. Virgin Islands SEP24 AUG25",01-SEP-2025,31-AUG-2026,United Kingdom,"Virgin Islands, British",End of Agreement,Voice,MO,"Single Rate Effective (Voice, SMS, Data, VoLTE)","GBRME, GBROR",VGBCC,0.10000,Value,Gross,USD,,Actual,,,,01-SEP-25,31-AUG-26,,,,,,,,,,MULTI,Liberia,,,,,ALL
Customer/Outbound,"RENEWED_2025_Virgin Islands, British:Caribbean B. Virgin Islands SEP24 AUG25",01-SEP-2025,31-AUG-2026,United Kingdom,"Virgin Islands, British",End of Agreement,Voice,MO,"Single Rate Effective (Voice, SMS, Data, VoLTE)","GBRME, GBROR",VGBCC,0.10000,Value,Gross,USD,,Actual,,,,01-SEP-25,31-AUG-26,,,,,,,,,,MULTI,Lesotho,,,,,ALL
Customer/Outbound,"RENEWED_2025_Virgin Islands, British:Caribbean B. Virgin Islands SEP24 AUG25",01-SEP-2025,31-AUG-2026,United Kingdom,"Virgin Islands, British",End of Agreement,Voice,MO,"Single Rate Effective (Voice, SMS, Data, VoLTE)","GBRME, GBROR",VGBCC,0.10000,Value,Gross,USD,,Actual,,,,01-SEP-25,31-AUG-26,,,,,,,,,,MULTI,Lebanon,,,,,ALL
Customer/Outbound,"RENEWED_2025_Virgin Islands, British:Caribbean B. Virgin Islands SEP24 AUG25",01-SEP-2025,31-AUG-2026,United Kingdom,"Virgin Islands, British",End of Agreement,Voice,MO,"Single Rate Effective (Voice, SMS, Data, VoLTE)","GBRME, GBROR",VGBCC,0.10000,Value,Gross,USD,,Actual,,,,01-SEP-25,31-AUG-26,,,,,,,,,,MULTI,Latvia,,,,,ALL
Customer/Outbound,"RENEWED_2025_Virgin Islands, British:Caribbean B. Virgin Islands SEP24 AUG25",01-SEP-2025,31-AUG-2026,United Kingdom,"Virgin Islands, British",End of Agreement,Voice,MO,"Single Rate Effective (Voice, SMS, Data, VoLTE)","GBRME, GBROR",VGBCC,0.10000,Value,Gross,USD,,Actual,,,,01-SEP-25,31-AUG-26,,,,,,,,,,MULTI,Lao People's Democratic Republic,,,,,ALL
Customer/Outbound,"RENEWED_2025_Virgin Islands, British:Caribbean B. Virgin Islands SEP24 AUG25",01-SEP-2025,31-AUG-2026,United Kingdom,"Virgin Islands, British",End of Agreement,Voice,MO,"Single Rate Effective (Voice, SMS, Data, VoLTE)","GBRME, GBROR",VGBCC,0.10000,Value,Gross,USD,,Actual,,,,01-SEP-25,31-AUG-26,,,,,,,,,,MULTI,Kyrgyzstan,,,,,ALL
Customer/Outbound,"RENEWED_2025_Virgin Islands, British:Caribbean B. Virgin Islands SEP24 AUG25",01-SEP-2025,31-AUG-2026,United Kingdom,"Virgin Islands, British",End of Agreement,Voice,MO,"Single Rate Effective (Voice, SMS, Data, VoLTE)","GBRME, GBROR",VGBCC,0.10000,Value,Gross,USD,,Actual,,,,01-SEP-25,31-AUG-26,,,,,,,,,,MULTI,Kuwait,,,,,ALL
Customer/Outbound,"RENEWED_2025_Virgin Islands, British:Caribbean B. Virgin Islands SEP24 AUG25",01-SEP-2025,31-AUG-2026,United Kingdom,"Virgin Islands, British",End of Agreement,Voice,MO,"Single Rate Effective (Voice, SMS, Data, VoLTE)","GBRME, GBROR",VGBCC,0.10000,Value,Gross,USD,,Actual,,,,01-SEP-25,31-AUG-26,,,,,,,,,,MULTI,"Korea, Republic of",,,,,ALL
Customer/Outbound,"RENEWED_2025_Virgin Islands, British:Caribbean B. Virgin Islands SEP24 AUG25",01-SEP-2025,31-AUG-2026,United Kingdom,"Virgin Islands, British",End of Agreement,Voice,MO,"Single Rate Effective (Voice, SMS, Data, VoLTE)","GBRME, GBROR",VGBCC,0.10000,Value,Gross,USD,,Actual,,,,01-SEP-25,31-AUG-26,,,,,,,,,,MULTI,"Korea, Democratic People's Republic of",,,,,ALL
Customer/Outbound,"RENEWED_2025_Virgin Islands, British:Caribbean B. Virgin Islands SEP24 AUG25",01-SEP-2025,31-AUG-2026,United Kingdom,"Virgin Islands, British",End of Agreement,Voice,MO,"Single Rate Effective (Voice, SMS, Data, VoLTE)","GBRME, GBROR",VGBCC,0.10000,Value,Gross,USD,,Actual,,,,01-SEP-25,31-AUG-26,,,,,,,,,,MULTI,Kiribati,,,,,ALL
Customer/Outbound,"RENEWED_2025_Virgin Islands, British:Caribbean B. Virgin Islands SEP24 AUG25",01-SEP-2025,31-AUG-2026,United Kingdom,"Virgin Islands, British",End of Agreement,Voice,MO,"Single Rate Effective (Voice, SMS, Data, VoLTE)","GBRME, GBROR",VGBCC,0.10000,Value,Gross,USD,,Actual,,,,01-SEP-25,31-AUG-26,,,,,,,,,,MULTI,Kenya,,,,,ALL
Customer/Outbound,"RENEWED_2025_Virgin Islands, British:Caribbean B. Virgin Islands SEP24 AUG25",01-SEP-2025,31-AUG-2026,United Kingdom,"Virgin Islands, British",End of Agreement,Voice,MO,"Single Rate Effective (Voice, SMS, Data, VoLTE)","GBRME, GBROR",VGBCC,0.10000,Value,Gross,USD,,Actual,,,,01-SEP-25,31-AUG-26,,,,,,,,,,MULTI,Kazakhstan,,,,,ALL
Customer/Outbound,"RENEWED_2025_Virgin Islands, British:Caribbean B. Virgin Islands SEP24 AUG25",01-SEP-2025,31-AUG-2026,United Kingdom,"Virgin Islands, British",End of Agreement,Voice,MO,"Single Rate Effective (Voice, SMS, Data, VoLTE)","GBRME, GBROR",VGBCC,0.10000,Value,Gross,USD,,Actual,,,,01-SEP-25,31-AUG-26,,,,,,,,,,MULTI,Jordan,,,,,ALL
Customer/Outbound,"RENEWED_2025_Virgin Islands, British:Caribbean B. Virgin Islands SEP24 AUG25",01-SEP-2025,31-AUG-2026,United Kingdom,"Virgin Islands, British",End of Agreement,Voice,MO,"Single Rate Effective (Voice, SMS, Data, VoLTE)","GBRME, GBROR",VGBCC,0.10000,Value,Gross,USD,,Actual,,,,01-SEP-25,31-AUG-26,,,,,,,,,,MULTI,Jersey,,,,,ALL
Customer/Outbound,"RENEWED_2025_Virgin Islands, British:Caribbean B. Virgin Islands SEP24 AUG25",01-SEP-2025,31-AUG-2026,United Kingdom,"Virgin Islands, British",End of Agreement,Voice,MO,"Single Rate Effective (Voice, SMS, Data, VoLTE)","GBRME, GBROR",VGBCC,0.10000,Value,Gross,USD,,Actual,,,,01-SEP-25,31-AUG-26,,,,,,,,,,MULTI,Japan,,,,,ALL
Customer/Outbound,"RENEWED_2025_Virgin Islands, British:Caribbean B. Virgin Islands SEP24 AUG25",01-SEP-2025,31-AUG-2026,United Kingdom,"Virgin Islands, British",End of Agreement,Voice,MO,"Single Rate Effective (Voice, SMS, Data, VoLTE)","GBRME, GBROR",VGBCC,0.10000,Value,Gross,USD,,Actual,,,,01-SEP-25,31-AUG-26,,,,,,,,,,MULTI,Jamaica,,,,,ALL
Customer/Outbound,"RENEWED_2025_Virgin Islands, British:Caribbean B. Virgin Islands SEP24 AUG25",01-SEP-2025,31-AUG-2026,United Kingdom,"Virgin Islands, British",End of Agreement,Voice,MO,"Single Rate Effective (Voice, SMS, Data, VoLTE)","GBRME, GBROR",VGBCC,0.10000,Value,Gross,USD,,Actual,,,,01-SEP-25,31-AUG-26,,,,,,,,,,MULTI,Ivory Coast,,,,,ALL
Customer/Outbound,"RENEWED_2025_Virgin Islands, British:Caribbean B. Virgin Islands SEP24 AUG25",01-SEP-2025,31-AUG-2026,United Kingdom,"Virgin Islands, British",End of Agreement,Voice,MO,"Single Rate Effective (Voice, SMS, Data, VoLTE)","GBRME, GBROR",VGBCC,0.10000,Value,Gross,USD,,Actual,,,,01-SEP-25,31-AUG-26,,,,,,,,,,MULTI,Italy,,,,,ALL
Customer/Outbound,"RENEWED_2025_Virgin Islands, British:Caribbean B. Virgin Islands SEP24 AUG25",01-SEP-2025,31-AUG-2026,United Kingdom,"Virgin Islands, British",End of Agreement,Voice,MO,"Single Rate Effective (Voice, SMS, Data, VoLTE)","GBRME, GBROR",VGBCC,0.10000,Value,Gross,USD,,Actual,,,,01-SEP-25,31-AUG-26,,,,,,,,,,MULTI,Israel,,,,,ALL
Customer/Outbound,"RENEWED_2025_Virgin Islands, British:Caribbean B. Virgin Islands SEP24 AUG25",01-SEP-2025,31-AUG-2026,United Kingdom,"Virgin Islands, British",End of Agreement,Voice,MO,"Single Rate Effective (Voice, SMS, Data, VoLTE)","GBRME, GBROR",VGBCC,0.10000,Value,Gross,USD,,Actual,,,,01-SEP-25,31-AUG-26,,,,,,,,,,MULTI,Isle of Man,,,,,ALL
Customer/Outbound,"RENEWED_2025_Virgin Islands, British:Caribbean B. Virgin Islands SEP24 AUG25",01-SEP-2025,31-AUG-2026,United Kingdom,"Virgin Islands, British",End of Agreement,Voice,MO,"Single Rate Effective (Voice, SMS, Data, VoLTE)","GBRME, GBROR",VGBCC,0.10000,Value,Gross,USD,,Actual,,,,01-SEP-25,31-AUG-26,,,,,,,,,,MULTI,Ireland,,,,,ALL
Customer/Outbound,"RENEWED_2025_Virgin Islands, British:Caribbean B. Virgin Islands SEP24 AUG25",01-SEP-2025,31-AUG-2026,United Kingdom,"Virgin Islands, British",End of Agreement,Voice,MO,"Single Rate Effective (Voice, SMS, Data, VoLTE)","GBRME, GBROR",VGBCC,0.10000,Value,Gross,USD,,Actual,,,,01-SEP-25,31-AUG-26,,,,,,,,,,MULTI,Iraq,,,,,ALL
Customer/Outbound,"RENEWED_2025_Virgin Islands, British:Caribbean B. Virgin Islands SEP24 AUG25",01-SEP-2025,31-AUG-2026,United Kingdom,"Virgin Islands, British",End of Agreement,Voice,MO,"Single Rate Effective (Voice, SMS, Data, VoLTE)","GBRME, GBROR",VGBCC,0.10000,Value,Gross,USD,,Actual,,,,01-SEP-25,31-AUG-26,,,,,,,,,,MULTI,"Iran, Islamic Republic of",,,,,ALL
Customer/Outbound,"RENEWED_2025_Virgin Islands, British:Caribbean B. Virgin Islands SEP24 AUG25",01-SEP-2025,31-AUG-2026,United Kingdom,"Virgin Islands, British",End of Agreement,Voice,MO,"Single Rate Effective (Voice, SMS, Data, VoLTE)","GBRME, GBROR",VGBCC,0.10000,Value,Gross,USD,,Actual,,,,01-SEP-25,31-AUG-26,,,,,,,,,,MULTI,Indonesia,,,,,ALL
Customer/Outbound,"RENEWED_2025_Virgin Islands, British:Caribbean B. Virgin Islands SEP24 AUG25",01-SEP-2025,31-AUG-2026,United Kingdom,"Virgin Islands, British",End of Agreement,Voice,MO,"Single Rate Effective (Voice, SMS, Data, VoLTE)","GBRME, GBROR",VGBCC,0.10000,Value,Gross,USD,,Actual,,,,01-SEP-25,31-AUG-26,,,,,,,,,,MULTI,India,,,,,ALL
Customer/Outbound,"RENEWED_2025_Virgin Islands, British:Caribbean B. Virgin Islands SEP24 AUG25",01-SEP-2025,31-AUG-2026,United Kingdom,"Virgin Islands, British",End of Agreement,Voice,MO,"Single Rate Effective (Voice, SMS, Data, VoLTE)","GBRME, GBROR",VGBCC,0.10000,Value,Gross,USD,,Actual,,,,01-SEP-25,31-AUG-26,,,,,,,,,,MULTI,Iceland,,,,,ALL
Customer/Outbound,"RENEWED_2025_Virgin Islands, British:Caribbean B. Virgin Islands SEP24 AUG25",01-SEP-2025,31-AUG-2026,United Kingdom,"Virgin Islands, British",End of Agreement,Voice,MO,"Single Rate Effective (Voice, SMS, Data, VoLTE)","GBRME, GBROR",VGBCC,0.10000,Value,Gross,USD,,Actual,,,,01-SEP-25,31-AUG-26,,,,,,,,,,MULTI,Hungary,,,,,ALL
Customer/Outbound,"RENEWED_2025_Virgin Islands, British:Caribbean B. Virgin Islands SEP24 AUG25",01-SEP-2025,31-AUG-2026,United Kingdom,"Virgin Islands, British",End of Agreement,Voice,MO,"Single Rate Effective (Voice, SMS, Data, VoLTE)","GBRME, GBROR",VGBCC,0.10000,Value,Gross,USD,,Actual,,,,01-SEP-25,31-AUG-26,,,,,,,,,,MULTI,Hong Kong,,,,,ALL
Customer/Outbound,"RENEWED_2025_Virgin Islands, British:Caribbean B. Virgin Islands SEP24 AUG25",01-SEP-2025,31-AUG-2026,United Kingdom,"Virgin Islands, British",End of Agreement,Voice,MO,"Single Rate Effective (Voice, SMS, Data, VoLTE)","GBRME, GBROR",VGBCC,0.10000,Value,Gross,USD,,Actual,,,,01-SEP-25,31-AUG-26,,,,,,,,,,MULTI,Honduras,,,,,ALL
Customer/Outbound,"RENEWED_2025_Virgin Islands, British:Caribbean B. Virgin Islands SEP24 AUG25",01-SEP-2025,31-AUG-2026,United Kingdom,"Virgin Islands, British",End of Agreement,Voice,MO,"Single Rate Effective (Voice, SMS, Data, VoLTE)","GBRME, GBROR",VGBCC,0.10000,Value,Gross,USD,,Actual,,,,01-SEP-25,31-AUG-26,,,,,,,,,,MULTI,Holy See (Vatican City State),,,,,ALL
Customer/Outbound,"RENEWED_2025_Virgin Islands, British:Caribbean B. Virgin Islands SEP24 AUG25",01-SEP-2025,31-AUG-2026,United Kingdom,"Virgin Islands, British",End of Agreement,Voice,MO,"Single Rate Effective (Voice, SMS, Data, VoLTE)","GBRME, GBROR",VGBCC,0.10000,Value,Gross,USD,,Actual,,,,01-SEP-25,31-AUG-26,,,,,,,,,,MULTI,Haiti,,,,,ALL
Customer/Outbound,"RENEWED_2025_Virgin Islands, British:Caribbean B. Virgin Islands SEP24 AUG25",01-SEP-2025,31-AUG-2026,United Kingdom,"Virgin Islands, British",End of Agreement,Voice,MO,"Single Rate Effective (Voice, SMS, Data, VoLTE)","GBRME, GBROR",VGBCC,0.10000,Value,Gross,USD,,Actual,,,,01-SEP-25,31-AUG-26,,,,,,,,,,MULTI,Guyana,,,,,ALL
Customer/Outbound,"RENEWED_2025_Virgin Islands, British:Caribbean B. Virgin Islands SEP24 AUG25",01-SEP-2025,31-AUG-2026,United Kingdom,"Virgin Islands, British",End of Agreement,Voice,MO,"Single Rate Effective (Voice, SMS, Data, VoLTE)","GBRME, GBROR",VGBCC,0.10000,Value,Gross,USD,,Actual,,,,01-SEP-25,31-AUG-26,,,,,,,,,,MULTI,Guinea-Bissau,,,,,ALL
Customer/Outbound,"RENEWED_2025_Virgin Islands, British:Caribbean B. Virgin Islands SEP24 AUG25",01-SEP-2025,31-AUG-2026,United Kingdom,"Virgin Islands, British",End of Agreement,Voice,MO,"Single Rate Effective (Voice, SMS, Data, VoLTE)","GBRME, GBROR",VGBCC,0.10000,Value,Gross,USD,,Actual,,,,01-SEP-25,31-AUG-26,,,,,,,,,,MULTI,Guinea,,,,,ALL
Customer/Outbound,"RENEWED_2025_Virgin Islands, British:Caribbean B. Virgin Islands SEP24 AUG25",01-SEP-2025,31-AUG-2026,United Kingdom,"Virgin Islands, British",End of Agreement,Voice,MO,"Single Rate Effective (Voice, SMS, Data, VoLTE)","GBRME, GBROR",VGBCC,0.10000,Value,Gross,USD,,Actual,,,,01-SEP-25,31-AUG-26,,,,,,,,,,MULTI,Guernsey,,,,,ALL
Customer/Outbound,"RENEWED_2025_Virgin Islands, British:Caribbean B. Virgin Islands SEP24 AUG25",01-SEP-2025,31-AUG-2026,United Kingdom,"Virgin Islands, British",End of Agreement,Voice,MO,"Single Rate Effective (Voice, SMS, Data, VoLTE)","GBRME, GBROR",VGBCC,0.10000,Value,Gross,USD,,Actual,,,,01-SEP-25,31-AUG-26,,,,,,,,,,MULTI,Guatemala,,,,,ALL
Customer/Outbound,"RENEWED_2025_Virgin Islands, British:Caribbean B. Virgin Islands SEP24 AUG25",01-SEP-2025,31-AUG-2026,United Kingdom,"Virgin Islands, British",End of Agreement,Voice,MO,"Single Rate Effective (Voice, SMS, Data, VoLTE)","GBRME, GBROR",VGBCC,0.10000,Value,Gross,USD,,Actual,,,,01-SEP-25,31-AUG-26,,,,,,,,,,MULTI,Guam,,,,,ALL
Customer/Outbound,"RENEWED_2025_Virgin Islands, British:Caribbean B. Virgin Islands SEP24 AUG25",01-SEP-2025,31-AUG-2026,United Kingdom,"Virgin Islands, British",End of Agreement,Voice,MO,"Single Rate Effective (Voice, SMS, Data, VoLTE)","GBRME, GBROR",VGBCC,0.10000,Value,Gross,USD,,Actual,,,,01-SEP-25,31-AUG-26,,,,,,,,,,MULTI,Guadeloupe,,,,,ALL
Customer/Outbound,"RENEWED_2025_Virgin Islands, British:Caribbean B. Virgin Islands SEP24 AUG25",01-SEP-2025,31-AUG-2026,United Kingdom,"Virgin Islands, British",End of Agreement,Voice,MO,"Single Rate Effective (Voice, SMS, Data, VoLTE)","GBRME, GBROR",VGBCC,0.10000,Value,Gross,USD,,Actual,,,,01-SEP-25,31-AUG-26,,,,,,,,,,MULTI,Grenada,,,,,ALL
Customer/Outbound,"RENEWED_2025_Virgin Islands, British:Caribbean B. Virgin Islands SEP24 AUG25",01-SEP-2025,31-AUG-2026,United Kingdom,"Virgin Islands, British",End of Agreement,Voice,MO,"Single Rate Effective (Voice, SMS, Data, VoLTE)","GBRME, GBROR",VGBCC,0.10000,Value,Gross,USD,,Actual,,,,01-SEP-25,31-AUG-26,,,,,,,,,,MULTI,Greenland,,,,,ALL
Customer/Outbound,"RENEWED_2025_Virgin Islands, British:Caribbean B. Virgin Islands SEP24 AUG25",01-SEP-2025,31-AUG-2026,United Kingdom,"Virgin Islands, British",End of Agreement,Voice,MO,"Single Rate Effective (Voice, SMS, Data, VoLTE)","GBRME, GBROR",VGBCC,0.10000,Value,Gross,USD,,Actual,,,,01-SEP-25,31-AUG-26,,,,,,,,,,MULTI,Greece,,,,,ALL
Customer/Outbound,"RENEWED_2025_Virgin Islands, British:Caribbean B. Virgin Islands SEP24 AUG25",01-SEP-2025,31-AUG-2026,United Kingdom,"Virgin Islands, British",End of Agreement,Voice,MO,"Single Rate Effective (Voice, SMS, Data, VoLTE)","GBRME, GBROR",VGBCC,0.10000,Value,Gross,USD,,Actual,,,,01-SEP-25,31-AUG-26,,,,,,,,,,MULTI,Gibraltar,,,,,ALL
Customer/Outbound,"RENEWED_2025_Virgin Islands, British:Caribbean B. Virgin Islands SEP24 AUG25",01-SEP-2025,31-AUG-2026,United Kingdom,"Virgin Islands, British",End of Agreement,Voice,MO,"Single Rate Effective (Voice, SMS, Data, VoLTE)","GBRME, GBROR",VGBCC,0.10000,Value,Gross,USD,,Actual,,,,01-SEP-25,31-AUG-26,,,,,,,,,,MULTI,Ghana,,,,,ALL
Customer/Outbound,"RENEWED_2025_Virgin Islands, British:Caribbean B. Virgin Islands SEP24 AUG25",01-SEP-2025,31-AUG-2026,United Kingdom,"Virgin Islands, British",End of Agreement,Voice,MO,"Single Rate Effective (Voice, SMS, Data, VoLTE)","GBRME, GBROR",VGBCC,0.10000,Value,Gross,USD,,Actual,,,,01-SEP-25,31-AUG-26,,,,,,,,,,MULTI,Germany,,,,,ALL
Customer/Outbound,"RENEWED_2025_Virgin Islands, British:Caribbean B. Virgin Islands SEP24 AUG25",01-SEP-2025,31-AUG-2026,United Kingdom,"Virgin Islands, British",End of Agreement,Voice,MO,"Single Rate Effective (Voice, SMS, Data, VoLTE)","GBRME, GBROR",VGBCC,0.10000,Value,Gross,USD,,Actual,,,,01-SEP-25,31-AUG-26,,,,,,,,,,MULTI,Georgia,,,,,ALL
Customer/Outbound,"RENEWED_2025_Virgin Islands, British:Caribbean B. Virgin Islands SEP24 AUG25",01-SEP-2025,31-AUG-2026,United Kingdom,"Virgin Islands, British",End of Agreement,Voice,MO,"Single Rate Effective (Voice, SMS, Data, VoLTE)","GBRME, GBROR",VGBCC,0.10000,Value,Gross,USD,,Actual,,,,01-SEP-25,31-AUG-26,,,,,,,,,,MULTI,Gambia,,,,,ALL
Customer/Outbound,"RENEWED_2025_Virgin Islands, British:Caribbean B. Virgin Islands SEP24 AUG25",01-SEP-2025,31-AUG-2026,United Kingdom,"Virgin Islands, British",End of Agreement,Voice,MO,"Single Rate Effective (Voice, SMS, Data, VoLTE)","GBRME, GBROR",VGBCC,0.10000,Value,Gross,USD,,Actual,,,,01-SEP-25,31-AUG-26,,,,,,,,,,MULTI,Gabon,,,,,ALL
Customer/Outbound,"RENEWED_2025_Virgin Islands, British:Caribbean B. Virgin Islands SEP24 AUG25",01-SEP-2025,31-AUG-2026,United Kingdom,"Virgin Islands, British",End of Agreement,Voice,MO,"Single Rate Effective (Voice, SMS, Data, VoLTE)","GBRME, GBROR",VGBCC,0.10000,Value,Gross,USD,,Actual,,,,01-SEP-25,31-AUG-26,,,,,,,,,,MULTI,French Polynesia,,,,,ALL
Customer/Outbound,"RENEWED_2025_Virgin Islands, British:Caribbean B. Virgin Islands SEP24 AUG25",01-SEP-2025,31-AUG-2026,United Kingdom,"Virgin Islands, British",End of Agreement,Voice,MO,"Single Rate Effective (Voice, SMS, Data, VoLTE)","GBRME, GBROR",VGBCC,0.10000,Value,Gross,USD,,Actual,,,,01-SEP-25,31-AUG-26,,,,,,,,,,MULTI,French Guiana,,,,,ALL
Customer/Outbound,"RENEWED_2025_Virgin Islands, British:Caribbean B. Virgin Islands SEP24 AUG25",01-SEP-2025,31-AUG-2026,United Kingdom,"Virgin Islands, British",End of Agreement,Voice,MO,"Single Rate Effective (Voice, SMS, Data, VoLTE)","GBRME, GBROR",VGBCC,0.10000,Value,Gross,USD,,Actual,,,,01-SEP-25,31-AUG-26,,,,,,,,,,MULTI,France,,,,,ALL
Customer/Outbound,"RENEWED_2025_Virgin Islands, British:Caribbean B. Virgin Islands SEP24 AUG25",01-SEP-2025,31-AUG-2026,United Kingdom,"Virgin Islands, British",End of Agreement,Voice,MO,"Single Rate Effective (Voice, SMS, Data, VoLTE)","GBRME, GBROR",VGBCC,0.10000,Value,Gross,USD,,Actual,,,,01-SEP-25,31-AUG-26,,,,,,,,,,MULTI,Finland,,,,,ALL
Customer/Outbound,"RENEWED_2025_Virgin Islands, British:Caribbean B. Virgin Islands SEP24 AUG25",01-SEP-2025,31-AUG-2026,United Kingdom,"Virgin Islands, British",End of Agreement,Voice,MO,"Single Rate Effective (Voice, SMS, Data, VoLTE)","GBRME, GBROR",VGBCC,0.10000,Value,Gross,USD,,Actual,,,,01-SEP-25,31-AUG-26,,,,,,,,,,MULTI,Fiji,,,,,ALL
Customer/Outbound,"RENEWED_2025_Virgin Islands, British:Caribbean B. Virgin Islands SEP24 AUG25",01-SEP-2025,31-AUG-2026,United Kingdom,"Virgin Islands, British",End of Agreement,Voice,MO,"Single Rate Effective (Voice, SMS, Data, VoLTE)","GBRME, GBROR",VGBCC,0.10000,Value,Gross,USD,,Actual,,,,01-SEP-25,31-AUG-26,,,,,,,,,,MULTI,Faroe Islands,,,,,ALL
Customer/Outbound,"RENEWED_2025_Virgin Islands, British:Caribbean B. Virgin Islands SEP24 AUG25",01-SEP-2025,31-AUG-2026,United Kingdom,"Virgin Islands, British",End of Agreement,Voice,MO,"Single Rate Effective (Voice, SMS, Data, VoLTE)","GBRME, GBROR",VGBCC,0.10000,Value,Gross,USD,,Actual,,,,01-SEP-25,31-AUG-26,,,,,,,,,,MULTI,Falkland Islands (Malvinas),,,,,ALL
Customer/Outbound,"RENEWED_2025_Virgin Islands, British:Caribbean B. Virgin Islands SEP24 AUG25",01-SEP-2025,31-AUG-2026,United Kingdom,"Virgin Islands, British",End of Agreement,Voice,MO,"Single Rate Effective (Voice, SMS, Data, VoLTE)","GBRME, GBROR",VGBCC,0.10000,Value,Gross,USD,,Actual,,,,01-SEP-25,31-AUG-26,,,,,,,,,,MULTI,Ethiopia,,,,,ALL
Customer/Outbound,"RENEWED_2025_Virgin Islands, British:Caribbean B. Virgin Islands SEP24 AUG25",01-SEP-2025,31-AUG-2026,United Kingdom,"Virgin Islands, British",End of Agreement,Voice,MO,"Single Rate Effective (Voice, SMS, Data, VoLTE)","GBRME, GBROR",VGBCC,0.10000,Value,Gross,USD,,Actual,,,,01-SEP-25,31-AUG-26,,,,,,,,,,MULTI,Estonia,,,,,ALL
Customer/Outbound,"RENEWED_2025_Virgin Islands, British:Caribbean B. Virgin Islands SEP24 AUG25",01-SEP-2025,31-AUG-2026,United Kingdom,"Virgin Islands, British",End of Agreement,Voice,MO,"Single Rate Effective (Voice, SMS, Data, VoLTE)","GBRME, GBROR",VGBCC,0.10000,Value,Gross,USD,,Actual,,,,01-SEP-25,31-AUG-26,,,,,,,,,,MULTI,Eritrea,,,,,ALL
Customer/Outbound,"RENEWED_2025_Virgin Islands, British:Caribbean B. Virgin Islands SEP24 AUG25",01-SEP-2025,31-AUG-2026,United Kingdom,"Virgin Islands, British",End of Agreement,Voice,MO,"Single Rate Effective (Voice, SMS, Data, VoLTE)","GBRME, GBROR",VGBCC,0.10000,Value,Gross,USD,,Actual,,,,01-SEP-25,31-AUG-26,,,,,,,,,,MULTI,Equatorial Guinea,,,,,ALL
Customer/Outbound,"RENEWED_2025_Virgin Islands, British:Caribbean B. Virgin Islands SEP24 AUG25",01-SEP-2025,31-AUG-2026,United Kingdom,"Virgin Islands, British",End of Agreement,Voice,MO,"Single Rate Effective (Voice, SMS, Data, VoLTE)","GBRME, GBROR",VGBCC,0.10000,Value,Gross,USD,,Actual,,,,01-SEP-25,31-AUG-26,,,,,,,,,,MULTI,El Salvador,,,,,ALL
Customer/Outbound,"RENEWED_2025_Virgin Islands, British:Caribbean B. Virgin Islands SEP24 AUG25",01-SEP-2025,31-AUG-2026,United Kingdom,"Virgin Islands, British",End of Agreement,Voice,MO,"Single Rate Effective (Voice, SMS, Data, VoLTE)","GBRME, GBROR",VGBCC,0.10000,Value,Gross,USD,,Actual,,,,01-SEP-25,31-AUG-26,,,,,,,,,,MULTI,Egypt,,,,,ALL
Customer/Outbound,"RENEWED_2025_Virgin Islands, British:Caribbean B. Virgin Islands SEP24 AUG25",01-SEP-2025,31-AUG-2026,United Kingdom,"Virgin Islands, British",End of Agreement,Voice,MO,"Single Rate Effective (Voice, SMS, Data, VoLTE)","GBRME, GBROR",VGBCC,0.10000,Value,Gross,USD,,Actual,,,,01-SEP-25,31-AUG-26,,,,,,,,,,MULTI,Ecuador,,,,,ALL
Customer/Outbound,"RENEWED_2025_Virgin Islands, British:Caribbean B. Virgin Islands SEP24 AUG25",01-SEP-2025,31-AUG-2026,United Kingdom,"Virgin Islands, British",End of Agreement,Voice,MO,"Single Rate Effective (Voice, SMS, Data, VoLTE)","GBRME, GBROR",VGBCC,0.10000,Value,Gross,USD,,Actual,,,,01-SEP-25,31-AUG-26,,,,,,,,,,MULTI,East Timor,,,,,ALL
Customer/Outbound,"RENEWED_2025_Virgin Islands, British:Caribbean B. Virgin Islands SEP24 AUG25",01-SEP-2025,31-AUG-2026,United Kingdom,"Virgin Islands, British",End of Agreement,Voice,MO,"Single Rate Effective (Voice, SMS, Data, VoLTE)","GBRME, GBROR",VGBCC,0.10000,Value,Gross,USD,,Actual,,,,01-SEP-25,31-AUG-26,,,,,,,,,,MULTI,Dominican Republic,,,,,ALL
Customer/Outbound,"RENEWED_2025_Virgin Islands, British:Caribbean B. Virgin Islands SEP24 AUG25",01-SEP-2025,31-AUG-2026,United Kingdom,"Virgin Islands, British",End of Agreement,Voice,MO,"Single Rate Effective (Voice, SMS, Data, VoLTE)","GBRME, GBROR",VGBCC,0.10000,Value,Gross,USD,,Actual,,,,01-SEP-25,31-AUG-26,,,,,,,,,,MULTI,Dominica,,,,,ALL
Customer/Outbound,"RENEWED_2025_Virgin Islands, British:Caribbean B. Virgin Islands SEP24 AUG25",01-SEP-2025,31-AUG-2026,United Kingdom,"Virgin Islands, British",End of Agreement,Voice,MO,"Single Rate Effective (Voice, SMS, Data, VoLTE)","GBRME, GBROR",VGBCC,0.10000,Value,Gross,USD,,Actual,,,,01-SEP-25,31-AUG-26,,,,,,,,,,MULTI,Djibouti,,,,,ALL
Customer/Outbound,"RENEWED_2025_Virgin Islands, British:Caribbean B. Virgin Islands SEP24 AUG25",01-SEP-2025,31-AUG-2026,United Kingdom,"Virgin Islands, British",End of Agreement,Voice,MO,"Single Rate Effective (Voice, SMS, Data, VoLTE)","GBRME, GBROR",VGBCC,0.10000,Value,Gross,USD,,Actual,,,,01-SEP-25,31-AUG-26,,,,,,,,,,MULTI,Denmark,,,,,ALL
Customer/Outbound,"RENEWED_2025_Virgin Islands, British:Caribbean B. Virgin Islands SEP24 AUG25",01-SEP-2025,31-AUG-2026,United Kingdom,"Virgin Islands, British",End of Agreement,Voice,MO,"Single Rate Effective (Voice, SMS, Data, VoLTE)","GBRME, GBROR",VGBCC,0.10000,Value,Gross,USD,,Actual,,,,01-SEP-25,31-AUG-26,,,,,,,,,,MULTI,Czech Republic,,,,,ALL
Customer/Outbound,"RENEWED_2025_Virgin Islands, British:Caribbean B. Virgin Islands SEP24 AUG25",01-SEP-2025,31-AUG-2026,United Kingdom,"Virgin Islands, British",End of Agreement,Voice,MO,"Single Rate Effective (Voice, SMS, Data, VoLTE)","GBRME, GBROR",VGBCC,0.10000,Value,Gross,USD,,Actual,,,,01-SEP-25,31-AUG-26,,,,,,,,,,MULTI,Cyprus,,,,,ALL
Customer/Outbound,"RENEWED_2025_Virgin Islands, British:Caribbean B. Virgin Islands SEP24 AUG25",01-SEP-2025,31-AUG-2026,United Kingdom,"Virgin Islands, British",End of Agreement,Voice,MO,"Single Rate Effective (Voice, SMS, Data, VoLTE)","GBRME, GBROR",VGBCC,0.10000,Value,Gross,USD,,Actual,,,,01-SEP-25,31-AUG-26,,,,,,,,,,MULTI,Curacao,,,,,ALL
Customer/Outbound,"RENEWED_2025_Virgin Islands, British:Caribbean B. Virgin Islands SEP24 AUG25",01-SEP-2025,31-AUG-2026,United Kingdom,"Virgin Islands, British",End of Agreement,Voice,MO,"Single Rate Effective (Voice, SMS, Data, VoLTE)","GBRME, GBROR",VGBCC,0.10000,Value,Gross,USD,,Actual,,,,01-SEP-25,31-AUG-26,,,,,,,,,,MULTI,Croatia,,,,,ALL
Customer/Outbound,"RENEWED_2025_Virgin Islands, British:Caribbean B. Virgin Islands SEP24 AUG25",01-SEP-2025,31-AUG-2026,United Kingdom,"Virgin Islands, British",End of Agreement,Voice,MO,"Single Rate Effective (Voice, SMS, Data, VoLTE)","GBRME, GBROR",VGBCC,0.10000,Value,Gross,USD,,Actual,,,,01-SEP-25,31-AUG-26,,,,,,,,,,MULTI,Costa Rica,,,,,ALL
Customer/Outbound,"RENEWED_2025_Virgin Islands, British:Caribbean B. Virgin Islands SEP24 AUG25",01-SEP-2025,31-AUG-2026,United Kingdom,"Virgin Islands, British",End of Agreement,Voice,MO,"Single Rate Effective (Voice, SMS, Data, VoLTE)","GBRME, GBROR",VGBCC,0.10000,Value,Gross,USD,,Actual,,,,01-SEP-25,31-AUG-26,,,,,,,,,,MULTI,Cook Islands,,,,,ALL
Customer/Outbound,"RENEWED_2025_Virgin Islands, British:Caribbean B. Virgin Islands SEP24 AUG25",01-SEP-2025,31-AUG-2026,United Kingdom,"Virgin Islands, British",End of Agreement,Voice,MO,"Single Rate Effective (Voice, SMS, Data, VoLTE)","GBRME, GBROR",VGBCC,0.10000,Value,Gross,USD,,Actual,,,,01-SEP-25,31-AUG-26,,,,,,,,,,MULTI,"Congo, the Democratic Republic of the",,,,,ALL
Customer/Outbound,"RENEWED_2025_Virgin Islands, British:Caribbean B. Virgin Islands SEP24 AUG25",01-SEP-2025,31-AUG-2026,United Kingdom,"Virgin Islands, British",End of Agreement,Voice,MO,"Single Rate Effective (Voice, SMS, Data, VoLTE)","GBRME, GBROR",VGBCC,0.10000,Value,Gross,USD,,Actual,,,,01-SEP-25,31-AUG-26,,,,,,,,,,MULTI,Congo,,,,,ALL
Customer/Outbound,"RENEWED_2025_Virgin Islands, British:Caribbean B. Virgin Islands SEP24 AUG25",01-SEP-2025,31-AUG-2026,United Kingdom,"Virgin Islands, British",End of Agreement,Voice,MO,"Single Rate Effective (Voice, SMS, Data, VoLTE)","GBRME, GBROR",VGBCC,0.10000,Value,Gross,USD,,Actual,,,,01-SEP-25,31-AUG-26,,,,,,,,,,MULTI,Comoros,,,,,ALL
Customer/Outbound,"RENEWED_2025_Virgin Islands, British:Caribbean B. Virgin Islands SEP24 AUG25",01-SEP-2025,31-AUG-2026,United Kingdom,"Virgin Islands, British",End of Agreement,Voice,MO,"Single Rate Effective (Voice, SMS, Data, VoLTE)","GBRME, GBROR",VGBCC,0.10000,Value,Gross,USD,,Actual,,,,01-SEP-25,31-AUG-26,,,,,,,,,,MULTI,Colombia,,,,,ALL
Customer/Outbound,"RENEWED_2025_Virgin Islands, British:Caribbean B. Virgin Islands SEP24 AUG25",01-SEP-2025,31-AUG-2026,United Kingdom,"Virgin Islands, British",End of Agreement,Voice,MO,"Single Rate Effective (Voice, SMS, Data, VoLTE)","GBRME, GBROR",VGBCC,0.10000,Value,Gross,USD,,Actual,,,,01-SEP-25,31-AUG-26,,,,,,,,,,MULTI,China,,,,,ALL
Customer/Outbound,"RENEWED_2025_Virgin Islands, British:Caribbean B. Virgin Islands SEP24 AUG25",01-SEP-2025,31-AUG-2026,United Kingdom,"Virgin Islands, British",End of Agreement,Voice,MO,"Single Rate Effective (Voice, SMS, Data, VoLTE)","GBRME, GBROR",VGBCC,0.10000,Value,Gross,USD,,Actual,,,,01-SEP-25,31-AUG-26,,,,,,,,,,MULTI,Chile,,,,,ALL
Customer/Outbound,"RENEWED_2025_Virgin Islands, British:Caribbean B. Virgin Islands SEP24 AUG25",01-SEP-2025,31-AUG-2026,United Kingdom,"Virgin Islands, British",End of Agreement,Voice,MO,"Single Rate Effective (Voice, SMS, Data, VoLTE)","GBRME, GBROR",VGBCC,0.10000,Value,Gross,USD,,Actual,,,,01-SEP-25,31-AUG-26,,,,,,,,,,MULTI,Chad,,,,,ALL
Customer/Outbound,"RENEWED_2025_Virgin Islands, British:Caribbean B. Virgin Islands SEP24 AUG25",01-SEP-2025,31-AUG-2026,United Kingdom,"Virgin Islands, British",End of Agreement,Voice,MO,"Single Rate Effective (Voice, SMS, Data, VoLTE)","GBRME, GBROR",VGBCC,0.10000,Value,Gross,USD,,Actual,,,,01-SEP-25,31-AUG-26,,,,,,,,,,MULTI,Central African Republic,,,,,ALL
Customer/Outbound,"RENEWED_2025_Virgin Islands, British:Caribbean B. Virgin Islands SEP24 AUG25",01-SEP-2025,31-AUG-2026,United Kingdom,"Virgin Islands, British",End of Agreement,Voice,MO,"Single Rate Effective (Voice, SMS, Data, VoLTE)","GBRME, GBROR",VGBCC,0.10000,Value,Gross,USD,,Actual,,,,01-SEP-25,31-AUG-26,,,,,,,,,,MULTI,Cayman Islands,,,,,ALL
Customer/Outbound,"RENEWED_2025_Virgin Islands, British:Caribbean B. Virgin Islands SEP24 AUG25",01-SEP-2025,31-AUG-2026,United Kingdom,"Virgin Islands, British",End of Agreement,Voice,MO,"Single Rate Effective (Voice, SMS, Data, VoLTE)","GBRME, GBROR",VGBCC,0.10000,Value,Gross,USD,,Actual,,,,01-SEP-25,31-AUG-26,,,,,,,,,,MULTI,Cape Verde,,,,,ALL
Customer/Outbound,"RENEWED_2025_Virgin Islands, British:Caribbean B. Virgin Islands SEP24 AUG25",01-SEP-2025,31-AUG-2026,United Kingdom,"Virgin Islands, British",End of Agreement,Voice,MO,"Single Rate Effective (Voice, SMS, Data, VoLTE)","GBRME, GBROR",VGBCC,0.10000,Value,Gross,USD,,Actual,,,,01-SEP-25,31-AUG-26,,,,,,,,,,MULTI,Canada,,,,,ALL
Customer/Outbound,"RENEWED_2025_Virgin Islands, British:Caribbean B. Virgin Islands SEP24 AUG25",01-SEP-2025,31-AUG-2026,United Kingdom,"Virgin Islands, British",End of Agreement,Voice,MO,"Single Rate Effective (Voice, SMS, Data, VoLTE)","GBRME, GBROR",VGBCC,0.10000,Value,Gross,USD,,Actual,,,,01-SEP-25,31-AUG-26,,,,,,,,,,MULTI,Cameroon,,,,,ALL
Customer/Outbound,"RENEWED_2025_Virgin Islands, British:Caribbean B. Virgin Islands SEP24 AUG25",01-SEP-2025,31-AUG-2026,United Kingdom,"Virgin Islands, British",End of Agreement,Voice,MO,"Single Rate Effective (Voice, SMS, Data, VoLTE)","GBRME, GBROR",VGBCC,0.10000,Value,Gross,USD,,Actual,,,,01-SEP-25,31-AUG-26,,,,,,,,,,MULTI,Cambodia,,,,,ALL
Customer/Outbound,"RENEWED_2025_Virgin Islands, British:Caribbean B. Virgin Islands SEP24 AUG25",01-SEP-2025,31-AUG-2026,United Kingdom,"Virgin Islands, British",End of Agreement,Voice,MO,"Single Rate Effective (Voice, SMS, Data, VoLTE)","GBRME, GBROR",VGBCC,0.10000,Value,Gross,USD,,Actual,,,,01-SEP-25,31-AUG-26,,,,,,,,,,MULTI,Burundi,,,,,ALL
Customer/Outbound,"RENEWED_2025_Virgin Islands, British:Caribbean B. Virgin Islands SEP24 AUG25",01-SEP-2025,31-AUG-2026,United Kingdom,"Virgin Islands, British",End of Agreement,Voice,MO,"Single Rate Effective (Voice, SMS, Data, VoLTE)","GBRME, GBROR",VGBCC,0.10000,Value,Gross,USD,,Actual,,,,01-SEP-25,31-AUG-26,,,,,,,,,,MULTI,Burkina Faso,,,,,ALL
Customer/Outbound,"RENEWED_2025_Virgin Islands, British:Caribbean B. Virgin Islands SEP24 AUG25",01-SEP-2025,31-AUG-2026,United Kingdom,"Virgin Islands, British",End of Agreement,Voice,MO,"Single Rate Effective (Voice, SMS, Data, VoLTE)","GBRME, GBROR",VGBCC,0.10000,Value,Gross,USD,,Actual,,,,01-SEP-25,31-AUG-26,,,,,,,,,,MULTI,Bulgaria,,,,,ALL
Customer/Outbound,"RENEWED_2025_Virgin Islands, British:Caribbean B. Virgin Islands SEP24 AUG25",01-SEP-2025,31-AUG-2026,United Kingdom,"Virgin Islands, British",End of Agreement,Voice,MO,"Single Rate Effective (Voice, SMS, Data, VoLTE)","GBRME, GBROR",VGBCC,0.10000,Value,Gross,USD,,Actual,,,,01-SEP-25,31-AUG-26,,,,,,,,,,MULTI,Brunei Darussalam,,,,,ALL
Customer/Outbound,"RENEWED_2025_Virgin Islands, British:Caribbean B. Virgin Islands SEP24 AUG25",01-SEP-2025,31-AUG-2026,United Kingdom,"Virgin Islands, British",End of Agreement,Voice,MO,"Single Rate Effective (Voice, SMS, Data, VoLTE)","GBRME, GBROR",VGBCC,0.10000,Value,Gross,USD,,Actual,,,,01-SEP-25,31-AUG-26,,,,,,,,,,MULTI,British Indian Ocean Territory,,,,,ALL
Customer/Outbound,"RENEWED_2025_Virgin Islands, British:Caribbean B. Virgin Islands SEP24 AUG25",01-SEP-2025,31-AUG-2026,United Kingdom,"Virgin Islands, British",End of Agreement,Voice,MO,"Single Rate Effective (Voice, SMS, Data, VoLTE)","GBRME, GBROR",VGBCC,0.10000,Value,Gross,USD,,Actual,,,,01-SEP-25,31-AUG-26,,,,,,,,,,MULTI,Brazil,,,,,ALL
Customer/Outbound,"RENEWED_2025_Virgin Islands, British:Caribbean B. Virgin Islands SEP24 AUG25",01-SEP-2025,31-AUG-2026,United Kingdom,"Virgin Islands, British",End of Agreement,Voice,MO,"Single Rate Effective (Voice, SMS, Data, VoLTE)","GBRME, GBROR",VGBCC,0.10000,Value,Gross,USD,,Actual,,,,01-SEP-25,31-AUG-26,,,,,,,,,,MULTI,Botswana,,,,,ALL
Customer/Outbound,"RENEWED_2025_Virgin Islands, British:Caribbean B. Virgin Islands SEP24 AUG25",01-SEP-2025,31-AUG-2026,United Kingdom,"Virgin Islands, British",End of Agreement,Voice,MO,"Single Rate Effective (Voice, SMS, Data, VoLTE)","GBRME, GBROR",VGBCC,0.10000,Value,Gross,USD,,Actual,,,,01-SEP-25,31-AUG-26,,,,,,,,,,MULTI,Bosnia and Herzegovina,,,,,ALL
Customer/Outbound,"RENEWED_2025_Virgin Islands, British:Caribbean B. Virgin Islands SEP24 AUG25",01-SEP-2025,31-AUG-2026,United Kingdom,"Virgin Islands, British",End of Agreement,Voice,MO,"Single Rate Effective (Voice, SMS, Data, VoLTE)","GBRME, GBROR",VGBCC,0.10000,Value,Gross,USD,,Actual,,,,01-SEP-25,31-AUG-26,,,,,,,,,,MULTI,"Bonaire, Saint Eustatius and Saba",,,,,ALL
Customer/Outbound,"RENEWED_2025_Virgin Islands, British:Caribbean B. Virgin Islands SEP24 AUG25",01-SEP-2025,31-AUG-2026,United Kingdom,"Virgin Islands, British",End of Agreement,Voice,MO,"Single Rate Effective (Voice, SMS, Data, VoLTE)","GBRME, GBROR",VGBCC,0.10000,Value,Gross,USD,,Actual,,,,01-SEP-25,31-AUG-26,,,,,,,,,,MULTI,Bolivia,,,,,ALL
Customer/Outbound,"RENEWED_2025_Virgin Islands, British:Caribbean B. Virgin Islands SEP24 AUG25",01-SEP-2025,31-AUG-2026,United Kingdom,"Virgin Islands, British",End of Agreement,Voice,MO,"Single Rate Effective (Voice, SMS, Data, VoLTE)","GBRME, GBROR",VGBCC,0.10000,Value,Gross,USD,,Actual,,,,01-SEP-25,31-AUG-26,,,,,,,,,,MULTI,Bhutan,,,,,ALL
Customer/Outbound,"RENEWED_2025_Virgin Islands, British:Caribbean B. Virgin Islands SEP24 AUG25",01-SEP-2025,31-AUG-2026,United Kingdom,"Virgin Islands, British",End of Agreement,Voice,MO,"Single Rate Effective (Voice, SMS, Data, VoLTE)","GBRME, GBROR",VGBCC,0.10000,Value,Gross,USD,,Actual,,,,01-SEP-25,31-AUG-26,,,,,,,,,,MULTI,Bermuda,,,,,ALL
Customer/Outbound,"RENEWED_2025_Virgin Islands, British:Caribbean B. Virgin Islands SEP24 AUG25",01-SEP-2025,31-AUG-2026,United Kingdom,"Virgin Islands, British",End of Agreement,Voice,MO,"Single Rate Effective (Voice, SMS, Data, VoLTE)","GBRME, GBROR",VGBCC,0.10000,Value,Gross,USD,,Actual,,,,01-SEP-25,31-AUG-26,,,,,,,,,,MULTI,Benin,,,,,ALL
Customer/Outbound,"RENEWED_2025_Virgin Islands, British:Caribbean B. Virgin Islands SEP24 AUG25",01-SEP-2025,31-AUG-2026,United Kingdom,"Virgin Islands, British",End of Agreement,Voice,MO,"Single Rate Effective (Voice, SMS, Data, VoLTE)","GBRME, GBROR",VGBCC,0.10000,Value,Gross,USD,,Actual,,,,01-SEP-25,31-AUG-26,,,,,,,,,,MULTI,Belize,,,,,ALL
Customer/Outbound,"RENEWED_2025_Virgin Islands, British:Caribbean B. Virgin Islands SEP24 AUG25",01-SEP-2025,31-AUG-2026,United Kingdom,"Virgin Islands, British",End of Agreement,Voice,MO,"Single Rate Effective (Voice, SMS, Data, VoLTE)","GBRME, GBROR",VGBCC,0.10000,Value,Gross,USD,,Actual,,,,01-SEP-25,31-AUG-26,,,,,,,,,,MULTI,Belgium,,,,,ALL
Customer/Outbound,"RENEWED_2025_Virgin Islands, British:Caribbean B. Virgin Islands SEP24 AUG25",01-SEP-2025,31-AUG-2026,United Kingdom,"Virgin Islands, British",End of Agreement,Voice,MO,"Single Rate Effective (Voice, SMS, Data, VoLTE)","GBRME, GBROR",VGBCC,0.10000,Value,Gross,USD,,Actual,,,,01-SEP-25,31-AUG-26,,,,,,,,,,MULTI,Belarus,,,,,ALL
Customer/Outbound,"RENEWED_2025_Virgin Islands, British:Caribbean B. Virgin Islands SEP24 AUG25",01-SEP-2025,31-AUG-2026,United Kingdom,"Virgin Islands, British",End of Agreement,Voice,MO,"Single Rate Effective (Voice, SMS, Data, VoLTE)","GBRME, GBROR",VGBCC,0.10000,Value,Gross,USD,,Actual,,,,01-SEP-25,31-AUG-26,,,,,,,,,,MULTI,Barbados,,,,,ALL
Customer/Outbound,"RENEWED_2025_Virgin Islands, British:Caribbean B. Virgin Islands SEP24 AUG25",01-SEP-2025,31-AUG-2026,United Kingdom,"Virgin Islands, British",End of Agreement,Voice,MO,"Single Rate Effective (Voice, SMS, Data, VoLTE)","GBRME, GBROR",VGBCC,0.10000,Value,Gross,USD,,Actual,,,,01-SEP-25,31-AUG-26,,,,,,,,,,MULTI,Bangladesh,,,,,ALL
Customer/Outbound,"RENEWED_2025_Virgin Islands, British:Caribbean B. Virgin Islands SEP24 AUG25",01-SEP-2025,31-AUG-2026,United Kingdom,"Virgin Islands, British",End of Agreement,Voice,MO,"Single Rate Effective (Voice, SMS, Data, VoLTE)","GBRME, GBROR",VGBCC,0.10000,Value,Gross,USD,,Actual,,,,01-SEP-25,31-AUG-26,,,,,,,,,,MULTI,Bahrain,,,,,ALL
Customer/Outbound,"RENEWED_2025_Virgin Islands, British:Caribbean B. Virgin Islands SEP24 AUG25",01-SEP-2025,31-AUG-2026,United Kingdom,"Virgin Islands, British",End of Agreement,Voice,MO,"Single Rate Effective (Voice, SMS, Data, VoLTE)","GBRME, GBROR",VGBCC,0.10000,Value,Gross,USD,,Actual,,,,01-SEP-25,31-AUG-26,,,,,,,,,,MULTI,Bahamas,,,,,ALL
Customer/Outbound,"RENEWED_2025_Virgin Islands, British:Caribbean B. Virgin Islands SEP24 AUG25",01-SEP-2025,31-AUG-2026,United Kingdom,"Virgin Islands, British",End of Agreement,Voice,MO,"Single Rate Effective (Voice, SMS, Data, VoLTE)","GBRME, GBROR",VGBCC,0.10000,Value,Gross,USD,,Actual,,,,01-SEP-25,31-AUG-26,,,,,,,,,,MULTI,Azerbaijan,,,,,ALL
Customer/Outbound,"RENEWED_2025_Virgin Islands, British:Caribbean B. Virgin Islands SEP24 AUG25",01-SEP-2025,31-AUG-2026,United Kingdom,"Virgin Islands, British",End of Agreement,Voice,MO,"Single Rate Effective (Voice, SMS, Data, VoLTE)","GBRME, GBROR",VGBCC,0.10000,Value,Gross,USD,,Actual,,,,01-SEP-25,31-AUG-26,,,,,,,,,,MULTI,Austria,,,,,ALL
Customer/Outbound,"RENEWED_2025_Virgin Islands, British:Caribbean B. Virgin Islands SEP24 AUG25",01-SEP-2025,31-AUG-2026,United Kingdom,"Virgin Islands, British",End of Agreement,Voice,MO,"Single Rate Effective (Voice, SMS, Data, VoLTE)","GBRME, GBROR",VGBCC,0.10000,Value,Gross,USD,,Actual,,,,01-SEP-25,31-AUG-26,,,,,,,,,,MULTI,Australia,,,,,ALL
Customer/Outbound,"RENEWED_2025_Virgin Islands, British:Caribbean B. Virgin Islands SEP24 AUG25",01-SEP-2025,31-AUG-2026,United Kingdom,"Virgin Islands, British",End of Agreement,Voice,MO,"Single Rate Effective (Voice, SMS, Data, VoLTE)","GBRME, GBROR",VGBCC,0.10000,Value,Gross,USD,,Actual,,,,01-SEP-25,31-AUG-26,,,,,,,,,,MULTI,Ascension Island,,,,,ALL
Customer/Outbound,"RENEWED_2025_Virgin Islands, British:Caribbean B. Virgin Islands SEP24 AUG25",01-SEP-2025,31-AUG-2026,United Kingdom,"Virgin Islands, British",End of Agreement,Voice,MO,"Single Rate Effective (Voice, SMS, Data, VoLTE)","GBRME, GBROR",VGBCC,0.10000,Value,Gross,USD,,Actual,,,,01-SEP-25,31-AUG-26,,,,,,,,,,MULTI,Aruba,,,,,ALL
Customer/Outbound,"RENEWED_2025_Virgin Islands, British:Caribbean B. Virgin Islands SEP24 AUG25",01-SEP-2025,31-AUG-2026,United Kingdom,"Virgin Islands, British",End of Agreement,Voice,MO,"Single Rate Effective (Voice, SMS, Data, VoLTE)","GBRME, GBROR",VGBCC,0.10000,Value,Gross,USD,,Actual,,,,01-SEP-25,31-AUG-26,,,,,,,,,,MULTI,Armenia,,,,,ALL
Customer/Outbound,"RENEWED_2025_Virgin Islands, British:Caribbean B. Virgin Islands SEP24 AUG25",01-SEP-2025,31-AUG-2026,United Kingdom,"Virgin Islands, British",End of Agreement,Voice,MO,"Single Rate Effective (Voice, SMS, Data, VoLTE)","GBRME, GBROR",VGBCC,0.10000,Value,Gross,USD,,Actual,,,,01-SEP-25,31-AUG-26,,,,,,,,,,MULTI,Argentina,,,,,ALL
Customer/Outbound,"RENEWED_2025_Virgin Islands, British:Caribbean B. Virgin Islands SEP24 AUG25",01-SEP-2025,31-AUG-2026,United Kingdom,"Virgin Islands, British",End of Agreement,Voice,MO,"Single Rate Effective (Voice, SMS, Data, VoLTE)","GBRME, GBROR",VGBCC,0.10000,Value,Gross,USD,,Actual,,,,01-SEP-25,31-AUG-26,,,,,,,,,,MULTI,Antigua and Barbuda,,,,,ALL
Customer/Outbound,"RENEWED_2025_Virgin Islands, British:Caribbean B. Virgin Islands SEP24 AUG25",01-SEP-2025,31-AUG-2026,United Kingdom,"Virgin Islands, British",End of Agreement,Voice,MO,"Single Rate Effective (Voice, SMS, Data, VoLTE)","GBRME, GBROR",VGBCC,0.10000,Value,Gross,USD,,Actual,,,,01-SEP-25,31-AUG-26,,,,,,,,,,MULTI,Antartica,,,,,ALL
Customer/Outbound,"RENEWED_2025_Virgin Islands, British:Caribbean B. Virgin Islands SEP24 AUG25",01-SEP-2025,31-AUG-2026,United Kingdom,"Virgin Islands, British",End of Agreement,Voice,MO,"Single Rate Effective (Voice, SMS, Data, VoLTE)","GBRME, GBROR",VGBCC,0.10000,Value,Gross,USD,,Actual,,,,01-SEP-25,31-AUG-26,,,,,,,,,,MULTI,Anguilla,,,,,ALL
Customer/Outbound,"RENEWED_2025_Virgin Islands, British:Caribbean B. Virgin Islands SEP24 AUG25",01-SEP-2025,31-AUG-2026,United Kingdom,"Virgin Islands, British",End of Agreement,Voice,MO,"Single Rate Effective (Voice, SMS, Data, VoLTE)","GBRME, GBROR",VGBCC,0.10000,Value,Gross,USD,,Actual,,,,01-SEP-25,31-AUG-26,,,,,,,,,,MULTI,Angola,,,,,ALL
Customer/Outbound,"RENEWED_2025_Virgin Islands, British:Caribbean B. Virgin Islands SEP24 AUG25",01-SEP-2025,31-AUG-2026,United Kingdom,"Virgin Islands, British",End of Agreement,Voice,MO,"Single Rate Effective (Voice, SMS, Data, VoLTE)","GBRME, GBROR",VGBCC,0.10000,Value,Gross,USD,,Actual,,,,01-SEP-25,31-AUG-26,,,,,,,,,,MULTI,Andorra,,,,,ALL
Customer/Outbound,"RENEWED_2025_Virgin Islands, British:Caribbean B. Virgin Islands SEP24 AUG25",01-SEP-2025,31-AUG-2026,United Kingdom,"Virgin Islands, British",End of Agreement,Voice,MO,"Single Rate Effective (Voice, SMS, Data, VoLTE)","GBRME, GBROR",VGBCC,0.10000,Value,Gross,USD,,Actual,,,,01-SEP-25,31-AUG-26,,,,,,,,,,MULTI,American Samoa,,,,,ALL
Customer/Outbound,"RENEWED_2025_Virgin Islands, British:Caribbean B. Virgin Islands SEP24 AUG25",01-SEP-2025,31-AUG-2026,United Kingdom,"Virgin Islands, British",End of Agreement,Voice,MO,"Single Rate Effective (Voice, SMS, Data, VoLTE)","GBRME, GBROR",VGBCC,0.10000,Value,Gross,USD,,Actual,,,,01-SEP-25,31-AUG-26,,,,,,,,,,MULTI,Algeria,,,,,ALL
Customer/Outbound,"RENEWED_2025_Virgin Islands, British:Caribbean B. Virgin Islands SEP24 AUG25",01-SEP-2025,31-AUG-2026,United Kingdom,"Virgin Islands, British",End of Agreement,Voice,MO,"Single Rate Effective (Voice, SMS, Data, VoLTE)","GBRME, GBROR",VGBCC,0.10000,Value,Gross,USD,,Actual,,,,01-SEP-25,31-AUG-26,,,,,,,,,,MULTI,Albania,,,,,ALL
Visitor/Inbound,"RENEWED_2025_Virgin Islands, British:Caribbean B. Virgin Islands SEP24 AUG25",01-SEP-2025,31-AUG-2026,United Kingdom,"Virgin Islands, British",End of Agreement,Voice,MO,"Single Rate Effective (Voice, SMS, Data, VoLTE)","GBRME, GBROR",VGBCC,0.10000,Value,Gross,USD,,Actual,,,,01-SEP-25,31-AUG-26,,,,,,,,,,MULTI,Afghanistan,,,,,ALL
Visitor/Inbound,"RENEWED_2025_Virgin Islands, British:Caribbean B. Virgin Islands SEP24 AUG25",01-SEP-2025,31-AUG-2026,United Kingdom,"Virgin Islands, British",End of Agreement,Voice,MO,"Single Rate Effective (Voice, SMS, Data, VoLTE)","GBRME, GBROR",VGBCC,0.30000,Value,Gross,USD,,Actual,,,,01-SEP-25,31-AUG-26,,,,,,,,,,MULTI,"Virgin Islands, British",,,,,ALL
Visitor/Inbound,"RENEWED_2025_Virgin Islands, British:Caribbean B. Virgin Islands SEP24 AUG25",01-SEP-2025,31-AUG-2026,United Kingdom,"Virgin Islands, British",End of Agreement,Voice,MO,"Single Rate Effective (Voice, SMS, Data, VoLTE)","GBRME, GBROR",VGBCC,0.10000,Value,Gross,USD,,Actual,,,,01-SEP-25,31-AUG-26,,,,,,,,,,MULTI,Zimbabwe,,,,,ALL
Visitor/Inbound,"RENEWED_2025_Virgin Islands, British:Caribbean B. Virgin Islands SEP24 AUG25",01-SEP-2025,31-AUG-2026,United Kingdom,"Virgin Islands, British",End of Agreement,Voice,MO,"Single Rate Effective (Voice, SMS, Data, VoLTE)","GBRME, GBROR",VGBCC,0.10000,Value,Gross,USD,,Actual,,,,01-SEP-25,31-AUG-26,,,,,,,,,,MULTI,Zambia,,,,,ALL
Visitor/Inbound,"RENEWED_2025_Virgin Islands, British:Caribbean B. Virgin Islands SEP24 AUG25",01-SEP-2025,31-AUG-2026,United Kingdom,"Virgin Islands, British",End of Agreement,Voice,MO,"Single Rate Effective (Voice, SMS, Data, VoLTE)","GBRME, GBROR",VGBCC,0.10000,Value,Gross,USD,,Actual,,,,01-SEP-25,31-AUG-26,,,,,,,,,,MULTI,Yemen,,,,,ALL
Visitor/Inbound,"RENEWED_2025_Virgin Islands, British:Caribbean B. Virgin Islands SEP24 AUG25",01-SEP-2025,31-AUG-2026,United Kingdom,"Virgin Islands, British",End of Agreement,Voice,MO,"Single Rate Effective (Voice, SMS, Data, VoLTE)","GBRME, GBROR",VGBCC,0.10000,Value,Gross,USD,,Actual,,,,01-SEP-25,31-AUG-26,,,,,,,,,,MULTI,Western Sahara,,,,,ALL
Visitor/Inbound,"RENEWED_2025_Virgin Islands, British:Caribbean B. Virgin Islands SEP24 AUG25",01-SEP-2025,31-AUG-2026,United Kingdom,"Virgin Islands, British",End of Agreement,Voice,MO,"Single Rate Effective (Voice, SMS, Data, VoLTE)","GBRME, GBROR",VGBCC,0.10000,Value,Gross,USD,,Actual,,,,01-SEP-25,31-AUG-26,,,,,,,,,,MULTI,Wallis and Futuna,,,,,ALL
Visitor/Inbound,"RENEWED_2025_Virgin Islands, British:Caribbean B. Virgin Islands SEP24 AUG25",01-SEP-2025,31-AUG-2026,United Kingdom,"Virgin Islands, British",End of Agreement,Voice,MO,"Single Rate Effective (Voice, SMS, Data, VoLTE)","GBRME, GBROR",VGBCC,0.10000,Value,Gross,USD,,Actual,,,,01-SEP-25,31-AUG-26,,,,,,,,,,MULTI,"Virgin Islands, U.S.",,,,,ALL
Visitor/Inbound,"RENEWED_2025_Virgin Islands, British:Caribbean B. Virgin Islands SEP24 AUG25",01-SEP-2025,31-AUG-2026,United Kingdom,"Virgin Islands, British",End of Agreement,Voice,MO,"Single Rate Effective (Voice, SMS, Data, VoLTE)","GBRME, GBROR",VGBCC,0.10000,Value,Gross,USD,,Actual,,,,01-SEP-25,31-AUG-26,,,,,,,,,,MULTI,Viet Nam,,,,,ALL
Visitor/Inbound,"RENEWED_2025_Virgin Islands, British:Caribbean B. Virgin Islands SEP24 AUG25",01-SEP-2025,31-AUG-2026,United Kingdom,"Virgin Islands, British",End of Agreement,Voice,MO,"Single Rate Effective (Voice, SMS, Data, VoLTE)","GBRME, GBROR",VGBCC,0.10000,Value,Gross,USD,,Actual,,,,01-SEP-25,31-AUG-26,,,,,,,,,,MULTI,Venezuela,,,,,ALL
Visitor/Inbound,"RENEWED_2025_Virgin Islands, British:Caribbean B. Virgin Islands SEP24 AUG25",01-SEP-2025,31-AUG-2026,United Kingdom,"Virgin Islands, British",End of Agreement,Voice,MO,"Single Rate Effective (Voice, SMS, Data, VoLTE)","GBRME, GBROR",VGBCC,0.10000,Value,Gross,USD,,Actual,,,,01-SEP-25,31-AUG-26,,,,,,,,,,MULTI,Vanuatu,,,,,ALL
Visitor/Inbound,"RENEWED_2025_Virgin Islands, British:Caribbean B. Virgin Islands SEP24 AUG25",01-SEP-2025,31-AUG-2026,United Kingdom,"Virgin Islands, British",End of Agreement,Voice,MO,"Single Rate Effective (Voice, SMS, Data, VoLTE)","GBRME, GBROR",VGBCC,0.10000,Value,Gross,USD,,Actual,,,,01-SEP-25,31-AUG-26,,,,,,,,,,MULTI,Uzbekistan,,,,,ALL
Visitor/Inbound,"RENEWED_2025_Virgin Islands, British:Caribbean B. Virgin Islands SEP24 AUG25",01-SEP-2025,31-AUG-2026,United Kingdom,"Virgin Islands, British",End of Agreement,Voice,MO,"Single Rate Effective (Voice, SMS, Data, VoLTE)","GBRME, GBROR",VGBCC,0.10000,Value,Gross,USD,,Actual,,,,01-SEP-25,31-AUG-26,,,,,,,,,,MULTI,Uruguay,,,,,ALL
Visitor/Inbound,"RENEWED_2025_Virgin Islands, British:Caribbean B. Virgin Islands SEP24 AUG25",01-SEP-2025,31-AUG-2026,United Kingdom,"Virgin Islands, British",End of Agreement,Voice,MO,"Single Rate Effective (Voice, SMS, Data, VoLTE)","GBRME, GBROR",VGBCC,0.10000,Value,Gross,USD,,Actual,,,,01-SEP-25,31-AUG-26,,,,,,,,,,MULTI,United States Minor Outlying Islands,,,,,ALL
Visitor/Inbound,"RENEWED_2025_Virgin Islands, British:Caribbean B. Virgin Islands SEP24 AUG25",01-SEP-2025,31-AUG-2026,United Kingdom,"Virgin Islands, British",End of Agreement,Voice,MO,"Single Rate Effective (Voice, SMS, Data, VoLTE)","GBRME, GBROR",VGBCC,0.10000,Value,Gross,USD,,Actual,,,,01-SEP-25,31-AUG-26,,,,,,,,,,MULTI,United States,,,,,ALL
Visitor/Inbound,"RENEWED_2025_Virgin Islands, British:Caribbean B. Virgin Islands SEP24 AUG25",01-SEP-2025,31-AUG-2026,United Kingdom,"Virgin Islands, British",End of Agreement,Voice,MO,"Single Rate Effective (Voice, SMS, Data, VoLTE)","GBRME, GBROR",VGBCC,0.10000,Value,Gross,USD,,Actual,,,,01-SEP-25,31-AUG-26,,,,,,,,,,MULTI,United Kingdom,,,,,ALL
Visitor/Inbound,"RENEWED_2025_Virgin Islands, British:Caribbean B. Virgin Islands SEP24 AUG25",01-SEP-2025,31-AUG-2026,United Kingdom,"Virgin Islands, British",End of Agreement,Voice,MO,"Single Rate Effective (Voice, SMS, Data, VoLTE)","GBRME, GBROR",VGBCC,0.10000,Value,Gross,USD,,Actual,,,,01-SEP-25,31-AUG-26,,,,,,,,,,MULTI,United Arab Emirates,,,,,ALL
Visitor/Inbound,"RENEWED_2025_Virgin Islands, British:Caribbean B. Virgin Islands SEP24 AUG25",01-SEP-2025,31-AUG-2026,United Kingdom,"Virgin Islands, British",End of Agreement,Voice,MO,"Single Rate Effective (Voice, SMS, Data, VoLTE)","GBRME, GBROR",VGBCC,0.10000,Value,Gross,USD,,Actual,,,,01-SEP-25,31-AUG-26,,,,,,,,,,MULTI,Ukraine,,,,,ALL
Visitor/Inbound,"RENEWED_2025_Virgin Islands, British:Caribbean B. Virgin Islands SEP24 AUG25",01-SEP-2025,31-AUG-2026,United Kingdom,"Virgin Islands, British",End of Agreement,Voice,MO,"Single Rate Effective (Voice, SMS, Data, VoLTE)","GBRME, GBROR",VGBCC,0.10000,Value,Gross,USD,,Actual,,,,01-SEP-25,31-AUG-26,,,,,,,,,,MULTI,Uganda,,,,,ALL
Visitor/Inbound,"RENEWED_2025_Virgin Islands, British:Caribbean B. Virgin Islands SEP24 AUG25",01-SEP-2025,31-AUG-2026,United Kingdom,"Virgin Islands, British",End of Agreement,Voice,MO,"Single Rate Effective (Voice, SMS, Data, VoLTE)","GBRME, GBROR",VGBCC,0.10000,Value,Gross,USD,,Actual,,,,01-SEP-25,31-AUG-26,,,,,,,,,,MULTI,Tuvalu,,,,,ALL
Visitor/Inbound,"RENEWED_2025_Virgin Islands, British:Caribbean B. Virgin Islands SEP24 AUG25",01-SEP-2025,31-AUG-2026,United Kingdom,"Virgin Islands, British",End of Agreement,Voice,MO,"Single Rate Effective (Voice, SMS, Data, VoLTE)","GBRME, GBROR",VGBCC,0.10000,Value,Gross,USD,,Actual,,,,01-SEP-25,31-AUG-26,,,,,,,,,,MULTI,Turks and Caicos Islands,,,,,ALL
Visitor/Inbound,"RENEWED_2025_Virgin Islands, British:Caribbean B. Virgin Islands SEP24 AUG25",01-SEP-2025,31-AUG-2026,United Kingdom,"Virgin Islands, British",End of Agreement,Voice,MO,"Single Rate Effective (Voice, SMS, Data, VoLTE)","GBRME, GBROR",VGBCC,0.10000,Value,Gross,USD,,Actual,,,,01-SEP-25,31-AUG-26,,,,,,,,,,MULTI,Turkmenistan,,,,,ALL
Visitor/Inbound,"RENEWED_2025_Virgin Islands, British:Caribbean B. Virgin Islands SEP24 AUG25",01-SEP-2025,31-AUG-2026,United Kingdom,"Virgin Islands, British",End of Agreement,Voice,MO,"Single Rate Effective (Voice, SMS, Data, VoLTE)","GBRME, GBROR",VGBCC,0.10000,Value,Gross,USD,,Actual,,,,01-SEP-25,31-AUG-26,,,,,,,,,,MULTI,Turkey,,,,,ALL
Visitor/Inbound,"RENEWED_2025_Virgin Islands, British:Caribbean B. Virgin Islands SEP24 AUG25",01-SEP-2025,31-AUG-2026,United Kingdom,"Virgin Islands, British",End of Agreement,Voice,MO,"Single Rate Effective (Voice, SMS, Data, VoLTE)","GBRME, GBROR",VGBCC,0.10000,Value,Gross,USD,,Actual,,,,01-SEP-25,31-AUG-26,,,,,,,,,,MULTI,Tunisia,,,,,ALL
Visitor/Inbound,"RENEWED_2025_Virgin Islands, British:Caribbean B. Virgin Islands SEP24 AUG25",01-SEP-2025,31-AUG-2026,United Kingdom,"Virgin Islands, British",End of Agreement,Voice,MO,"Single Rate Effective (Voice, SMS, Data, VoLTE)","GBRME, GBROR",VGBCC,0.10000,Value,Gross,USD,,Actual,,,,01-SEP-25,31-AUG-26,,,,,,,,,,MULTI,Trinidad and Tobago,,,,,ALL
Visitor/Inbound,"RENEWED_2025_Virgin Islands, British:Caribbean B. Virgin Islands SEP24 AUG25",01-SEP-2025,31-AUG-2026,United Kingdom,"Virgin Islands, British",End of Agreement,Voice,MO,"Single Rate Effective (Voice, SMS, Data, VoLTE)","GBRME, GBROR",VGBCC,0.10000,Value,Gross,USD,,Actual,,,,01-SEP-25,31-AUG-26,,,,,,,,,,MULTI,Tonga,,,,,ALL
Visitor/Inbound,"RENEWED_2025_Virgin Islands, British:Caribbean B. Virgin Islands SEP24 AUG25",01-SEP-2025,31-AUG-2026,United Kingdom,"Virgin Islands, British",End of Agreement,Voice,MO,"Single Rate Effective (Voice, SMS, Data, VoLTE)","GBRME, GBROR",VGBCC,0.10000,Value,Gross,USD,,Actual,,,,01-SEP-25,31-AUG-26,,,,,,,,,,MULTI,Tokelau,,,,,ALL
Visitor/Inbound,"RENEWED_2025_Virgin Islands, British:Caribbean B. Virgin Islands SEP24 AUG25",01-SEP-2025,31-AUG-2026,United Kingdom,"Virgin Islands, British",End of Agreement,Voice,MO,"Single Rate Effective (Voice, SMS, Data, VoLTE)","GBRME, GBROR",VGBCC,0.10000,Value,Gross,USD,,Actual,,,,01-SEP-25,31-AUG-26,,,,,,,,,,MULTI,Togo,,,,,ALL
Visitor/Inbound,"RENEWED_2025_Virgin Islands, British:Caribbean B. Virgin Islands SEP24 AUG25",01-SEP-2025,31-AUG-2026,United Kingdom,"Virgin Islands, British",End of Agreement,Voice,MO,"Single Rate Effective (Voice, SMS, Data, VoLTE)","GBRME, GBROR",VGBCC,0.10000,Value,Gross,USD,,Actual,,,,01-SEP-25,31-AUG-26,,,,,,,,,,MULTI,Thailand,,,,,ALL
Visitor/Inbound,"RENEWED_2025_Virgin Islands, British:Caribbean B. Virgin Islands SEP24 AUG25",01-SEP-2025,31-AUG-2026,United Kingdom,"Virgin Islands, British",End of Agreement,Voice,MO,"Single Rate Effective (Voice, SMS, Data, VoLTE)","GBRME, GBROR",VGBCC,0.10000,Value,Gross,USD,,Actual,,,,01-SEP-25,31-AUG-26,,,,,,,,,,MULTI,"Tanzania, United Republic of",,,,,ALL
Visitor/Inbound,"RENEWED_2025_Virgin Islands, British:Caribbean B. Virgin Islands SEP24 AUG25",01-SEP-2025,31-AUG-2026,United Kingdom,"Virgin Islands, British",End of Agreement,Voice,MO,"Single Rate Effective (Voice, SMS, Data, VoLTE)","GBRME, GBROR",VGBCC,0.10000,Value,Gross,USD,,Actual,,,,01-SEP-25,31-AUG-26,,,,,,,,,,MULTI,Tajikistan,,,,,ALL
Visitor/Inbound,"RENEWED_2025_Virgin Islands, British:Caribbean B. Virgin Islands SEP24 AUG25",01-SEP-2025,31-AUG-2026,United Kingdom,"Virgin Islands, British",End of Agreement,Voice,MO,"Single Rate Effective (Voice, SMS, Data, VoLTE)","GBRME, GBROR",VGBCC,0.10000,Value,Gross,USD,,Actual,,,,01-SEP-25,31-AUG-26,,,,,,,,,,MULTI,"Taiwan, Province of China",,,,,ALL
Visitor/Inbound,"RENEWED_2025_Virgin Islands, British:Caribbean B. Virgin Islands SEP24 AUG25",01-SEP-2025,31-AUG-2026,United Kingdom,"Virgin Islands, British",End of Agreement,Voice,MO,"Single Rate Effective (Voice, SMS, Data, VoLTE)","GBRME, GBROR",VGBCC,0.10000,Value,Gross,USD,,Actual,,,,01-SEP-25,31-AUG-26,,,,,,,,,,MULTI,Syrian Arab Republic,,,,,ALL
Visitor/Inbound,"RENEWED_2025_Virgin Islands, British:Caribbean B. Virgin Islands SEP24 AUG25",01-SEP-2025,31-AUG-2026,United Kingdom,"Virgin Islands, British",End of Agreement,Voice,MO,"Single Rate Effective (Voice, SMS, Data, VoLTE)","GBRME, GBROR",VGBCC,0.10000,Value,Gross,USD,,Actual,,,,01-SEP-25,31-AUG-26,,,,,,,,,,MULTI,Switzerland,,,,,ALL
Visitor/Inbound,"RENEWED_2025_Virgin Islands, British:Caribbean B. Virgin Islands SEP24 AUG25",01-SEP-2025,31-AUG-2026,United Kingdom,"Virgin Islands, British",End of Agreement,Voice,MO,"Single Rate Effective (Voice, SMS, Data, VoLTE)","GBRME, GBROR",VGBCC,0.10000,Value,Gross,USD,,Actual,,,,01-SEP-25,31-AUG-26,,,,,,,,,,MULTI,Sweden,,,,,ALL
Visitor/Inbound,"RENEWED_2025_Virgin Islands, British:Caribbean B. Virgin Islands SEP24 AUG25",01-SEP-2025,31-AUG-2026,United Kingdom,"Virgin Islands, British",End of Agreement,Voice,MO,"Single Rate Effective (Voice, SMS, Data, VoLTE)","GBRME, GBROR",VGBCC,0.10000,Value,Gross,USD,,Actual,,,,01-SEP-25,31-AUG-26,,,,,,,,,,MULTI,Swaziland,,,,,ALL
Visitor/Inbound,"RENEWED_2025_Virgin Islands, British:Caribbean B. Virgin Islands SEP24 AUG25",01-SEP-2025,31-AUG-2026,United Kingdom,"Virgin Islands, British",End of Agreement,Voice,MO,"Single Rate Effective (Voice, SMS, Data, VoLTE)","GBRME, GBROR",VGBCC,0.10000,Value,Gross,USD,,Actual,,,,01-SEP-25,31-AUG-26,,,,,,,,,,MULTI,Svalbard,,,,,ALL
Visitor/Inbound,"RENEWED_2025_Virgin Islands, British:Caribbean B. Virgin Islands SEP24 AUG25",01-SEP-2025,31-AUG-2026,United Kingdom,"Virgin Islands, British",End of Agreement,Voice,MO,"Single Rate Effective (Voice, SMS, Data, VoLTE)","GBRME, GBROR",VGBCC,0.10000,Value,Gross,USD,,Actual,,,,01-SEP-25,31-AUG-26,,,,,,,,,,MULTI,Suriname,,,,,ALL
Visitor/Inbound,"RENEWED_2025_Virgin Islands, British:Caribbean B. Virgin Islands SEP24 AUG25",01-SEP-2025,31-AUG-2026,United Kingdom,"Virgin Islands, British",End of Agreement,Voice,MO,"Single Rate Effective (Voice, SMS, Data, VoLTE)","GBRME, GBROR",VGBCC,0.10000,Value,Gross,USD,,Actual,,,,01-SEP-25,31-AUG-26,,,,,,,,,,MULTI,Sudan,,,,,ALL
Visitor/Inbound,"RENEWED_2025_Virgin Islands, British:Caribbean B. Virgin Islands SEP24 AUG25",01-SEP-2025,31-AUG-2026,United Kingdom,"Virgin Islands, British",End of Agreement,Voice,MO,"Single Rate Effective (Voice, SMS, Data, VoLTE)","GBRME, GBROR",VGBCC,0.10000,Value,Gross,USD,,Actual,,,,01-SEP-25,31-AUG-26,,,,,,,,,,MULTI,Sri Lanka,,,,,ALL
Visitor/Inbound,"RENEWED_2025_Virgin Islands, British:Caribbean B. Virgin Islands SEP24 AUG25",01-SEP-2025,31-AUG-2026,United Kingdom,"Virgin Islands, British",End of Agreement,Voice,MO,"Single Rate Effective (Voice, SMS, Data, VoLTE)","GBRME, GBROR",VGBCC,0.10000,Value,Gross,USD,,Actual,,,,01-SEP-25,31-AUG-26,,,,,,,,,,MULTI,Spain,,,,,ALL
Visitor/Inbound,"RENEWED_2025_Virgin Islands, British:Caribbean B. Virgin Islands SEP24 AUG25",01-SEP-2025,31-AUG-2026,United Kingdom,"Virgin Islands, British",End of Agreement,Voice,MO,"Single Rate Effective (Voice, SMS, Data, VoLTE)","GBRME, GBROR",VGBCC,0.10000,Value,Gross,USD,,Actual,,,,01-SEP-25,31-AUG-26,,,,,,,,,,MULTI,South Sudan,,,,,ALL
Visitor/Inbound,"RENEWED_2025_Virgin Islands, British:Caribbean B. Virgin Islands SEP24 AUG25",01-SEP-2025,31-AUG-2026,United Kingdom,"Virgin Islands, British",End of Agreement,Voice,MO,"Single Rate Effective (Voice, SMS, Data, VoLTE)","GBRME, GBROR",VGBCC,0.10000,Value,Gross,USD,,Actual,,,,01-SEP-25,31-AUG-26,,,,,,,,,,MULTI,South Africa,,,,,ALL
Visitor/Inbound,"RENEWED_2025_Virgin Islands, British:Caribbean B. Virgin Islands SEP24 AUG25",01-SEP-2025,31-AUG-2026,United Kingdom,"Virgin Islands, British",End of Agreement,Voice,MO,"Single Rate Effective (Voice, SMS, Data, VoLTE)","GBRME, GBROR",VGBCC,0.10000,Value,Gross,USD,,Actual,,,,01-SEP-25,31-AUG-26,,,,,,,,,,MULTI,Somalia,,,,,ALL
Visitor/Inbound,"RENEWED_2025_Virgin Islands, British:Caribbean B. Virgin Islands SEP24 AUG25",01-SEP-2025,31-AUG-2026,United Kingdom,"Virgin Islands, British",End of Agreement,Voice,MO,"Single Rate Effective (Voice, SMS, Data, VoLTE)","GBRME, GBROR",VGBCC,0.10000,Value,Gross,USD,,Actual,,,,01-SEP-25,31-AUG-26,,,,,,,,,,MULTI,Solomon Islands,,,,,ALL
Visitor/Inbound,"RENEWED_2025_Virgin Islands, British:Caribbean B. Virgin Islands SEP24 AUG25",01-SEP-2025,31-AUG-2026,United Kingdom,"Virgin Islands, British",End of Agreement,Voice,MO,"Single Rate Effective (Voice, SMS, Data, VoLTE)","GBRME, GBROR",VGBCC,0.10000,Value,Gross,USD,,Actual,,,,01-SEP-25,31-AUG-26,,,,,,,,,,MULTI,Slovenia,,,,,ALL
Visitor/Inbound,"RENEWED_2025_Virgin Islands, British:Caribbean B. Virgin Islands SEP24 AUG25",01-SEP-2025,31-AUG-2026,United Kingdom,"Virgin Islands, British",End of Agreement,Voice,MO,"Single Rate Effective (Voice, SMS, Data, VoLTE)","GBRME, GBROR",VGBCC,0.10000,Value,Gross,USD,,Actual,,,,01-SEP-25,31-AUG-26,,,,,,,,,,MULTI,Slovakia,,,,,ALL
Visitor/Inbound,"RENEWED_2025_Virgin Islands, British:Caribbean B. Virgin Islands SEP24 AUG25",01-SEP-2025,31-AUG-2026,United Kingdom,"Virgin Islands, British",End of Agreement,Voice,MO,"Single Rate Effective (Voice, SMS, Data, VoLTE)","GBRME, GBROR",VGBCC,0.10000,Value,Gross,USD,,Actual,,,,01-SEP-25,31-AUG-26,,,,,,,,,,MULTI,Sint Maarten,,,,,ALL
Visitor/Inbound,"RENEWED_2025_Virgin Islands, British:Caribbean B. Virgin Islands SEP24 AUG25",01-SEP-2025,31-AUG-2026,United Kingdom,"Virgin Islands, British",End of Agreement,Voice,MO,"Single Rate Effective (Voice, SMS, Data, VoLTE)","GBRME, GBROR",VGBCC,0.10000,Value,Gross,USD,,Actual,,,,01-SEP-25,31-AUG-26,,,,,,,,,,MULTI,Singapore,,,,,ALL
Visitor/Inbound,"RENEWED_2025_Virgin Islands, British:Caribbean B. Virgin Islands SEP24 AUG25",01-SEP-2025,31-AUG-2026,United Kingdom,"Virgin Islands, British",End of Agreement,Voice,MO,"Single Rate Effective (Voice, SMS, Data, VoLTE)","GBRME, GBROR",VGBCC,0.10000,Value,Gross,USD,,Actual,,,,01-SEP-25,31-AUG-26,,,,,,,,,,MULTI,Sierra Leone,,,,,ALL
Visitor/Inbound,"RENEWED_2025_Virgin Islands, British:Caribbean B. Virgin Islands SEP24 AUG25",01-SEP-2025,31-AUG-2026,United Kingdom,"Virgin Islands, British",End of Agreement,Voice,MO,"Single Rate Effective (Voice, SMS, Data, VoLTE)","GBRME, GBROR",VGBCC,0.10000,Value,Gross,USD,,Actual,,,,01-SEP-25,31-AUG-26,,,,,,,,,,MULTI,Seychelles,,,,,ALL
Visitor/Inbound,"RENEWED_2025_Virgin Islands, British:Caribbean B. Virgin Islands SEP24 AUG25",01-SEP-2025,31-AUG-2026,United Kingdom,"Virgin Islands, British",End of Agreement,Voice,MO,"Single Rate Effective (Voice, SMS, Data, VoLTE)","GBRME, GBROR",VGBCC,0.10000,Value,Gross,USD,,Actual,,,,01-SEP-25,31-AUG-26,,,,,,,,,,MULTI,Serbia,,,,,ALL
Visitor/Inbound,"RENEWED_2025_Virgin Islands, British:Caribbean B. Virgin Islands SEP24 AUG25",01-SEP-2025,31-AUG-2026,United Kingdom,"Virgin Islands, British",End of Agreement,Voice,MO,"Single Rate Effective (Voice, SMS, Data, VoLTE)","GBRME, GBROR",VGBCC,0.10000,Value,Gross,USD,,Actual,,,,01-SEP-25,31-AUG-26,,,,,,,,,,MULTI,Senegal,,,,,ALL
Visitor/Inbound,"RENEWED_2025_Virgin Islands, British:Caribbean B. Virgin Islands SEP24 AUG25",01-SEP-2025,31-AUG-2026,United Kingdom,"Virgin Islands, British",End of Agreement,Voice,MO,"Single Rate Effective (Voice, SMS, Data, VoLTE)","GBRME, GBROR",VGBCC,0.10000,Value,Gross,USD,,Actual,,,,01-SEP-25,31-AUG-26,,,,,,,,,,MULTI,Saudi Arabia,,,,,ALL
Visitor/Inbound,"RENEWED_2025_Virgin Islands, British:Caribbean B. Virgin Islands SEP24 AUG25",01-SEP-2025,31-AUG-2026,United Kingdom,"Virgin Islands, British",End of Agreement,Voice,MO,"Single Rate Effective (Voice, SMS, Data, VoLTE)","GBRME, GBROR",VGBCC,0.10000,Value,Gross,USD,,Actual,,,,01-SEP-25,31-AUG-26,,,,,,,,,,MULTI,Satellite,,,,,ALL
Visitor/Inbound,"RENEWED_2025_Virgin Islands, British:Caribbean B. Virgin Islands SEP24 AUG25",01-SEP-2025,31-AUG-2026,United Kingdom,"Virgin Islands, British",End of Agreement,Voice,MO,"Single Rate Effective (Voice, SMS, Data, VoLTE)","GBRME, GBROR",VGBCC,0.10000,Value,Gross,USD,,Actual,,,,01-SEP-25,31-AUG-26,,,,,,,,,,MULTI,Sao Tome and Principe,,,,,ALL
Visitor/Inbound,"RENEWED_2025_Virgin Islands, British:Caribbean B. Virgin Islands SEP24 AUG25",01-SEP-2025,31-AUG-2026,United Kingdom,"Virgin Islands, British",End of Agreement,Voice,MO,"Single Rate Effective (Voice, SMS, Data, VoLTE)","GBRME, GBROR",VGBCC,0.10000,Value,Gross,USD,,Actual,,,,01-SEP-25,31-AUG-26,,,,,,,,,,MULTI,San Marino,,,,,ALL
Visitor/Inbound,"RENEWED_2025_Virgin Islands, British:Caribbean B. Virgin Islands SEP24 AUG25",01-SEP-2025,31-AUG-2026,United Kingdom,"Virgin Islands, British",End of Agreement,Voice,MO,"Single Rate Effective (Voice, SMS, Data, VoLTE)","GBRME, GBROR",VGBCC,0.10000,Value,Gross,USD,,Actual,,,,01-SEP-25,31-AUG-26,,,,,,,,,,MULTI,Samoa,,,,,ALL
Visitor/Inbound,"RENEWED_2025_Virgin Islands, British:Caribbean B. Virgin Islands SEP24 AUG25",01-SEP-2025,31-AUG-2026,United Kingdom,"Virgin Islands, British",End of Agreement,Voice,MO,"Single Rate Effective (Voice, SMS, Data, VoLTE)","GBRME, GBROR",VGBCC,0.10000,Value,Gross,USD,,Actual,,,,01-SEP-25,31-AUG-26,,,,,,,,,,MULTI,Saint Vincent and the Grenadines,,,,,ALL
Visitor/Inbound,"RENEWED_2025_Virgin Islands, British:Caribbean B. Virgin Islands SEP24 AUG25",01-SEP-2025,31-AUG-2026,United Kingdom,"Virgin Islands, British",End of Agreement,Voice,MO,"Single Rate Effective (Voice, SMS, Data, VoLTE)","GBRME, GBROR",VGBCC,0.10000,Value,Gross,USD,,Actual,,,,01-SEP-25,31-AUG-26,,,,,,,,,,MULTI,Saint Pierre and Miquelon,,,,,ALL
Visitor/Inbound,"RENEWED_2025_Virgin Islands, British:Caribbean B. Virgin Islands SEP24 AUG25",01-SEP-2025,31-AUG-2026,United Kingdom,"Virgin Islands, British",End of Agreement,Voice,MO,"Single Rate Effective (Voice, SMS, Data, VoLTE)","GBRME, GBROR",VGBCC,0.10000,Value,Gross,USD,,Actual,,,,01-SEP-25,31-AUG-26,,,,,,,,,,MULTI,Saint Lucia,,,,,ALL
Visitor/Inbound,"RENEWED_2025_Virgin Islands, British:Caribbean B. Virgin Islands SEP24 AUG25",01-SEP-2025,31-AUG-2026,United Kingdom,"Virgin Islands, British",End of Agreement,Voice,MO,"Single Rate Effective (Voice, SMS, Data, VoLTE)","GBRME, GBROR",VGBCC,0.10000,Value,Gross,USD,,Actual,,,,01-SEP-25,31-AUG-26,,,,,,,,,,MULTI,Saint Kitts and Nevis,,,,,ALL
Visitor/Inbound,"RENEWED_2025_Virgin Islands, British:Caribbean B. Virgin Islands SEP24 AUG25",01-SEP-2025,31-AUG-2026,United Kingdom,"Virgin Islands, British",End of Agreement,Voice,MO,"Single Rate Effective (Voice, SMS, Data, VoLTE)","GBRME, GBROR",VGBCC,0.10000,Value,Gross,USD,,Actual,,,,01-SEP-25,31-AUG-26,,,,,,,,,,MULTI,Saint Helena,,,,,ALL
Visitor/Inbound,"RENEWED_2025_Virgin Islands, British:Caribbean B. Virgin Islands SEP24 AUG25",01-SEP-2025,31-AUG-2026,United Kingdom,"Virgin Islands, British",End of Agreement,Voice,MO,"Single Rate Effective (Voice, SMS, Data, VoLTE)","GBRME, GBROR",VGBCC,0.10000,Value,Gross,USD,,Actual,,,,01-SEP-25,31-AUG-26,,,,,,,,,,MULTI,Réunion,,,,,ALL
Visitor/Inbound,"RENEWED_2025_Virgin Islands, British:Caribbean B. Virgin Islands SEP24 AUG25",01-SEP-2025,31-AUG-2026,United Kingdom,"Virgin Islands, British",End of Agreement,Voice,MO,"Single Rate Effective (Voice, SMS, Data, VoLTE)","GBRME, GBROR",VGBCC,0.10000,Value,Gross,USD,,Actual,,,,01-SEP-25,31-AUG-26,,,,,,,,,,MULTI,Rwanda,,,,,ALL
Visitor/Inbound,"RENEWED_2025_Virgin Islands, British:Caribbean B. Virgin Islands SEP24 AUG25",01-SEP-2025,31-AUG-2026,United Kingdom,"Virgin Islands, British",End of Agreement,Voice,MO,"Single Rate Effective (Voice, SMS, Data, VoLTE)","GBRME, GBROR",VGBCC,0.10000,Value,Gross,USD,,Actual,,,,01-SEP-25,31-AUG-26,,,,,,,,,,MULTI,Russian Federation,,,,,ALL
Visitor/Inbound,"RENEWED_2025_Virgin Islands, British:Caribbean B. Virgin Islands SEP24 AUG25",01-SEP-2025,31-AUG-2026,United Kingdom,"Virgin Islands, British",End of Agreement,Voice,MO,"Single Rate Effective (Voice, SMS, Data, VoLTE)","GBRME, GBROR",VGBCC,0.10000,Value,Gross,USD,,Actual,,,,01-SEP-25,31-AUG-26,,,,,,,,,,MULTI,Romania,,,,,ALL
Visitor/Inbound,"RENEWED_2025_Virgin Islands, British:Caribbean B. Virgin Islands SEP24 AUG25",01-SEP-2025,31-AUG-2026,United Kingdom,"Virgin Islands, British",End of Agreement,Voice,MO,"Single Rate Effective (Voice, SMS, Data, VoLTE)","GBRME, GBROR",VGBCC,0.10000,Value,Gross,USD,,Actual,,,,01-SEP-25,31-AUG-26,,,,,,,,,,MULTI,Republic of North Macedonia,,,,,ALL
Visitor/Inbound,"RENEWED_2025_Virgin Islands, British:Caribbean B. Virgin Islands SEP24 AUG25",01-SEP-2025,31-AUG-2026,United Kingdom,"Virgin Islands, British",End of Agreement,Voice,MO,"Single Rate Effective (Voice, SMS, Data, VoLTE)","GBRME, GBROR",VGBCC,0.10000,Value,Gross,USD,,Actual,,,,01-SEP-25,31-AUG-26,,,,,,,,,,MULTI,Qatar,,,,,ALL
Visitor/Inbound,"RENEWED_2025_Virgin Islands, British:Caribbean B. Virgin Islands SEP24 AUG25",01-SEP-2025,31-AUG-2026,United Kingdom,"Virgin Islands, British",End of Agreement,Voice,MO,"Single Rate Effective (Voice, SMS, Data, VoLTE)","GBRME, GBROR",VGBCC,0.10000,Value,Gross,USD,,Actual,,,,01-SEP-25,31-AUG-26,,,,,,,,,,MULTI,Puerto Rico,,,,,ALL
Visitor/Inbound,"RENEWED_2025_Virgin Islands, British:Caribbean B. Virgin Islands SEP24 AUG25",01-SEP-2025,31-AUG-2026,United Kingdom,"Virgin Islands, British",End of Agreement,Voice,MO,"Single Rate Effective (Voice, SMS, Data, VoLTE)","GBRME, GBROR",VGBCC,0.10000,Value,Gross,USD,,Actual,,,,01-SEP-25,31-AUG-26,,,,,,,,,,MULTI,Portugal,,,,,ALL
Visitor/Inbound,"RENEWED_2025_Virgin Islands, British:Caribbean B. Virgin Islands SEP24 AUG25",01-SEP-2025,31-AUG-2026,United Kingdom,"Virgin Islands, British",End of Agreement,Voice,MO,"Single Rate Effective (Voice, SMS, Data, VoLTE)","GBRME, GBROR",VGBCC,0.10000,Value,Gross,USD,,Actual,,,,01-SEP-25,31-AUG-26,,,,,,,,,,MULTI,Poland,,,,,ALL
Visitor/Inbound,"RENEWED_2025_Virgin Islands, British:Caribbean B. Virgin Islands SEP24 AUG25",01-SEP-2025,31-AUG-2026,United Kingdom,"Virgin Islands, British",End of Agreement,Voice,MO,"Single Rate Effective (Voice, SMS, Data, VoLTE)","GBRME, GBROR",VGBCC,0.10000,Value,Gross,USD,,Actual,,,,01-SEP-25,31-AUG-26,,,,,,,,,,MULTI,Pitcairn Group of Islands,,,,,ALL
Visitor/Inbound,"RENEWED_2025_Virgin Islands, British:Caribbean B. Virgin Islands SEP24 AUG25",01-SEP-2025,31-AUG-2026,United Kingdom,"Virgin Islands, British",End of Agreement,Voice,MO,"Single Rate Effective (Voice, SMS, Data, VoLTE)","GBRME, GBROR",VGBCC,0.10000,Value,Gross,USD,,Actual,,,,01-SEP-25,31-AUG-26,,,,,,,,,,MULTI,Philippines,,,,,ALL
Visitor/Inbound,"RENEWED_2025_Virgin Islands, British:Caribbean B. Virgin Islands SEP24 AUG25",01-SEP-2025,31-AUG-2026,United Kingdom,"Virgin Islands, British",End of Agreement,Voice,MO,"Single Rate Effective (Voice, SMS, Data, VoLTE)","GBRME, GBROR",VGBCC,0.10000,Value,Gross,USD,,Actual,,,,01-SEP-25,31-AUG-26,,,,,,,,,,MULTI,Peru,,,,,ALL
Visitor/Inbound,"RENEWED_2025_Virgin Islands, British:Caribbean B. Virgin Islands SEP24 AUG25",01-SEP-2025,31-AUG-2026,United Kingdom,"Virgin Islands, British",End of Agreement,Voice,MO,"Single Rate Effective (Voice, SMS, Data, VoLTE)","GBRME, GBROR",VGBCC,0.10000,Value,Gross,USD,,Actual,,,,01-SEP-25,31-AUG-26,,,,,,,,,,MULTI,Paraguay,,,,,ALL
Visitor/Inbound,"RENEWED_2025_Virgin Islands, British:Caribbean B. Virgin Islands SEP24 AUG25",01-SEP-2025,31-AUG-2026,United Kingdom,"Virgin Islands, British",End of Agreement,Voice,MO,"Single Rate Effective (Voice, SMS, Data, VoLTE)","GBRME, GBROR",VGBCC,0.10000,Value,Gross,USD,,Actual,,,,01-SEP-25,31-AUG-26,,,,,,,,,,MULTI,Papua New Guinea,,,,,ALL
Visitor/Inbound,"RENEWED_2025_Virgin Islands, British:Caribbean B. Virgin Islands SEP24 AUG25",01-SEP-2025,31-AUG-2026,United Kingdom,"Virgin Islands, British",End of Agreement,Voice,MO,"Single Rate Effective (Voice, SMS, Data, VoLTE)","GBRME, GBROR",VGBCC,0.10000,Value,Gross,USD,,Actual,,,,01-SEP-25,31-AUG-26,,,,,,,,,,MULTI,Panama,,,,,ALL
Visitor/Inbound,"RENEWED_2025_Virgin Islands, British:Caribbean B. Virgin Islands SEP24 AUG25",01-SEP-2025,31-AUG-2026,United Kingdom,"Virgin Islands, British",End of Agreement,Voice,MO,"Single Rate Effective (Voice, SMS, Data, VoLTE)","GBRME, GBROR",VGBCC,0.10000,Value,Gross,USD,,Actual,,,,01-SEP-25,31-AUG-26,,,,,,,,,,MULTI,Palestinian Territory,,,,,ALL
Visitor/Inbound,"RENEWED_2025_Virgin Islands, British:Caribbean B. Virgin Islands SEP24 AUG25",01-SEP-2025,31-AUG-2026,United Kingdom,"Virgin Islands, British",End of Agreement,Voice,MO,"Single Rate Effective (Voice, SMS, Data, VoLTE)","GBRME, GBROR",VGBCC,0.10000,Value,Gross,USD,,Actual,,,,01-SEP-25,31-AUG-26,,,,,,,,,,MULTI,Palau,,,,,ALL
Visitor/Inbound,"RENEWED_2025_Virgin Islands, British:Caribbean B. Virgin Islands SEP24 AUG25",01-SEP-2025,31-AUG-2026,United Kingdom,"Virgin Islands, British",End of Agreement,Voice,MO,"Single Rate Effective (Voice, SMS, Data, VoLTE)","GBRME, GBROR",VGBCC,0.10000,Value,Gross,USD,,Actual,,,,01-SEP-25,31-AUG-26,,,,,,,,,,MULTI,Pakistan,,,,,ALL
Visitor/Inbound,"RENEWED_2025_Virgin Islands, British:Caribbean B. Virgin Islands SEP24 AUG25",01-SEP-2025,31-AUG-2026,United Kingdom,"Virgin Islands, British",End of Agreement,Voice,MO,"Single Rate Effective (Voice, SMS, Data, VoLTE)","GBRME, GBROR",VGBCC,0.10000,Value,Gross,USD,,Actual,,,,01-SEP-25,31-AUG-26,,,,,,,,,,MULTI,Oman,,,,,ALL
Visitor/Inbound,"RENEWED_2025_Virgin Islands, British:Caribbean B. Virgin Islands SEP24 AUG25",01-SEP-2025,31-AUG-2026,United Kingdom,"Virgin Islands, British",End of Agreement,Voice,MO,"Single Rate Effective (Voice, SMS, Data, VoLTE)","GBRME, GBROR",VGBCC,0.10000,Value,Gross,USD,,Actual,,,,01-SEP-25,31-AUG-26,,,,,,,,,,MULTI,Norway,,,,,ALL
Visitor/Inbound,"RENEWED_2025_Virgin Islands, British:Caribbean B. Virgin Islands SEP24 AUG25",01-SEP-2025,31-AUG-2026,United Kingdom,"Virgin Islands, British",End of Agreement,Voice,MO,"Single Rate Effective (Voice, SMS, Data, VoLTE)","GBRME, GBROR",VGBCC,0.10000,Value,Gross,USD,,Actual,,,,01-SEP-25,31-AUG-26,,,,,,,,,,MULTI,Northern Mariana Islands,,,,,ALL
Visitor/Inbound,"RENEWED_2025_Virgin Islands, British:Caribbean B. Virgin Islands SEP24 AUG25",01-SEP-2025,31-AUG-2026,United Kingdom,"Virgin Islands, British",End of Agreement,Voice,MO,"Single Rate Effective (Voice, SMS, Data, VoLTE)","GBRME, GBROR",VGBCC,0.10000,Value,Gross,USD,,Actual,,,,01-SEP-25,31-AUG-26,,,,,,,,,,MULTI,Norfolk Island,,,,,ALL
Visitor/Inbound,"RENEWED_2025_Virgin Islands, British:Caribbean B. Virgin Islands SEP24 AUG25",01-SEP-2025,31-AUG-2026,United Kingdom,"Virgin Islands, British",End of Agreement,Voice,MO,"Single Rate Effective (Voice, SMS, Data, VoLTE)","GBRME, GBROR",VGBCC,0.10000,Value,Gross,USD,,Actual,,,,01-SEP-25,31-AUG-26,,,,,,,,,,MULTI,Niue,,,,,ALL
Visitor/Inbound,"RENEWED_2025_Virgin Islands, British:Caribbean B. Virgin Islands SEP24 AUG25",01-SEP-2025,31-AUG-2026,United Kingdom,"Virgin Islands, British",End of Agreement,Voice,MO,"Single Rate Effective (Voice, SMS, Data, VoLTE)","GBRME, GBROR",VGBCC,0.10000,Value,Gross,USD,,Actual,,,,01-SEP-25,31-AUG-26,,,,,,,,,,MULTI,Nigeria,,,,,ALL
Visitor/Inbound,"RENEWED_2025_Virgin Islands, British:Caribbean B. Virgin Islands SEP24 AUG25",01-SEP-2025,31-AUG-2026,United Kingdom,"Virgin Islands, British",End of Agreement,Voice,MO,"Single Rate Effective (Voice, SMS, Data, VoLTE)","GBRME, GBROR",VGBCC,0.10000,Value,Gross,USD,,Actual,,,,01-SEP-25,31-AUG-26,,,,,,,,,,MULTI,Niger,,,,,ALL
Visitor/Inbound,"RENEWED_2025_Virgin Islands, British:Caribbean B. Virgin Islands SEP24 AUG25",01-SEP-2025,31-AUG-2026,United Kingdom,"Virgin Islands, British",End of Agreement,Voice,MO,"Single Rate Effective (Voice, SMS, Data, VoLTE)","GBRME, GBROR",VGBCC,0.10000,Value,Gross,USD,,Actual,,,,01-SEP-25,31-AUG-26,,,,,,,,,,MULTI,Nicaragua,,,,,ALL
Visitor/Inbound,"RENEWED_2025_Virgin Islands, British:Caribbean B. Virgin Islands SEP24 AUG25",01-SEP-2025,31-AUG-2026,United Kingdom,"Virgin Islands, British",End of Agreement,Voice,MO,"Single Rate Effective (Voice, SMS, Data, VoLTE)","GBRME, GBROR",VGBCC,0.10000,Value,Gross,USD,,Actual,,,,01-SEP-25,31-AUG-26,,,,,,,,,,MULTI,New Zealand,,,,,ALL
Visitor/Inbound,"RENEWED_2025_Virgin Islands, British:Caribbean B. Virgin Islands SEP24 AUG25",01-SEP-2025,31-AUG-2026,United Kingdom,"Virgin Islands, British",End of Agreement,Voice,MO,"Single Rate Effective (Voice, SMS, Data, VoLTE)","GBRME, GBROR",VGBCC,0.10000,Value,Gross,USD,,Actual,,,,01-SEP-25,31-AUG-26,,,,,,,,,,MULTI,New Caledonia,,,,,ALL
Visitor/Inbound,"RENEWED_2025_Virgin Islands, British:Caribbean B. Virgin Islands SEP24 AUG25",01-SEP-2025,31-AUG-2026,United Kingdom,"Virgin Islands, British",End of Agreement,Voice,MO,"Single Rate Effective (Voice, SMS, Data, VoLTE)","GBRME, GBROR",VGBCC,0.10000,Value,Gross,USD,,Actual,,,,01-SEP-25,31-AUG-26,,,,,,,,,,MULTI,Netherlands Antilles,,,,,ALL
Visitor/Inbound,"RENEWED_2025_Virgin Islands, British:Caribbean B. Virgin Islands SEP24 AUG25",01-SEP-2025,31-AUG-2026,United Kingdom,"Virgin Islands, British",End of Agreement,Voice,MO,"Single Rate Effective (Voice, SMS, Data, VoLTE)","GBRME, GBROR",VGBCC,0.10000,Value,Gross,USD,,Actual,,,,01-SEP-25,31-AUG-26,,,,,,,,,,MULTI,Netherlands,,,,,ALL
Visitor/Inbound,"RENEWED_2025_Virgin Islands, British:Caribbean B. Virgin Islands SEP24 AUG25",01-SEP-2025,31-AUG-2026,United Kingdom,"Virgin Islands, British",End of Agreement,Voice,MO,"Single Rate Effective (Voice, SMS, Data, VoLTE)","GBRME, GBROR",VGBCC,0.10000,Value,Gross,USD,,Actual,,,,01-SEP-25,31-AUG-26,,,,,,,,,,MULTI,Nepal,,,,,ALL
Visitor/Inbound,"RENEWED_2025_Virgin Islands, British:Caribbean B. Virgin Islands SEP24 AUG25",01-SEP-2025,31-AUG-2026,United Kingdom,"Virgin Islands, British",End of Agreement,Voice,MO,"Single Rate Effective (Voice, SMS, Data, VoLTE)","GBRME, GBROR",VGBCC,0.10000,Value,Gross,USD,,Actual,,,,01-SEP-25,31-AUG-26,,,,,,,,,,MULTI,Nauru,,,,,ALL
Visitor/Inbound,"RENEWED_2025_Virgin Islands, British:Caribbean B. Virgin Islands SEP24 AUG25",01-SEP-2025,31-AUG-2026,United Kingdom,"Virgin Islands, British",End of Agreement,Voice,MO,"Single Rate Effective (Voice, SMS, Data, VoLTE)","GBRME, GBROR",VGBCC,0.10000,Value,Gross,USD,,Actual,,,,01-SEP-25,31-AUG-26,,,,,,,,,,MULTI,Namibia,,,,,ALL
Visitor/Inbound,"RENEWED_2025_Virgin Islands, British:Caribbean B. Virgin Islands SEP24 AUG25",01-SEP-2025,31-AUG-2026,United Kingdom,"Virgin Islands, British",End of Agreement,Voice,MO,"Single Rate Effective (Voice, SMS, Data, VoLTE)","GBRME, GBROR",VGBCC,0.10000,Value,Gross,USD,,Actual,,,,01-SEP-25,31-AUG-26,,,,,,,,,,MULTI,Myanmar,,,,,ALL
Visitor/Inbound,"RENEWED_2025_Virgin Islands, British:Caribbean B. Virgin Islands SEP24 AUG25",01-SEP-2025,31-AUG-2026,United Kingdom,"Virgin Islands, British",End of Agreement,Voice,MO,"Single Rate Effective (Voice, SMS, Data, VoLTE)","GBRME, GBROR",VGBCC,0.10000,Value,Gross,USD,,Actual,,,,01-SEP-25,31-AUG-26,,,,,,,,,,MULTI,Mozambique,,,,,ALL
Visitor/Inbound,"RENEWED_2025_Virgin Islands, British:Caribbean B. Virgin Islands SEP24 AUG25",01-SEP-2025,31-AUG-2026,United Kingdom,"Virgin Islands, British",End of Agreement,Voice,MO,"Single Rate Effective (Voice, SMS, Data, VoLTE)","GBRME, GBROR",VGBCC,0.10000,Value,Gross,USD,,Actual,,,,01-SEP-25,31-AUG-26,,,,,,,,,,MULTI,Morocco,,,,,ALL
Visitor/Inbound,"RENEWED_2025_Virgin Islands, British:Caribbean B. Virgin Islands SEP24 AUG25",01-SEP-2025,31-AUG-2026,United Kingdom,"Virgin Islands, British",End of Agreement,Voice,MO,"Single Rate Effective (Voice, SMS, Data, VoLTE)","GBRME, GBROR",VGBCC,0.10000,Value,Gross,USD,,Actual,,,,01-SEP-25,31-AUG-26,,,,,,,,,,MULTI,Montserrat,,,,,ALL
Visitor/Inbound,"RENEWED_2025_Virgin Islands, British:Caribbean B. Virgin Islands SEP24 AUG25",01-SEP-2025,31-AUG-2026,United Kingdom,"Virgin Islands, British",End of Agreement,Voice,MO,"Single Rate Effective (Voice, SMS, Data, VoLTE)","GBRME, GBROR",VGBCC,0.10000,Value,Gross,USD,,Actual,,,,01-SEP-25,31-AUG-26,,,,,,,,,,MULTI,Montenegro,,,,,ALL
Visitor/Inbound,"RENEWED_2025_Virgin Islands, British:Caribbean B. Virgin Islands SEP24 AUG25",01-SEP-2025,31-AUG-2026,United Kingdom,"Virgin Islands, British",End of Agreement,Voice,MO,"Single Rate Effective (Voice, SMS, Data, VoLTE)","GBRME, GBROR",VGBCC,0.10000,Value,Gross,USD,,Actual,,,,01-SEP-25,31-AUG-26,,,,,,,,,,MULTI,Mongolia,,,,,ALL
Visitor/Inbound,"RENEWED_2025_Virgin Islands, British:Caribbean B. Virgin Islands SEP24 AUG25",01-SEP-2025,31-AUG-2026,United Kingdom,"Virgin Islands, British",End of Agreement,Voice,MO,"Single Rate Effective (Voice, SMS, Data, VoLTE)","GBRME, GBROR",VGBCC,0.10000,Value,Gross,USD,,Actual,,,,01-SEP-25,31-AUG-26,,,,,,,,,,MULTI,Monaco,,,,,ALL
Visitor/Inbound,"RENEWED_2025_Virgin Islands, British:Caribbean B. Virgin Islands SEP24 AUG25",01-SEP-2025,31-AUG-2026,United Kingdom,"Virgin Islands, British",End of Agreement,Voice,MO,"Single Rate Effective (Voice, SMS, Data, VoLTE)","GBRME, GBROR",VGBCC,0.10000,Value,Gross,USD,,Actual,,,,01-SEP-25,31-AUG-26,,,,,,,,,,MULTI,"Moldova, Republic of",,,,,ALL
Visitor/Inbound,"RENEWED_2025_Virgin Islands, British:Caribbean B. Virgin Islands SEP24 AUG25",01-SEP-2025,31-AUG-2026,United Kingdom,"Virgin Islands, British",End of Agreement,Voice,MO,"Single Rate Effective (Voice, SMS, Data, VoLTE)","GBRME, GBROR",VGBCC,0.10000,Value,Gross,USD,,Actual,,,,01-SEP-25,31-AUG-26,,,,,,,,,,MULTI,"Micronesia, Federated States of",,,,,ALL
Visitor/Inbound,"RENEWED_2025_Virgin Islands, British:Caribbean B. Virgin Islands SEP24 AUG25",01-SEP-2025,31-AUG-2026,United Kingdom,"Virgin Islands, British",End of Agreement,Voice,MO,"Single Rate Effective (Voice, SMS, Data, VoLTE)","GBRME, GBROR",VGBCC,0.10000,Value,Gross,USD,,Actual,,,,01-SEP-25,31-AUG-26,,,,,,,,,,MULTI,Mexico,,,,,ALL
Visitor/Inbound,"RENEWED_2025_Virgin Islands, British:Caribbean B. Virgin Islands SEP24 AUG25",01-SEP-2025,31-AUG-2026,United Kingdom,"Virgin Islands, British",End of Agreement,Voice,MO,"Single Rate Effective (Voice, SMS, Data, VoLTE)","GBRME, GBROR",VGBCC,0.10000,Value,Gross,USD,,Actual,,,,01-SEP-25,31-AUG-26,,,,,,,,,,MULTI,Mayotte,,,,,ALL
Visitor/Inbound,"RENEWED_2025_Virgin Islands, British:Caribbean B. Virgin Islands SEP24 AUG25",01-SEP-2025,31-AUG-2026,United Kingdom,"Virgin Islands, British",End of Agreement,Voice,MO,"Single Rate Effective (Voice, SMS, Data, VoLTE)","GBRME, GBROR",VGBCC,0.10000,Value,Gross,USD,,Actual,,,,01-SEP-25,31-AUG-26,,,,,,,,,,MULTI,Mauritius,,,,,ALL
Visitor/Inbound,"RENEWED_2025_Virgin Islands, British:Caribbean B. Virgin Islands SEP24 AUG25",01-SEP-2025,31-AUG-2026,United Kingdom,"Virgin Islands, British",End of Agreement,Voice,MO,"Single Rate Effective (Voice, SMS, Data, VoLTE)","GBRME, GBROR",VGBCC,0.10000,Value,Gross,USD,,Actual,,,,01-SEP-25,31-AUG-26,,,,,,,,,,MULTI,Mauritania,,,,,ALL
Visitor/Inbound,"RENEWED_2025_Virgin Islands, British:Caribbean B. Virgin Islands SEP24 AUG25",01-SEP-2025,31-AUG-2026,United Kingdom,"Virgin Islands, British",End of Agreement,Voice,MO,"Single Rate Effective (Voice, SMS, Data, VoLTE)","GBRME, GBROR",VGBCC,0.10000,Value,Gross,USD,,Actual,,,,01-SEP-25,31-AUG-26,,,,,,,,,,MULTI,Martinique,,,,,ALL
Visitor/Inbound,"RENEWED_2025_Virgin Islands, British:Caribbean B. Virgin Islands SEP24 AUG25",01-SEP-2025,31-AUG-2026,United Kingdom,"Virgin Islands, British",End of Agreement,Voice,MO,"Single Rate Effective (Voice, SMS, Data, VoLTE)","GBRME, GBROR",VGBCC,0.10000,Value,Gross,USD,,Actual,,,,01-SEP-25,31-AUG-26,,,,,,,,,,MULTI,Marshall Islands,,,,,ALL
Visitor/Inbound,"RENEWED_2025_Virgin Islands, British:Caribbean B. Virgin Islands SEP24 AUG25",01-SEP-2025,31-AUG-2026,United Kingdom,"Virgin Islands, British",End of Agreement,Voice,MO,"Single Rate Effective (Voice, SMS, Data, VoLTE)","GBRME, GBROR",VGBCC,0.10000,Value,Gross,USD,,Actual,,,,01-SEP-25,31-AUG-26,,,,,,,,,,MULTI,Malta,,,,,ALL
Visitor/Inbound,"RENEWED_2025_Virgin Islands, British:Caribbean B. Virgin Islands SEP24 AUG25",01-SEP-2025,31-AUG-2026,United Kingdom,"Virgin Islands, British",End of Agreement,Voice,MO,"Single Rate Effective (Voice, SMS, Data, VoLTE)","GBRME, GBROR",VGBCC,0.10000,Value,Gross,USD,,Actual,,,,01-SEP-25,31-AUG-26,,,,,,,,,,MULTI,Mali,,,,,ALL
Visitor/Inbound,"RENEWED_2025_Virgin Islands, British:Caribbean B. Virgin Islands SEP24 AUG25",01-SEP-2025,31-AUG-2026,United Kingdom,"Virgin Islands, British",End of Agreement,Voice,MO,"Single Rate Effective (Voice, SMS, Data, VoLTE)","GBRME, GBROR",VGBCC,0.10000,Value,Gross,USD,,Actual,,,,01-SEP-25,31-AUG-26,,,,,,,,,,MULTI,Maldives,,,,,ALL
Visitor/Inbound,"RENEWED_2025_Virgin Islands, British:Caribbean B. Virgin Islands SEP24 AUG25",01-SEP-2025,31-AUG-2026,United Kingdom,"Virgin Islands, British",End of Agreement,Voice,MO,"Single Rate Effective (Voice, SMS, Data, VoLTE)","GBRME, GBROR",VGBCC,0.10000,Value,Gross,USD,,Actual,,,,01-SEP-25,31-AUG-26,,,,,,,,,,MULTI,Malaysia,,,,,ALL
Visitor/Inbound,"RENEWED_2025_Virgin Islands, British:Caribbean B. Virgin Islands SEP24 AUG25",01-SEP-2025,31-AUG-2026,United Kingdom,"Virgin Islands, British",End of Agreement,Voice,MO,"Single Rate Effective (Voice, SMS, Data, VoLTE)","GBRME, GBROR",VGBCC,0.10000,Value,Gross,USD,,Actual,,,,01-SEP-25,31-AUG-26,,,,,,,,,,MULTI,Malawi,,,,,ALL
Visitor/Inbound,"RENEWED_2025_Virgin Islands, British:Caribbean B. Virgin Islands SEP24 AUG25",01-SEP-2025,31-AUG-2026,United Kingdom,"Virgin Islands, British",End of Agreement,Voice,MO,"Single Rate Effective (Voice, SMS, Data, VoLTE)","GBRME, GBROR",VGBCC,0.10000,Value,Gross,USD,,Actual,,,,01-SEP-25,31-AUG-26,,,,,,,,,,MULTI,Madagascar,,,,,ALL
Visitor/Inbound,"RENEWED_2025_Virgin Islands, British:Caribbean B. Virgin Islands SEP24 AUG25",01-SEP-2025,31-AUG-2026,United Kingdom,"Virgin Islands, British",End of Agreement,Voice,MO,"Single Rate Effective (Voice, SMS, Data, VoLTE)","GBRME, GBROR",VGBCC,0.10000,Value,Gross,USD,,Actual,,,,01-SEP-25,31-AUG-26,,,,,,,,,,MULTI,Macao,,,,,ALL
Visitor/Inbound,"RENEWED_2025_Virgin Islands, British:Caribbean B. Virgin Islands SEP24 AUG25",01-SEP-2025,31-AUG-2026,United Kingdom,"Virgin Islands, British",End of Agreement,Voice,MO,"Single Rate Effective (Voice, SMS, Data, VoLTE)","GBRME, GBROR",VGBCC,0.10000,Value,Gross,USD,,Actual,,,,01-SEP-25,31-AUG-26,,,,,,,,,,MULTI,Luxembourg,,,,,ALL
Visitor/Inbound,"RENEWED_2025_Virgin Islands, British:Caribbean B. Virgin Islands SEP24 AUG25",01-SEP-2025,31-AUG-2026,United Kingdom,"Virgin Islands, British",End of Agreement,Voice,MO,"Single Rate Effective (Voice, SMS, Data, VoLTE)","GBRME, GBROR",VGBCC,0.10000,Value,Gross,USD,,Actual,,,,01-SEP-25,31-AUG-26,,,,,,,,,,MULTI,Lithuania,,,,,ALL
Visitor/Inbound,"RENEWED_2025_Virgin Islands, British:Caribbean B. Virgin Islands SEP24 AUG25",01-SEP-2025,31-AUG-2026,United Kingdom,"Virgin Islands, British",End of Agreement,Voice,MO,"Single Rate Effective (Voice, SMS, Data, VoLTE)","GBRME, GBROR",VGBCC,0.10000,Value,Gross,USD,,Actual,,,,01-SEP-25,31-AUG-26,,,,,,,,,,MULTI,Liechtenstein,,,,,ALL
Visitor/Inbound,"RENEWED_2025_Virgin Islands, British:Caribbean B. Virgin Islands SEP24 AUG25",01-SEP-2025,31-AUG-2026,United Kingdom,"Virgin Islands, British",End of Agreement,Voice,MO,"Single Rate Effective (Voice, SMS, Data, VoLTE)","GBRME, GBROR",VGBCC,0.10000,Value,Gross,USD,,Actual,,,,01-SEP-25,31-AUG-26,,,,,,,,,,MULTI,Libyan Arab Jamahiriya,,,,,ALL
Visitor/Inbound,"RENEWED_2025_Virgin Islands, British:Caribbean B. Virgin Islands SEP24 AUG25",01-SEP-2025,31-AUG-2026,United Kingdom,"Virgin Islands, British",End of Agreement,Voice,MO,"Single Rate Effective (Voice, SMS, Data, VoLTE)","GBRME, GBROR",VGBCC,0.10000,Value,Gross,USD,,Actual,,,,01-SEP-25,31-AUG-26,,,,,,,,,,MULTI,Liberia,,,,,ALL
Visitor/Inbound,"RENEWED_2025_Virgin Islands, British:Caribbean B. Virgin Islands SEP24 AUG25",01-SEP-2025,31-AUG-2026,United Kingdom,"Virgin Islands, British",End of Agreement,Voice,MO,"Single Rate Effective (Voice, SMS, Data, VoLTE)","GBRME, GBROR",VGBCC,0.10000,Value,Gross,USD,,Actual,,,,01-SEP-25,31-AUG-26,,,,,,,,,,MULTI,Lesotho,,,,,ALL
Visitor/Inbound,"RENEWED_2025_Virgin Islands, British:Caribbean B. Virgin Islands SEP24 AUG25",01-SEP-2025,31-AUG-2026,United Kingdom,"Virgin Islands, British",End of Agreement,Voice,MO,"Single Rate Effective (Voice, SMS, Data, VoLTE)","GBRME, GBROR",VGBCC,0.10000,Value,Gross,USD,,Actual,,,,01-SEP-25,31-AUG-26,,,,,,,,,,MULTI,Lebanon,,,,,ALL
Visitor/Inbound,"RENEWED_2025_Virgin Islands, British:Caribbean B. Virgin Islands SEP24 AUG25",01-SEP-2025,31-AUG-2026,United Kingdom,"Virgin Islands, British",End of Agreement,Voice,MO,"Single Rate Effective (Voice, SMS, Data, VoLTE)","GBRME, GBROR",VGBCC,0.10000,Value,Gross,USD,,Actual,,,,01-SEP-25,31-AUG-26,,,,,,,,,,MULTI,Latvia,,,,,ALL
Visitor/Inbound,"RENEWED_2025_Virgin Islands, British:Caribbean B. Virgin Islands SEP24 AUG25",01-SEP-2025,31-AUG-2026,United Kingdom,"Virgin Islands, British",End of Agreement,Voice,MO,"Single Rate Effective (Voice, SMS, Data, VoLTE)","GBRME, GBROR",VGBCC,0.10000,Value,Gross,USD,,Actual,,,,01-SEP-25,31-AUG-26,,,,,,,,,,MULTI,Lao People's Democratic Republic,,,,,ALL
Visitor/Inbound,"RENEWED_2025_Virgin Islands, British:Caribbean B. Virgin Islands SEP24 AUG25",01-SEP-2025,31-AUG-2026,United Kingdom,"Virgin Islands, British",End of Agreement,Voice,MO,"Single Rate Effective (Voice, SMS, Data, VoLTE)","GBRME, GBROR",VGBCC,0.10000,Value,Gross,USD,,Actual,,,,01-SEP-25,31-AUG-26,,,,,,,,,,MULTI,Kyrgyzstan,,,,,ALL
Visitor/Inbound,"RENEWED_2025_Virgin Islands, British:Caribbean B. Virgin Islands SEP24 AUG25",01-SEP-2025,31-AUG-2026,United Kingdom,"Virgin Islands, British",End of Agreement,Voice,MO,"Single Rate Effective (Voice, SMS, Data, VoLTE)","GBRME, GBROR",VGBCC,0.10000,Value,Gross,USD,,Actual,,,,01-SEP-25,31-AUG-26,,,,,,,,,,MULTI,Kuwait,,,,,ALL
Visitor/Inbound,"RENEWED_2025_Virgin Islands, British:Caribbean B. Virgin Islands SEP24 AUG25",01-SEP-2025,31-AUG-2026,United Kingdom,"Virgin Islands, British",End of Agreement,Voice,MO,"Single Rate Effective (Voice, SMS, Data, VoLTE)","GBRME, GBROR",VGBCC,0.10000,Value,Gross,USD,,Actual,,,,01-SEP-25,31-AUG-26,,,,,,,,,,MULTI,"Korea, Republic of",,,,,ALL
Visitor/Inbound,"RENEWED_2025_Virgin Islands, British:Caribbean B. Virgin Islands SEP24 AUG25",01-SEP-2025,31-AUG-2026,United Kingdom,"Virgin Islands, British",End of Agreement,Voice,MO,"Single Rate Effective (Voice, SMS, Data, VoLTE)","GBRME, GBROR",VGBCC,0.10000,Value,Gross,USD,,Actual,,,,01-SEP-25,31-AUG-26,,,,,,,,,,MULTI,"Korea, Democratic People's Republic of",,,,,ALL
Visitor/Inbound,"RENEWED_2025_Virgin Islands, British:Caribbean B. Virgin Islands SEP24 AUG25",01-SEP-2025,31-AUG-2026,United Kingdom,"Virgin Islands, British",End of Agreement,Voice,MO,"Single Rate Effective (Voice, SMS, Data, VoLTE)","GBRME, GBROR",VGBCC,0.10000,Value,Gross,USD,,Actual,,,,01-SEP-25,31-AUG-26,,,,,,,,,,MULTI,Kiribati,,,,,ALL
Visitor/Inbound,"RENEWED_2025_Virgin Islands, British:Caribbean B. Virgin Islands SEP24 AUG25",01-SEP-2025,31-AUG-2026,United Kingdom,"Virgin Islands, British",End of Agreement,Voice,MO,"Single Rate Effective (Voice, SMS, Data, VoLTE)","GBRME, GBROR",VGBCC,0.10000,Value,Gross,USD,,Actual,,,,01-SEP-25,31-AUG-26,,,,,,,,,,MULTI,Kenya,,,,,ALL
Visitor/Inbound,"RENEWED_2025_Virgin Islands, British:Caribbean B. Virgin Islands SEP24 AUG25",01-SEP-2025,31-AUG-2026,United Kingdom,"Virgin Islands, British",End of Agreement,Voice,MO,"Single Rate Effective (Voice, SMS, Data, VoLTE)","GBRME, GBROR",VGBCC,0.10000,Value,Gross,USD,,Actual,,,,01-SEP-25,31-AUG-26,,,,,,,,,,MULTI,Kazakhstan,,,,,ALL
Visitor/Inbound,"RENEWED_2025_Virgin Islands, British:Caribbean B. Virgin Islands SEP24 AUG25",01-SEP-2025,31-AUG-2026,United Kingdom,"Virgin Islands, British",End of Agreement,Voice,MO,"Single Rate Effective (Voice, SMS, Data, VoLTE)","GBRME, GBROR",VGBCC,0.10000,Value,Gross,USD,,Actual,,,,01-SEP-25,31-AUG-26,,,,,,,,,,MULTI,Jordan,,,,,ALL
Visitor/Inbound,"RENEWED_2025_Virgin Islands, British:Caribbean B. Virgin Islands SEP24 AUG25",01-SEP-2025,31-AUG-2026,United Kingdom,"Virgin Islands, British",End of Agreement,Voice,MO,"Single Rate Effective (Voice, SMS, Data, VoLTE)","GBRME, GBROR",VGBCC,0.10000,Value,Gross,USD,,Actual,,,,01-SEP-25,31-AUG-26,,,,,,,,,,MULTI,Jersey,,,,,ALL
Visitor/Inbound,"RENEWED_2025_Virgin Islands, British:Caribbean B. Virgin Islands SEP24 AUG25",01-SEP-2025,31-AUG-2026,United Kingdom,"Virgin Islands, British",End of Agreement,Voice,MO,"Single Rate Effective (Voice, SMS, Data, VoLTE)","GBRME, GBROR",VGBCC,0.10000,Value,Gross,USD,,Actual,,,,01-SEP-25,31-AUG-26,,,,,,,,,,MULTI,Japan,,,,,ALL
Visitor/Inbound,"RENEWED_2025_Virgin Islands, British:Caribbean B. Virgin Islands SEP24 AUG25",01-SEP-2025,31-AUG-2026,United Kingdom,"Virgin Islands, British",End of Agreement,Voice,MO,"Single Rate Effective (Voice, SMS, Data, VoLTE)","GBRME, GBROR",VGBCC,0.10000,Value,Gross,USD,,Actual,,,,01-SEP-25,31-AUG-26,,,,,,,,,,MULTI,Jamaica,,,,,ALL
Visitor/Inbound,"RENEWED_2025_Virgin Islands, British:Caribbean B. Virgin Islands SEP24 AUG25",01-SEP-2025,31-AUG-2026,United Kingdom,"Virgin Islands, British",End of Agreement,Voice,MO,"Single Rate Effective (Voice, SMS, Data, VoLTE)","GBRME, GBROR",VGBCC,0.10000,Value,Gross,USD,,Actual,,,,01-SEP-25,31-AUG-26,,,,,,,,,,MULTI,Ivory Coast,,,,,ALL
Visitor/Inbound,"RENEWED_2025_Virgin Islands, British:Caribbean B. Virgin Islands SEP24 AUG25",01-SEP-2025,31-AUG-2026,United Kingdom,"Virgin Islands, British",End of Agreement,Voice,MO,"Single Rate Effective (Voice, SMS, Data, VoLTE)","GBRME, GBROR",VGBCC,0.10000,Value,Gross,USD,,Actual,,,,01-SEP-25,31-AUG-26,,,,,,,,,,MULTI,Italy,,,,,ALL
Visitor/Inbound,"RENEWED_2025_Virgin Islands, British:Caribbean B. Virgin Islands SEP24 AUG25",01-SEP-2025,31-AUG-2026,United Kingdom,"Virgin Islands, British",End of Agreement,Voice,MO,"Single Rate Effective (Voice, SMS, Data, VoLTE)","GBRME, GBROR",VGBCC,0.10000,Value,Gross,USD,,Actual,,,,01-SEP-25,31-AUG-26,,,,,,,,,,MULTI,Israel,,,,,ALL
Visitor/Inbound,"RENEWED_2025_Virgin Islands, British:Caribbean B. Virgin Islands SEP24 AUG25",01-SEP-2025,31-AUG-2026,United Kingdom,"Virgin Islands, British",End of Agreement,Voice,MO,"Single Rate Effective (Voice, SMS, Data, VoLTE)","GBRME, GBROR",VGBCC,0.10000,Value,Gross,USD,,Actual,,,,01-SEP-25,31-AUG-26,,,,,,,,,,MULTI,Isle of Man,,,,,ALL
Visitor/Inbound,"RENEWED_2025_Virgin Islands, British:Caribbean B. Virgin Islands SEP24 AUG25",01-SEP-2025,31-AUG-2026,United Kingdom,"Virgin Islands, British",End of Agreement,Voice,MO,"Single Rate Effective (Voice, SMS, Data, VoLTE)","GBRME, GBROR",VGBCC,0.10000,Value,Gross,USD,,Actual,,,,01-SEP-25,31-AUG-26,,,,,,,,,,MULTI,Ireland,,,,,ALL
Visitor/Inbound,"RENEWED_2025_Virgin Islands, British:Caribbean B. Virgin Islands SEP24 AUG25",01-SEP-2025,31-AUG-2026,United Kingdom,"Virgin Islands, British",End of Agreement,Voice,MO,"Single Rate Effective (Voice, SMS, Data, VoLTE)","GBRME, GBROR",VGBCC,0.10000,Value,Gross,USD,,Actual,,,,01-SEP-25,31-AUG-26,,,,,,,,,,MULTI,Iraq,,,,,ALL
Visitor/Inbound,"RENEWED_2025_Virgin Islands, British:Caribbean B. Virgin Islands SEP24 AUG25",01-SEP-2025,31-AUG-2026,United Kingdom,"Virgin Islands, British",End of Agreement,Voice,MO,"Single Rate Effective (Voice, SMS, Data, VoLTE)","GBRME, GBROR",VGBCC,0.10000,Value,Gross,USD,,Actual,,,,01-SEP-25,31-AUG-26,,,,,,,,,,MULTI,"Iran, Islamic Republic of",,,,,ALL
Visitor/Inbound,"RENEWED_2025_Virgin Islands, British:Caribbean B. Virgin Islands SEP24 AUG25",01-SEP-2025,31-AUG-2026,United Kingdom,"Virgin Islands, British",End of Agreement,Voice,MO,"Single Rate Effective (Voice, SMS, Data, VoLTE)","GBRME, GBROR",VGBCC,0.10000,Value,Gross,USD,,Actual,,,,01-SEP-25,31-AUG-26,,,,,,,,,,MULTI,Indonesia,,,,,ALL
Visitor/Inbound,"RENEWED_2025_Virgin Islands, British:Caribbean B. Virgin Islands SEP24 AUG25",01-SEP-2025,31-AUG-2026,United Kingdom,"Virgin Islands, British",End of Agreement,Voice,MO,"Single Rate Effective (Voice, SMS, Data, VoLTE)","GBRME, GBROR",VGBCC,0.10000,Value,Gross,USD,,Actual,,,,01-SEP-25,31-AUG-26,,,,,,,,,,MULTI,India,,,,,ALL
Visitor/Inbound,"RENEWED_2025_Virgin Islands, British:Caribbean B. Virgin Islands SEP24 AUG25",01-SEP-2025,31-AUG-2026,United Kingdom,"Virgin Islands, British",End of Agreement,Voice,MO,"Single Rate Effective (Voice, SMS, Data, VoLTE)","GBRME, GBROR",VGBCC,0.10000,Value,Gross,USD,,Actual,,,,01-SEP-25,31-AUG-26,,,,,,,,,,MULTI,Iceland,,,,,ALL
Visitor/Inbound,"RENEWED_2025_Virgin Islands, British:Caribbean B. Virgin Islands SEP24 AUG25",01-SEP-2025,31-AUG-2026,United Kingdom,"Virgin Islands, British",End of Agreement,Voice,MO,"Single Rate Effective (Voice, SMS, Data, VoLTE)","GBRME, GBROR",VGBCC,0.10000,Value,Gross,USD,,Actual,,,,01-SEP-25,31-AUG-26,,,,,,,,,,MULTI,Hungary,,,,,ALL
Visitor/Inbound,"RENEWED_2025_Virgin Islands, British:Caribbean B. Virgin Islands SEP24 AUG25",01-SEP-2025,31-AUG-2026,United Kingdom,"Virgin Islands, British",End of Agreement,Voice,MO,"Single Rate Effective (Voice, SMS, Data, VoLTE)","GBRME, GBROR",VGBCC,0.10000,Value,Gross,USD,,Actual,,,,01-SEP-25,31-AUG-26,,,,,,,,,,MULTI,Hong Kong,,,,,ALL
Visitor/Inbound,"RENEWED_2025_Virgin Islands, British:Caribbean B. Virgin Islands SEP24 AUG25",01-SEP-2025,31-AUG-2026,United Kingdom,"Virgin Islands, British",End of Agreement,Voice,MO,"Single Rate Effective (Voice, SMS, Data, VoLTE)","GBRME, GBROR",VGBCC,0.10000,Value,Gross,USD,,Actual,,,,01-SEP-25,31-AUG-26,,,,,,,,,,MULTI,Honduras,,,,,ALL
Visitor/Inbound,"RENEWED_2025_Virgin Islands, British:Caribbean B. Virgin Islands SEP24 AUG25",01-SEP-2025,31-AUG-2026,United Kingdom,"Virgin Islands, British",End of Agreement,Voice,MO,"Single Rate Effective (Voice, SMS, Data, VoLTE)","GBRME, GBROR",VGBCC,0.10000,Value,Gross,USD,,Actual,,,,01-SEP-25,31-AUG-26,,,,,,,,,,MULTI,Holy See (Vatican City State),,,,,ALL
Visitor/Inbound,"RENEWED_2025_Virgin Islands, British:Caribbean B. Virgin Islands SEP24 AUG25",01-SEP-2025,31-AUG-2026,United Kingdom,"Virgin Islands, British",End of Agreement,Voice,MO,"Single Rate Effective (Voice, SMS, Data, VoLTE)","GBRME, GBROR",VGBCC,0.10000,Value,Gross,USD,,Actual,,,,01-SEP-25,31-AUG-26,,,,,,,,,,MULTI,Haiti,,,,,ALL
Visitor/Inbound,"RENEWED_2025_Virgin Islands, British:Caribbean B. Virgin Islands SEP24 AUG25",01-SEP-2025,31-AUG-2026,United Kingdom,"Virgin Islands, British",End of Agreement,Voice,MO,"Single Rate Effective (Voice, SMS, Data, VoLTE)","GBRME, GBROR",VGBCC,0.10000,Value,Gross,USD,,Actual,,,,01-SEP-25,31-AUG-26,,,,,,,,,,MULTI,Guyana,,,,,ALL
Visitor/Inbound,"RENEWED_2025_Virgin Islands, British:Caribbean B. Virgin Islands SEP24 AUG25",01-SEP-2025,31-AUG-2026,United Kingdom,"Virgin Islands, British",End of Agreement,Voice,MO,"Single Rate Effective (Voice, SMS, Data, VoLTE)","GBRME, GBROR",VGBCC,0.10000,Value,Gross,USD,,Actual,,,,01-SEP-25,31-AUG-26,,,,,,,,,,MULTI,Guinea-Bissau,,,,,ALL
Visitor/Inbound,"RENEWED_2025_Virgin Islands, British:Caribbean B. Virgin Islands SEP24 AUG25",01-SEP-2025,31-AUG-2026,United Kingdom,"Virgin Islands, British",End of Agreement,Voice,MO,"Single Rate Effective (Voice, SMS, Data, VoLTE)","GBRME, GBROR",VGBCC,0.10000,Value,Gross,USD,,Actual,,,,01-SEP-25,31-AUG-26,,,,,,,,,,MULTI,Guinea,,,,,ALL
Visitor/Inbound,"RENEWED_2025_Virgin Islands, British:Caribbean B. Virgin Islands SEP24 AUG25",01-SEP-2025,31-AUG-2026,United Kingdom,"Virgin Islands, British",End of Agreement,Voice,MO,"Single Rate Effective (Voice, SMS, Data, VoLTE)","GBRME, GBROR",VGBCC,0.10000,Value,Gross,USD,,Actual,,,,01-SEP-25,31-AUG-26,,,,,,,,,,MULTI,Guernsey,,,,,ALL
Visitor/Inbound,"RENEWED_2025_Virgin Islands, British:Caribbean B. Virgin Islands SEP24 AUG25",01-SEP-2025,31-AUG-2026,United Kingdom,"Virgin Islands, British",End of Agreement,Voice,MO,"Single Rate Effective (Voice, SMS, Data, VoLTE)","GBRME, GBROR",VGBCC,0.10000,Value,Gross,USD,,Actual,,,,01-SEP-25,31-AUG-26,,,,,,,,,,MULTI,Guatemala,,,,,ALL
Visitor/Inbound,"RENEWED_2025_Virgin Islands, British:Caribbean B. Virgin Islands SEP24 AUG25",01-SEP-2025,31-AUG-2026,United Kingdom,"Virgin Islands, British",End of Agreement,Voice,MO,"Single Rate Effective (Voice, SMS, Data, VoLTE)","GBRME, GBROR",VGBCC,0.10000,Value,Gross,USD,,Actual,,,,01-SEP-25,31-AUG-26,,,,,,,,,,MULTI,Guam,,,,,ALL
Visitor/Inbound,"RENEWED_2025_Virgin Islands, British:Caribbean B. Virgin Islands SEP24 AUG25",01-SEP-2025,31-AUG-2026,United Kingdom,"Virgin Islands, British",End of Agreement,Voice,MO,"Single Rate Effective (Voice, SMS, Data, VoLTE)","GBRME, GBROR",VGBCC,0.10000,Value,Gross,USD,,Actual,,,,01-SEP-25,31-AUG-26,,,,,,,,,,MULTI,Guadeloupe,,,,,ALL
Visitor/Inbound,"RENEWED_2025_Virgin Islands, British:Caribbean B. Virgin Islands SEP24 AUG25",01-SEP-2025,31-AUG-2026,United Kingdom,"Virgin Islands, British",End of Agreement,Voice,MO,"Single Rate Effective (Voice, SMS, Data, VoLTE)","GBRME, GBROR",VGBCC,0.10000,Value,Gross,USD,,Actual,,,,01-SEP-25,31-AUG-26,,,,,,,,,,MULTI,Grenada,,,,,ALL
Visitor/Inbound,"RENEWED_2025_Virgin Islands, British:Caribbean B. Virgin Islands SEP24 AUG25",01-SEP-2025,31-AUG-2026,United Kingdom,"Virgin Islands, British",End of Agreement,Voice,MO,"Single Rate Effective (Voice, SMS, Data, VoLTE)","GBRME, GBROR",VGBCC,0.10000,Value,Gross,USD,,Actual,,,,01-SEP-25,31-AUG-26,,,,,,,,,,MULTI,Greenland,,,,,ALL
Visitor/Inbound,"RENEWED_2025_Virgin Islands, British:Caribbean B. Virgin Islands SEP24 AUG25",01-SEP-2025,31-AUG-2026,United Kingdom,"Virgin Islands, British",End of Agreement,Voice,MO,"Single Rate Effective (Voice, SMS, Data, VoLTE)","GBRME, GBROR",VGBCC,0.10000,Value,Gross,USD,,Actual,,,,01-SEP-25,31-AUG-26,,,,,,,,,,MULTI,Greece,,,,,ALL
Visitor/Inbound,"RENEWED_2025_Virgin Islands, British:Caribbean B. Virgin Islands SEP24 AUG25",01-SEP-2025,31-AUG-2026,United Kingdom,"Virgin Islands, British",End of Agreement,Voice,MO,"Single Rate Effective (Voice, SMS, Data, VoLTE)","GBRME, GBROR",VGBCC,0.10000,Value,Gross,USD,,Actual,,,,01-SEP-25,31-AUG-26,,,,,,,,,,MULTI,Gibraltar,,,,,ALL
Visitor/Inbound,"RENEWED_2025_Virgin Islands, British:Caribbean B. Virgin Islands SEP24 AUG25",01-SEP-2025,31-AUG-2026,United Kingdom,"Virgin Islands, British",End of Agreement,Voice,MO,"Single Rate Effective (Voice, SMS, Data, VoLTE)","GBRME, GBROR",VGBCC,0.10000,Value,Gross,USD,,Actual,,,,01-SEP-25,31-AUG-26,,,,,,,,,,MULTI,Ghana,,,,,ALL
Visitor/Inbound,"RENEWED_2025_Virgin Islands, British:Caribbean B. Virgin Islands SEP24 AUG25",01-SEP-2025,31-AUG-2026,United Kingdom,"Virgin Islands, British",End of Agreement,Voice,MO,"Single Rate Effective (Voice, SMS, Data, VoLTE)","GBRME, GBROR",VGBCC,0.10000,Value,Gross,USD,,Actual,,,,01-SEP-25,31-AUG-26,,,,,,,,,,MULTI,Germany,,,,,ALL
Visitor/Inbound,"RENEWED_2025_Virgin Islands, British:Caribbean B. Virgin Islands SEP24 AUG25",01-SEP-2025,31-AUG-2026,United Kingdom,"Virgin Islands, British",End of Agreement,Voice,MO,"Single Rate Effective (Voice, SMS, Data, VoLTE)","GBRME, GBROR",VGBCC,0.10000,Value,Gross,USD,,Actual,,,,01-SEP-25,31-AUG-26,,,,,,,,,,MULTI,Georgia,,,,,ALL
Visitor/Inbound,"RENEWED_2025_Virgin Islands, British:Caribbean B. Virgin Islands SEP24 AUG25",01-SEP-2025,31-AUG-2026,United Kingdom,"Virgin Islands, British",End of Agreement,Voice,MO,"Single Rate Effective (Voice, SMS, Data, VoLTE)","GBRME, GBROR",VGBCC,0.10000,Value,Gross,USD,,Actual,,,,01-SEP-25,31-AUG-26,,,,,,,,,,MULTI,Gambia,,,,,ALL
Visitor/Inbound,"RENEWED_2025_Virgin Islands, British:Caribbean B. Virgin Islands SEP24 AUG25",01-SEP-2025,31-AUG-2026,United Kingdom,"Virgin Islands, British",End of Agreement,Voice,MO,"Single Rate Effective (Voice, SMS, Data, VoLTE)","GBRME, GBROR",VGBCC,0.10000,Value,Gross,USD,,Actual,,,,01-SEP-25,31-AUG-26,,,,,,,,,,MULTI,Gabon,,,,,ALL
Visitor/Inbound,"RENEWED_2025_Virgin Islands, British:Caribbean B. Virgin Islands SEP24 AUG25",01-SEP-2025,31-AUG-2026,United Kingdom,"Virgin Islands, British",End of Agreement,Voice,MO,"Single Rate Effective (Voice, SMS, Data, VoLTE)","GBRME, GBROR",VGBCC,0.10000,Value,Gross,USD,,Actual,,,,01-SEP-25,31-AUG-26,,,,,,,,,,MULTI,French Polynesia,,,,,ALL
Visitor/Inbound,"RENEWED_2025_Virgin Islands, British:Caribbean B. Virgin Islands SEP24 AUG25",01-SEP-2025,31-AUG-2026,United Kingdom,"Virgin Islands, British",End of Agreement,Voice,MO,"Single Rate Effective (Voice, SMS, Data, VoLTE)","GBRME, GBROR",VGBCC,0.10000,Value,Gross,USD,,Actual,,,,01-SEP-25,31-AUG-26,,,,,,,,,,MULTI,French Guiana,,,,,ALL
Visitor/Inbound,"RENEWED_2025_Virgin Islands, British:Caribbean B. Virgin Islands SEP24 AUG25",01-SEP-2025,31-AUG-2026,United Kingdom,"Virgin Islands, British",End of Agreement,Voice,MO,"Single Rate Effective (Voice, SMS, Data, VoLTE)","GBRME, GBROR",VGBCC,0.10000,Value,Gross,USD,,Actual,,,,01-SEP-25,31-AUG-26,,,,,,,,,,MULTI,France,,,,,ALL
Visitor/Inbound,"RENEWED_2025_Virgin Islands, British:Caribbean B. Virgin Islands SEP24 AUG25",01-SEP-2025,31-AUG-2026,United Kingdom,"Virgin Islands, British",End of Agreement,Voice,MO,"Single Rate Effective (Voice, SMS, Data, VoLTE)","GBRME, GBROR",VGBCC,0.10000,Value,Gross,USD,,Actual,,,,01-SEP-25,31-AUG-26,,,,,,,,,,MULTI,Finland,,,,,ALL
Visitor/Inbound,"RENEWED_2025_Virgin Islands, British:Caribbean B. Virgin Islands SEP24 AUG25",01-SEP-2025,31-AUG-2026,United Kingdom,"Virgin Islands, British",End of Agreement,Voice,MO,"Single Rate Effective (Voice, SMS, Data, VoLTE)","GBRME, GBROR",VGBCC,0.10000,Value,Gross,USD,,Actual,,,,01-SEP-25,31-AUG-26,,,,,,,,,,MULTI,Fiji,,,,,ALL
Visitor/Inbound,"RENEWED_2025_Virgin Islands, British:Caribbean B. Virgin Islands SEP24 AUG25",01-SEP-2025,31-AUG-2026,United Kingdom,"Virgin Islands, British",End of Agreement,Voice,MO,"Single Rate Effective (Voice, SMS, Data, VoLTE)","GBRME, GBROR",VGBCC,0.10000,Value,Gross,USD,,Actual,,,,01-SEP-25,31-AUG-26,,,,,,,,,,MULTI,Faroe Islands,,,,,ALL
Visitor/Inbound,"RENEWED_2025_Virgin Islands, British:Caribbean B. Virgin Islands SEP24 AUG25",01-SEP-2025,31-AUG-2026,United Kingdom,"Virgin Islands, British",End of Agreement,Voice,MO,"Single Rate Effective (Voice, SMS, Data, VoLTE)","GBRME, GBROR",VGBCC,0.10000,Value,Gross,USD,,Actual,,,,01-SEP-25,31-AUG-26,,,,,,,,,,MULTI,Falkland Islands (Malvinas),,,,,ALL
Visitor/Inbound,"RENEWED_2025_Virgin Islands, British:Caribbean B. Virgin Islands SEP24 AUG25",01-SEP-2025,31-AUG-2026,United Kingdom,"Virgin Islands, British",End of Agreement,Voice,MO,"Single Rate Effective (Voice, SMS, Data, VoLTE)","GBRME, GBROR",VGBCC,0.10000,Value,Gross,USD,,Actual,,,,01-SEP-25,31-AUG-26,,,,,,,,,,MULTI,Ethiopia,,,,,ALL
Visitor/Inbound,"RENEWED_2025_Virgin Islands, British:Caribbean B. Virgin Islands SEP24 AUG25",01-SEP-2025,31-AUG-2026,United Kingdom,"Virgin Islands, British",End of Agreement,Voice,MO,"Single Rate Effective (Voice, SMS, Data, VoLTE)","GBRME, GBROR",VGBCC,0.10000,Value,Gross,USD,,Actual,,,,01-SEP-25,31-AUG-26,,,,,,,,,,MULTI,Estonia,,,,,ALL
Visitor/Inbound,"RENEWED_2025_Virgin Islands, British:Caribbean B. Virgin Islands SEP24 AUG25",01-SEP-2025,31-AUG-2026,United Kingdom,"Virgin Islands, British",End of Agreement,Voice,MO,"Single Rate Effective (Voice, SMS, Data, VoLTE)","GBRME, GBROR",VGBCC,0.10000,Value,Gross,USD,,Actual,,,,01-SEP-25,31-AUG-26,,,,,,,,,,MULTI,Eritrea,,,,,ALL
Visitor/Inbound,"RENEWED_2025_Virgin Islands, British:Caribbean B. Virgin Islands SEP24 AUG25",01-SEP-2025,31-AUG-2026,United Kingdom,"Virgin Islands, British",End of Agreement,Voice,MO,"Single Rate Effective (Voice, SMS, Data, VoLTE)","GBRME, GBROR",VGBCC,0.10000,Value,Gross,USD,,Actual,,,,01-SEP-25,31-AUG-26,,,,,,,,,,MULTI,Equatorial Guinea,,,,,ALL
Visitor/Inbound,"RENEWED_2025_Virgin Islands, British:Caribbean B. Virgin Islands SEP24 AUG25",01-SEP-2025,31-AUG-2026,United Kingdom,"Virgin Islands, British",End of Agreement,Voice,MO,"Single Rate Effective (Voice, SMS, Data, VoLTE)","GBRME, GBROR",VGBCC,0.10000,Value,Gross,USD,,Actual,,,,01-SEP-25,31-AUG-26,,,,,,,,,,MULTI,El Salvador,,,,,ALL
Visitor/Inbound,"RENEWED_2025_Virgin Islands, British:Caribbean B. Virgin Islands SEP24 AUG25",01-SEP-2025,31-AUG-2026,United Kingdom,"Virgin Islands, British",End of Agreement,Voice,MO,"Single Rate Effective (Voice, SMS, Data, VoLTE)","GBRME, GBROR",VGBCC,0.10000,Value,Gross,USD,,Actual,,,,01-SEP-25,31-AUG-26,,,,,,,,,,MULTI,Egypt,,,,,ALL
Visitor/Inbound,"RENEWED_2025_Virgin Islands, British:Caribbean B. Virgin Islands SEP24 AUG25",01-SEP-2025,31-AUG-2026,United Kingdom,"Virgin Islands, British",End of Agreement,Voice,MO,"Single Rate Effective (Voice, SMS, Data, VoLTE)","GBRME, GBROR",VGBCC,0.10000,Value,Gross,USD,,Actual,,,,01-SEP-25,31-AUG-26,,,,,,,,,,MULTI,Ecuador,,,,,ALL
Visitor/Inbound,"RENEWED_2025_Virgin Islands, British:Caribbean B. Virgin Islands SEP24 AUG25",01-SEP-2025,31-AUG-2026,United Kingdom,"Virgin Islands, British",End of Agreement,Voice,MO,"Single Rate Effective (Voice, SMS, Data, VoLTE)","GBRME, GBROR",VGBCC,0.10000,Value,Gross,USD,,Actual,,,,01-SEP-25,31-AUG-26,,,,,,,,,,MULTI,East Timor,,,,,ALL
Visitor/Inbound,"RENEWED_2025_Virgin Islands, British:Caribbean B. Virgin Islands SEP24 AUG25",01-SEP-2025,31-AUG-2026,United Kingdom,"Virgin Islands, British",End of Agreement,Voice,MO,"Single Rate Effective (Voice, SMS, Data, VoLTE)","GBRME, GBROR",VGBCC,0.10000,Value,Gross,USD,,Actual,,,,01-SEP-25,31-AUG-26,,,,,,,,,,MULTI,Dominican Republic,,,,,ALL
Visitor/Inbound,"RENEWED_2025_Virgin Islands, British:Caribbean B. Virgin Islands SEP24 AUG25",01-SEP-2025,31-AUG-2026,United Kingdom,"Virgin Islands, British",End of Agreement,Voice,MO,"Single Rate Effective (Voice, SMS, Data, VoLTE)","GBRME, GBROR",VGBCC,0.10000,Value,Gross,USD,,Actual,,,,01-SEP-25,31-AUG-26,,,,,,,,,,MULTI,Dominica,,,,,ALL
Visitor/Inbound,"RENEWED_2025_Virgin Islands, British:Caribbean B. Virgin Islands SEP24 AUG25",01-SEP-2025,31-AUG-2026,United Kingdom,"Virgin Islands, British",End of Agreement,Voice,MO,"Single Rate Effective (Voice, SMS, Data, VoLTE)","GBRME, GBROR",VGBCC,0.10000,Value,Gross,USD,,Actual,,,,01-SEP-25,31-AUG-26,,,,,,,,,,MULTI,Djibouti,,,,,ALL
Visitor/Inbound,"RENEWED_2025_Virgin Islands, British:Caribbean B. Virgin Islands SEP24 AUG25",01-SEP-2025,31-AUG-2026,United Kingdom,"Virgin Islands, British",End of Agreement,Voice,MO,"Single Rate Effective (Voice, SMS, Data, VoLTE)","GBRME, GBROR",VGBCC,0.10000,Value,Gross,USD,,Actual,,,,01-SEP-25,31-AUG-26,,,,,,,,,,MULTI,Denmark,,,,,ALL
Visitor/Inbound,"RENEWED_2025_Virgin Islands, British:Caribbean B. Virgin Islands SEP24 AUG25",01-SEP-2025,31-AUG-2026,United Kingdom,"Virgin Islands, British",End of Agreement,Voice,MO,"Single Rate Effective (Voice, SMS, Data, VoLTE)","GBRME, GBROR",VGBCC,0.10000,Value,Gross,USD,,Actual,,,,01-SEP-25,31-AUG-26,,,,,,,,,,MULTI,Czech Republic,,,,,ALL
Visitor/Inbound,"RENEWED_2025_Virgin Islands, British:Caribbean B. Virgin Islands SEP24 AUG25",01-SEP-2025,31-AUG-2026,United Kingdom,"Virgin Islands, British",End of Agreement,Voice,MO,"Single Rate Effective (Voice, SMS, Data, VoLTE)","GBRME, GBROR",VGBCC,0.10000,Value,Gross,USD,,Actual,,,,01-SEP-25,31-AUG-26,,,,,,,,,,MULTI,Cyprus,,,,,ALL
Visitor/Inbound,"RENEWED_2025_Virgin Islands, British:Caribbean B. Virgin Islands SEP24 AUG25",01-SEP-2025,31-AUG-2026,United Kingdom,"Virgin Islands, British",End of Agreement,Voice,MO,"Single Rate Effective (Voice, SMS, Data, VoLTE)","GBRME, GBROR",VGBCC,0.10000,Value,Gross,USD,,Actual,,,,01-SEP-25,31-AUG-26,,,,,,,,,,MULTI,Curacao,,,,,ALL
Visitor/Inbound,"RENEWED_2025_Virgin Islands, British:Caribbean B. Virgin Islands SEP24 AUG25",01-SEP-2025,31-AUG-2026,United Kingdom,"Virgin Islands, British",End of Agreement,Voice,MO,"Single Rate Effective (Voice, SMS, Data, VoLTE)","GBRME, GBROR",VGBCC,0.10000,Value,Gross,USD,,Actual,,,,01-SEP-25,31-AUG-26,,,,,,,,,,MULTI,Croatia,,,,,ALL
Visitor/Inbound,"RENEWED_2025_Virgin Islands, British:Caribbean B. Virgin Islands SEP24 AUG25",01-SEP-2025,31-AUG-2026,United Kingdom,"Virgin Islands, British",End of Agreement,Voice,MO,"Single Rate Effective (Voice, SMS, Data, VoLTE)","GBRME, GBROR",VGBCC,0.10000,Value,Gross,USD,,Actual,,,,01-SEP-25,31-AUG-26,,,,,,,,,,MULTI,Costa Rica,,,,,ALL
Visitor/Inbound,"RENEWED_2025_Virgin Islands, British:Caribbean B. Virgin Islands SEP24 AUG25",01-SEP-2025,31-AUG-2026,United Kingdom,"Virgin Islands, British",End of Agreement,Voice,MO,"Single Rate Effective (Voice, SMS, Data, VoLTE)","GBRME, GBROR",VGBCC,0.10000,Value,Gross,USD,,Actual,,,,01-SEP-25,31-AUG-26,,,,,,,,,,MULTI,Cook Islands,,,,,ALL
Visitor/Inbound,"RENEWED_2025_Virgin Islands, British:Caribbean B. Virgin Islands SEP24 AUG25",01-SEP-2025,31-AUG-2026,United Kingdom,"Virgin Islands, British",End of Agreement,Voice,MO,"Single Rate Effective (Voice, SMS, Data, VoLTE)","GBRME, GBROR",VGBCC,0.10000,Value,Gross,USD,,Actual,,,,01-SEP-25,31-AUG-26,,,,,,,,,,MULTI,"Congo, the Democratic Republic of the",,,,,ALL
Visitor/Inbound,"RENEWED_2025_Virgin Islands, British:Caribbean B. Virgin Islands SEP24 AUG25",01-SEP-2025,31-AUG-2026,United Kingdom,"Virgin Islands, British",End of Agreement,Voice,MO,"Single Rate Effective (Voice, SMS, Data, VoLTE)","GBRME, GBROR",VGBCC,0.10000,Value,Gross,USD,,Actual,,,,01-SEP-25,31-AUG-26,,,,,,,,,,MULTI,Congo,,,,,ALL
Visitor/Inbound,"RENEWED_2025_Virgin Islands, British:Caribbean B. Virgin Islands SEP24 AUG25",01-SEP-2025,31-AUG-2026,United Kingdom,"Virgin Islands, British",End of Agreement,Voice,MO,"Single Rate Effective (Voice, SMS, Data, VoLTE)","GBRME, GBROR",VGBCC,0.10000,Value,Gross,USD,,Actual,,,,01-SEP-25,31-AUG-26,,,,,,,,,,MULTI,Comoros,,,,,ALL
Visitor/Inbound,"RENEWED_2025_Virgin Islands, British:Caribbean B. Virgin Islands SEP24 AUG25",01-SEP-2025,31-AUG-2026,United Kingdom,"Virgin Islands, British",End of Agreement,Voice,MO,"Single Rate Effective (Voice, SMS, Data, VoLTE)","GBRME, GBROR",VGBCC,0.10000,Value,Gross,USD,,Actual,,,,01-SEP-25,31-AUG-26,,,,,,,,,,MULTI,Colombia,,,,,ALL
Visitor/Inbound,"RENEWED_2025_Virgin Islands, British:Caribbean B. Virgin Islands SEP24 AUG25",01-SEP-2025,31-AUG-2026,United Kingdom,"Virgin Islands, British",End of Agreement,Voice,MO,"Single Rate Effective (Voice, SMS, Data, VoLTE)","GBRME, GBROR",VGBCC,0.10000,Value,Gross,USD,,Actual,,,,01-SEP-25,31-AUG-26,,,,,,,,,,MULTI,China,,,,,ALL
Visitor/Inbound,"RENEWED_2025_Virgin Islands, British:Caribbean B. Virgin Islands SEP24 AUG25",01-SEP-2025,31-AUG-2026,United Kingdom,"Virgin Islands, British",End of Agreement,Voice,MO,"Single Rate Effective (Voice, SMS, Data, VoLTE)","GBRME, GBROR",VGBCC,0.10000,Value,Gross,USD,,Actual,,,,01-SEP-25,31-AUG-26,,,,,,,,,,MULTI,Chile,,,,,ALL
Visitor/Inbound,"RENEWED_2025_Virgin Islands, British:Caribbean B. Virgin Islands SEP24 AUG25",01-SEP-2025,31-AUG-2026,United Kingdom,"Virgin Islands, British",End of Agreement,Voice,MO,"Single Rate Effective (Voice, SMS, Data, VoLTE)","GBRME, GBROR",VGBCC,0.10000,Value,Gross,USD,,Actual,,,,01-SEP-25,31-AUG-26,,,,,,,,,,MULTI,Chad,,,,,ALL
Visitor/Inbound,"RENEWED_2025_Virgin Islands, British:Caribbean B. Virgin Islands SEP24 AUG25",01-SEP-2025,31-AUG-2026,United Kingdom,"Virgin Islands, British",End of Agreement,Voice,MO,"Single Rate Effective (Voice, SMS, Data, VoLTE)","GBRME, GBROR",VGBCC,0.10000,Value,Gross,USD,,Actual,,,,01-SEP-25,31-AUG-26,,,,,,,,,,MULTI,Central African Republic,,,,,ALL
Visitor/Inbound,"RENEWED_2025_Virgin Islands, British:Caribbean B. Virgin Islands SEP24 AUG25",01-SEP-2025,31-AUG-2026,United Kingdom,"Virgin Islands, British",End of Agreement,Voice,MO,"Single Rate Effective (Voice, SMS, Data, VoLTE)","GBRME, GBROR",VGBCC,0.10000,Value,Gross,USD,,Actual,,,,01-SEP-25,31-AUG-26,,,,,,,,,,MULTI,Cayman Islands,,,,,ALL
Visitor/Inbound,"RENEWED_2025_Virgin Islands, British:Caribbean B. Virgin Islands SEP24 AUG25",01-SEP-2025,31-AUG-2026,United Kingdom,"Virgin Islands, British",End of Agreement,Voice,MO,"Single Rate Effective (Voice, SMS, Data, VoLTE)","GBRME, GBROR",VGBCC,0.10000,Value,Gross,USD,,Actual,,,,01-SEP-25,31-AUG-26,,,,,,,,,,MULTI,Cape Verde,,,,,ALL
Visitor/Inbound,"RENEWED_2025_Virgin Islands, British:Caribbean B. Virgin Islands SEP24 AUG25",01-SEP-2025,31-AUG-2026,United Kingdom,"Virgin Islands, British",End of Agreement,Voice,MO,"Single Rate Effective (Voice, SMS, Data, VoLTE)","GBRME, GBROR",VGBCC,0.10000,Value,Gross,USD,,Actual,,,,01-SEP-25,31-AUG-26,,,,,,,,,,MULTI,Canada,,,,,ALL
Visitor/Inbound,"RENEWED_2025_Virgin Islands, British:Caribbean B. Virgin Islands SEP24 AUG25",01-SEP-2025,31-AUG-2026,United Kingdom,"Virgin Islands, British",End of Agreement,Voice,MO,"Single Rate Effective (Voice, SMS, Data, VoLTE)","GBRME, GBROR",VGBCC,0.10000,Value,Gross,USD,,Actual,,,,01-SEP-25,31-AUG-26,,,,,,,,,,MULTI,Cameroon,,,,,ALL
Visitor/Inbound,"RENEWED_2025_Virgin Islands, British:Caribbean B. Virgin Islands SEP24 AUG25",01-SEP-2025,31-AUG-2026,United Kingdom,"Virgin Islands, British",End of Agreement,Voice,MO,"Single Rate Effective (Voice, SMS, Data, VoLTE)","GBRME, GBROR",VGBCC,0.10000,Value,Gross,USD,,Actual,,,,01-SEP-25,31-AUG-26,,,,,,,,,,MULTI,Cambodia,,,,,ALL
Visitor/Inbound,"RENEWED_2025_Virgin Islands, British:Caribbean B. Virgin Islands SEP24 AUG25",01-SEP-2025,31-AUG-2026,United Kingdom,"Virgin Islands, British",End of Agreement,Voice,MO,"Single Rate Effective (Voice, SMS, Data, VoLTE)","GBRME, GBROR",VGBCC,0.10000,Value,Gross,USD,,Actual,,,,01-SEP-25,31-AUG-26,,,,,,,,,,MULTI,Burundi,,,,,ALL
Visitor/Inbound,"RENEWED_2025_Virgin Islands, British:Caribbean B. Virgin Islands SEP24 AUG25",01-SEP-2025,31-AUG-2026,United Kingdom,"Virgin Islands, British",End of Agreement,Voice,MO,"Single Rate Effective (Voice, SMS, Data, VoLTE)","GBRME, GBROR",VGBCC,0.10000,Value,Gross,USD,,Actual,,,,01-SEP-25,31-AUG-26,,,,,,,,,,MULTI,Burkina Faso,,,,,ALL
Visitor/Inbound,"RENEWED_2025_Virgin Islands, British:Caribbean B. Virgin Islands SEP24 AUG25",01-SEP-2025,31-AUG-2026,United Kingdom,"Virgin Islands, British",End of Agreement,Voice,MO,"Single Rate Effective (Voice, SMS, Data, VoLTE)","GBRME, GBROR",VGBCC,0.10000,Value,Gross,USD,,Actual,,,,01-SEP-25,31-AUG-26,,,,,,,,,,MULTI,Bulgaria,,,,,ALL
Visitor/Inbound,"RENEWED_2025_Virgin Islands, British:Caribbean B. Virgin Islands SEP24 AUG25",01-SEP-2025,31-AUG-2026,United Kingdom,"Virgin Islands, British",End of Agreement,Voice,MO,"Single Rate Effective (Voice, SMS, Data, VoLTE)","GBRME, GBROR",VGBCC,0.10000,Value,Gross,USD,,Actual,,,,01-SEP-25,31-AUG-26,,,,,,,,,,MULTI,Brunei Darussalam,,,,,ALL
Visitor/Inbound,"RENEWED_2025_Virgin Islands, British:Caribbean B. Virgin Islands SEP24 AUG25",01-SEP-2025,31-AUG-2026,United Kingdom,"Virgin Islands, British",End of Agreement,Voice,MO,"Single Rate Effective (Voice, SMS, Data, VoLTE)","GBRME, GBROR",VGBCC,0.10000,Value,Gross,USD,,Actual,,,,01-SEP-25,31-AUG-26,,,,,,,,,,MULTI,British Indian Ocean Territory,,,,,ALL
Visitor/Inbound,"RENEWED_2025_Virgin Islands, British:Caribbean B. Virgin Islands SEP24 AUG25",01-SEP-2025,31-AUG-2026,United Kingdom,"Virgin Islands, British",End of Agreement,Voice,MO,"Single Rate Effective (Voice, SMS, Data, VoLTE)","GBRME, GBROR",VGBCC,0.10000,Value,Gross,USD,,Actual,,,,01-SEP-25,31-AUG-26,,,,,,,,,,MULTI,Brazil,,,,,ALL
Visitor/Inbound,"RENEWED_2025_Virgin Islands, British:Caribbean B. Virgin Islands SEP24 AUG25",01-SEP-2025,31-AUG-2026,United Kingdom,"Virgin Islands, British",End of Agreement,Voice,MO,"Single Rate Effective (Voice, SMS, Data, VoLTE)","GBRME, GBROR",VGBCC,0.10000,Value,Gross,USD,,Actual,,,,01-SEP-25,31-AUG-26,,,,,,,,,,MULTI,Botswana,,,,,ALL
Visitor/Inbound,"RENEWED_2025_Virgin Islands, British:Caribbean B. Virgin Islands SEP24 AUG25",01-SEP-2025,31-AUG-2026,United Kingdom,"Virgin Islands, British",End of Agreement,Voice,MO,"Single Rate Effective (Voice, SMS, Data, VoLTE)","GBRME, GBROR",VGBCC,0.10000,Value,Gross,USD,,Actual,,,,01-SEP-25,31-AUG-26,,,,,,,,,,MULTI,Bosnia and Herzegovina,,,,,ALL
Visitor/Inbound,"RENEWED_2025_Virgin Islands, British:Caribbean B. Virgin Islands SEP24 AUG25",01-SEP-2025,31-AUG-2026,United Kingdom,"Virgin Islands, British",End of Agreement,Voice,MO,"Single Rate Effective (Voice, SMS, Data, VoLTE)","GBRME, GBROR",VGBCC,0.10000,Value,Gross,USD,,Actual,,,,01-SEP-25,31-AUG-26,,,,,,,,,,MULTI,"Bonaire, Saint Eustatius and Saba",,,,,ALL
Visitor/Inbound,"RENEWED_2025_Virgin Islands, British:Caribbean B. Virgin Islands SEP24 AUG25",01-SEP-2025,31-AUG-2026,United Kingdom,"Virgin Islands, British",End of Agreement,Voice,MO,"Single Rate Effective (Voice, SMS, Data, VoLTE)","GBRME, GBROR",VGBCC,0.10000,Value,Gross,USD,,Actual,,,,01-SEP-25,31-AUG-26,,,,,,,,,,MULTI,Bolivia,,,,,ALL
Visitor/Inbound,"RENEWED_2025_Virgin Islands, British:Caribbean B. Virgin Islands SEP24 AUG25",01-SEP-2025,31-AUG-2026,United Kingdom,"Virgin Islands, British",End of Agreement,Voice,MO,"Single Rate Effective (Voice, SMS, Data, VoLTE)","GBRME, GBROR",VGBCC,0.10000,Value,Gross,USD,,Actual,,,,01-SEP-25,31-AUG-26,,,,,,,,,,MULTI,Bhutan,,,,,ALL
Visitor/Inbound,"RENEWED_2025_Virgin Islands, British:Caribbean B. Virgin Islands SEP24 AUG25",01-SEP-2025,31-AUG-2026,United Kingdom,"Virgin Islands, British",End of Agreement,Voice,MO,"Single Rate Effective (Voice, SMS, Data, VoLTE)","GBRME, GBROR",VGBCC,0.10000,Value,Gross,USD,,Actual,,,,01-SEP-25,31-AUG-26,,,,,,,,,,MULTI,Bermuda,,,,,ALL
Visitor/Inbound,"RENEWED_2025_Virgin Islands, British:Caribbean B. Virgin Islands SEP24 AUG25",01-SEP-2025,31-AUG-2026,United Kingdom,"Virgin Islands, British",End of Agreement,Voice,MO,"Single Rate Effective (Voice, SMS, Data, VoLTE)","GBRME, GBROR",VGBCC,0.10000,Value,Gross,USD,,Actual,,,,01-SEP-25,31-AUG-26,,,,,,,,,,MULTI,Benin,,,,,ALL
Visitor/Inbound,"RENEWED_2025_Virgin Islands, British:Caribbean B. Virgin Islands SEP24 AUG25",01-SEP-2025,31-AUG-2026,United Kingdom,"Virgin Islands, British",End of Agreement,Voice,MO,"Single Rate Effective (Voice, SMS, Data, VoLTE)","GBRME, GBROR",VGBCC,0.10000,Value,Gross,USD,,Actual,,,,01-SEP-25,31-AUG-26,,,,,,,,,,MULTI,Belize,,,,,ALL
Visitor/Inbound,"RENEWED_2025_Virgin Islands, British:Caribbean B. Virgin Islands SEP24 AUG25",01-SEP-2025,31-AUG-2026,United Kingdom,"Virgin Islands, British",End of Agreement,Voice,MO,"Single Rate Effective (Voice, SMS, Data, VoLTE)","GBRME, GBROR",VGBCC,0.10000,Value,Gross,USD,,Actual,,,,01-SEP-25,31-AUG-26,,,,,,,,,,MULTI,Belgium,,,,,ALL
Visitor/Inbound,"RENEWED_2025_Virgin Islands, British:Caribbean B. Virgin Islands SEP24 AUG25",01-SEP-2025,31-AUG-2026,United Kingdom,"Virgin Islands, British",End of Agreement,Voice,MO,"Single Rate Effective (Voice, SMS, Data, VoLTE)","GBRME, GBROR",VGBCC,0.10000,Value,Gross,USD,,Actual,,,,01-SEP-25,31-AUG-26,,,,,,,,,,MULTI,Belarus,,,,,ALL
Visitor/Inbound,"RENEWED_2025_Virgin Islands, British:Caribbean B. Virgin Islands SEP24 AUG25",01-SEP-2025,31-AUG-2026,United Kingdom,"Virgin Islands, British",End of Agreement,Voice,MO,"Single Rate Effective (Voice, SMS, Data, VoLTE)","GBRME, GBROR",VGBCC,0.10000,Value,Gross,USD,,Actual,,,,01-SEP-25,31-AUG-26,,,,,,,,,,MULTI,Barbados,,,,,ALL
Visitor/Inbound,"RENEWED_2025_Virgin Islands, British:Caribbean B. Virgin Islands SEP24 AUG25",01-SEP-2025,31-AUG-2026,United Kingdom,"Virgin Islands, British",End of Agreement,Voice,MO,"Single Rate Effective (Voice, SMS, Data, VoLTE)","GBRME, GBROR",VGBCC,0.10000,Value,Gross,USD,,Actual,,,,01-SEP-25,31-AUG-26,,,,,,,,,,MULTI,Bangladesh,,,,,ALL
Visitor/Inbound,"RENEWED_2025_Virgin Islands, British:Caribbean B. Virgin Islands SEP24 AUG25",01-SEP-2025,31-AUG-2026,United Kingdom,"Virgin Islands, British",End of Agreement,Voice,MO,"Single Rate Effective (Voice, SMS, Data, VoLTE)","GBRME, GBROR",VGBCC,0.10000,Value,Gross,USD,,Actual,,,,01-SEP-25,31-AUG-26,,,,,,,,,,MULTI,Bahrain,,,,,ALL
Visitor/Inbound,"RENEWED_2025_Virgin Islands, British:Caribbean B. Virgin Islands SEP24 AUG25",01-SEP-2025,31-AUG-2026,United Kingdom,"Virgin Islands, British",End of Agreement,Voice,MO,"Single Rate Effective (Voice, SMS, Data, VoLTE)","GBRME, GBROR",VGBCC,0.10000,Value,Gross,USD,,Actual,,,,01-SEP-25,31-AUG-26,,,,,,,,,,MULTI,Bahamas,,,,,ALL
Visitor/Inbound,"RENEWED_2025_Virgin Islands, British:Caribbean B. Virgin Islands SEP24 AUG25",01-SEP-2025,31-AUG-2026,United Kingdom,"Virgin Islands, British",End of Agreement,Voice,MO,"Single Rate Effective (Voice, SMS, Data, VoLTE)","GBRME, GBROR",VGBCC,0.10000,Value,Gross,USD,,Actual,,,,01-SEP-25,31-AUG-26,,,,,,,,,,MULTI,Azerbaijan,,,,,ALL
Visitor/Inbound,"RENEWED_2025_Virgin Islands, British:Caribbean B. Virgin Islands SEP24 AUG25",01-SEP-2025,31-AUG-2026,United Kingdom,"Virgin Islands, British",End of Agreement,Voice,MO,"Single Rate Effective (Voice, SMS, Data, VoLTE)","GBRME, GBROR",VGBCC,0.10000,Value,Gross,USD,,Actual,,,,01-SEP-25,31-AUG-26,,,,,,,,,,MULTI,Austria,,,,,ALL
Visitor/Inbound,"RENEWED_2025_Virgin Islands, British:Caribbean B. Virgin Islands SEP24 AUG25",01-SEP-2025,31-AUG-2026,United Kingdom,"Virgin Islands, British",End of Agreement,Voice,MO,"Single Rate Effective (Voice, SMS, Data, VoLTE)","GBRME, GBROR",VGBCC,0.10000,Value,Gross,USD,,Actual,,,,01-SEP-25,31-AUG-26,,,,,,,,,,MULTI,Australia,,,,,ALL
Visitor/Inbound,"RENEWED_2025_Virgin Islands, British:Caribbean B. Virgin Islands SEP24 AUG25",01-SEP-2025,31-AUG-2026,United Kingdom,"Virgin Islands, British",End of Agreement,Voice,MO,"Single Rate Effective (Voice, SMS, Data, VoLTE)","GBRME, GBROR",VGBCC,0.10000,Value,Gross,USD,,Actual,,,,01-SEP-25,31-AUG-26,,,,,,,,,,MULTI,Ascension Island,,,,,ALL
Visitor/Inbound,"RENEWED_2025_Virgin Islands, British:Caribbean B. Virgin Islands SEP24 AUG25",01-SEP-2025,31-AUG-2026,United Kingdom,"Virgin Islands, British",End of Agreement,Voice,MO,"Single Rate Effective (Voice, SMS, Data, VoLTE)","GBRME, GBROR",VGBCC,0.10000,Value,Gross,USD,,Actual,,,,01-SEP-25,31-AUG-26,,,,,,,,,,MULTI,Aruba,,,,,ALL
Visitor/Inbound,"RENEWED_2025_Virgin Islands, British:Caribbean B. Virgin Islands SEP24 AUG25",01-SEP-2025,31-AUG-2026,United Kingdom,"Virgin Islands, British",End of Agreement,Voice,MO,"Single Rate Effective (Voice, SMS, Data, VoLTE)","GBRME, GBROR",VGBCC,0.10000,Value,Gross,USD,,Actual,,,,01-SEP-25,31-AUG-26,,,,,,,,,,MULTI,Armenia,,,,,ALL
Visitor/Inbound,"RENEWED_2025_Virgin Islands, British:Caribbean B. Virgin Islands SEP24 AUG25",01-SEP-2025,31-AUG-2026,United Kingdom,"Virgin Islands, British",End of Agreement,Voice,MO,"Single Rate Effective (Voice, SMS, Data, VoLTE)","GBRME, GBROR",VGBCC,0.10000,Value,Gross,USD,,Actual,,,,01-SEP-25,31-AUG-26,,,,,,,,,,MULTI,Argentina,,,,,ALL
Visitor/Inbound,"RENEWED_2025_Virgin Islands, British:Caribbean B. Virgin Islands SEP24 AUG25",01-SEP-2025,31-AUG-2026,United Kingdom,"Virgin Islands, British",End of Agreement,Voice,MO,"Single Rate Effective (Voice, SMS, Data, VoLTE)","GBRME, GBROR",VGBCC,0.10000,Value,Gross,USD,,Actual,,,,01-SEP-25,31-AUG-26,,,,,,,,,,MULTI,Antigua and Barbuda,,,,,ALL
Visitor/Inbound,"RENEWED_2025_Virgin Islands, British:Caribbean B. Virgin Islands SEP24 AUG25",01-SEP-2025,31-AUG-2026,United Kingdom,"Virgin Islands, British",End of Agreement,Voice,MO,"Single Rate Effective (Voice, SMS, Data, VoLTE)","GBRME, GBROR",VGBCC,0.10000,Value,Gross,USD,,Actual,,,,01-SEP-25,31-AUG-26,,,,,,,,,,MULTI,Antartica,,,,,ALL
Visitor/Inbound,"RENEWED_2025_Virgin Islands, British:Caribbean B. Virgin Islands SEP24 AUG25",01-SEP-2025,31-AUG-2026,United Kingdom,"Virgin Islands, British",End of Agreement,Voice,MO,"Single Rate Effective (Voice, SMS, Data, VoLTE)","GBRME, GBROR",VGBCC,0.10000,Value,Gross,USD,,Actual,,,,01-SEP-25,31-AUG-26,,,,,,,,,,MULTI,Anguilla,,,,,ALL
Visitor/Inbound,"RENEWED_2025_Virgin Islands, British:Caribbean B. Virgin Islands SEP24 AUG25",01-SEP-2025,31-AUG-2026,United Kingdom,"Virgin Islands, British",End of Agreement,Voice,MO,"Single Rate Effective (Voice, SMS, Data, VoLTE)","GBRME, GBROR",VGBCC,0.10000,Value,Gross,USD,,Actual,,,,01-SEP-25,31-AUG-26,,,,,,,,,,MULTI,Angola,,,,,ALL
Visitor/Inbound,"RENEWED_2025_Virgin Islands, British:Caribbean B. Virgin Islands SEP24 AUG25",01-SEP-2025,31-AUG-2026,United Kingdom,"Virgin Islands, British",End of Agreement,Voice,MO,"Single Rate Effective (Voice, SMS, Data, VoLTE)","GBRME, GBROR",VGBCC,0.10000,Value,Gross,USD,,Actual,,,,01-SEP-25,31-AUG-26,,,,,,,,,,MULTI,Andorra,,,,,ALL
Visitor/Inbound,"RENEWED_2025_Virgin Islands, British:Caribbean B. Virgin Islands SEP24 AUG25",01-SEP-2025,31-AUG-2026,United Kingdom,"Virgin Islands, British",End of Agreement,Voice,MO,"Single Rate Effective (Voice, SMS, Data, VoLTE)","GBRME, GBROR",VGBCC,0.10000,Value,Gross,USD,,Actual,,,,01-SEP-25,31-AUG-26,,,,,,,,,,MULTI,American Samoa,,,,,ALL
Visitor/Inbound,"RENEWED_2025_Virgin Islands, British:Caribbean B. Virgin Islands SEP24 AUG25",01-SEP-2025,31-AUG-2026,United Kingdom,"Virgin Islands, British",End of Agreement,Voice,MO,"Single Rate Effective (Voice, SMS, Data, VoLTE)","GBRME, GBROR",VGBCC,0.10000,Value,Gross,USD,,Actual,,,,01-SEP-25,31-AUG-26,,,,,,,,,,MULTI,Algeria,,,,,ALL
Visitor/Inbound,"RENEWED_2025_Virgin Islands, British:Caribbean B. Virgin Islands SEP24 AUG25",01-SEP-2025,31-AUG-2026,United Kingdom,"Virgin Islands, British",End of Agreement,Voice,MO,"Single Rate Effective (Voice, SMS, Data, VoLTE)","GBRME, GBROR",VGBCC,0.10000,Value,Gross,USD,,Actual,,,,01-SEP-25,31-AUG-26,,,,,,,,,,MULTI,Albania,,,,,ALL
Bi-Directional,Lebanon:MIC1 Lebanon AUG25 JUL26,01-AUG-2025,31-JUL-2026,United Kingdom,Lebanon,End of Agreement,Data,MB,"Single Rate Effective (Voice, SMS, Data, VoLTE)","GBRME, GBROR",LBNFL,0.15000,Value,Net,USD,,Billed,,,,01-AUG-25,31-JUL-26,,,,,,,,,,N/A,,,,,,ALL
Bi-Directional,Lebanon:MIC1 Lebanon AUG25 JUL26,01-AUG-2025,31-JUL-2026,United Kingdom,Lebanon,End of Agreement,SMS,MO,"Single Rate Effective (Voice, SMS, Data, VoLTE)","GBRME, GBROR",LBNFL,0.15000,Value,Net,USD,,Actual,,,,01-AUG-25,31-JUL-26,,,,,,,,,,ALL,,,,,,ALL
Bi-Directional,Lebanon:MIC1 Lebanon AUG25 JUL26,01-AUG-2025,31-JUL-2026,United Kingdom,Lebanon,End of Agreement,Voice,MO,"Single Rate Effective (Voice, SMS, Data, VoLTE)","GBRME, GBROR",LBNFL,0.40000,Value,Net,USD,,Billed,,,,01-AUG-25,31-JUL-26,,,,,,,,,,"HOM, LOC",,,,,,ALL
Bi-Directional,Lebanon:MIC1 Lebanon AUG25 JUL26,01-AUG-2025,31-JUL-2026,United Kingdom,Lebanon,End of Agreement,Voice,MO,"Single Rate Effective (Voice, SMS, Data, VoLTE)","GBRME, GBROR",LBNFL,0.50000,Value,Net,USD,,Billed,,,,01-AUG-25,31-JUL-26,,,,,,,,,,INT,,,,,,ALL
Customer/Outbound,Lebanon:MIC1 Lebanon AUG25 JUL26,01-AUG-2025,31-JUL-2026,United Kingdom,Lebanon,End of Agreement,All,All,Send or Pay Financial (All Services),"GBRME, GBROR",LBNFL,,Value,Net,USD,,Actual,"510,000.000",,Financial Commitment,01-AUG-25,31-JUL-26,,,,,,,,,,N/A,,,,,,ALL
Visitor/Inbound,Lebanon:MIC1 Lebanon AUG25 JUL26,01-AUG-2025,31-JUL-2026,United Kingdom,Lebanon,End of Agreement,All,All,Send or Pay Financial (All Services),"GBRME, GBROR",LBNFL,,Value,Net,USD,,Actual,"250,000.000",,Financial Commitment,01-AUG-25,31-JUL-26,,,,,,,,,,N/A,,,,,,ALL
Customer/Outbound,AeroMobile AS:AeroMobile Norway JUL25 JUN26,01-JUL-2025,30-JUN-2026,United Kingdom,Norway,End of Agreement,Data,MB,"Single Rate Effective (Voice, SMS, Data, VoLTE)","GBRME, GBROR",NORAM,0.94000,Value,Net,GBP,,Actual,,,,01-JUL-25,30-JUN-26,,,,,,,,,,,,,,,,ALL
Customer/Outbound,AeroMobile AS:AeroMobile Norway JUL25 JUN26,01-JUL-2025,30-JUN-2026,United Kingdom,Norway,End of Agreement,SMS,MO,"Single Rate Effective (Voice, SMS, Data, VoLTE)","GBRME, GBROR",NORAM,0.40000,Value,Net,GBP,,Actual,,,,01-JUL-25,30-JUN-26,,,,,,,,,,,,,,,,ALL
Customer/Outbound,AeroMobile AS:AeroMobile Norway JUL25 JUN26,01-JUL-2025,30-JUN-2026,United Kingdom,Norway,End of Agreement,Voice,MO,"Single Rate Effective (Voice, SMS, Data, VoLTE)","GBRME, GBROR",NORAM,1.50000,Value,Net,GBP,,Billed,,,,01-JUL-25,30-JUN-26,,,,,,,,,,,,,,,,ALL
Customer/Outbound,AeroMobile AS:AeroMobile Norway JUL25 JUN26,01-JUL-2025,30-JUN-2026,United Kingdom,Norway,End of Agreement,Voice,MT,"Single Rate Effective (Voice, SMS, Data, VoLTE)","GBRME, GBROR",NORAM,0.00000,Value,Net,GBP,,Actual,,,,01-JUL-25,30-JUN-26,,,,,,,,,,,,,,,,ALL
Bi-Directional,China:China Unicom JUL25 JUN26,01-JUL-2025,30-JUN-2026,United Kingdom,China,Monthly,Access Fee,IMSI,Per Day Per IMSI (Access Fee),GBROR,"CHNCN, CHNCU",0.25000,Value,Gross,EUR,,Billed,,,,01-JUL-25,30-JUN-26,,,,,,,,,,N/A,,,,,,ALL
Bi-Directional,China:China Unicom JUL25 JUN26,01-JUL-2025,30-JUN-2026,United Kingdom,China,End of Agreement,All,All,Send or Pay Financial (All Services),GBROR,"CHNCN, CHNCU",,Value,Gross,EUR,,Actual,"120,000.000",,Financial Commitment,01-JUL-25,30-JUN-26,,,,,,,,,,N/A,,,,,,ALL
Bi-Directional,China:China Unicom JUL25 JUN26,01-JUL-2025,30-JUN-2026,United Kingdom,China,End of Agreement,Data,MB,"Single Rate Effective (Voice, SMS, Data, VoLTE)",GBROR,"CHNCN, CHNCU",0.00180,Value,Gross,EUR,,Actual,,,,01-JUL-25,30-JUN-26,,,,,,,,,,N/A,,,,,,ALL
Bi-Directional,China:China Unicom JUL25 JUN26,01-JUL-2025,30-JUN-2026,United Kingdom,China,End of Agreement,SMS,MO,"Single Rate Effective (Voice, SMS, Data, VoLTE)",GBROR,"CHNCN, CHNCU",0.01000,Value,Gross,EUR,,Actual,,,,01-JUL-25,30-JUN-26,,,,,,,,,,ALL,,,,,,ALL
Bi-Directional,China:China Unicom JUL25 JUN26,01-JUL-2025,30-JUN-2026,United Kingdom,China,End of Agreement,VoLTE,MB,"Single Rate Effective (Voice, SMS, Data, VoLTE)",GBROR,"CHNCN, CHNCU",0.25000,Value,Gross,EUR,,Billed,,,,01-JUL-25,30-JUN-26,,,,,,,,,,N/A,,,,,,
Bi-Directional,China:China Unicom JUL25 JUN26,01-JUL-2025,30-JUN-2026,United Kingdom,China,End of Agreement,Voice,MO,"Single Rate Effective (Voice, SMS, Data, VoLTE)",GBROR,"CHNCN, CHNCU",0.03000,Value,Gross,EUR,,Billed,,,,01-JUL-25,30-JUN-26,,,,,,,,,,LOC,,,,,,ALL
Bi-Directional,China:China Unicom JUL25 JUN26,01-JUL-2025,30-JUN-2026,United Kingdom,China,End of Agreement,Voice,MT,"Single Rate Effective (Voice, SMS, Data, VoLTE)",GBROR,"CHNCN, CHNCU",0.03000,Value,Gross,EUR,,Billed,,,,01-JUL-25,30-JUN-26,,,,,,,,,,N/A,,,,,,ALL
Bi-Directional,China:China Unicom JUL25 JUN26,01-JUL-2025,30-JUN-2026,United Kingdom,China,End of Agreement,Voice,MO,"Single Rate Effective (Voice, SMS, Data, VoLTE)",GBROR,"CHNCN, CHNCU",0.08000,Value,Gross,EUR,,Billed,,,,01-JUL-25,30-JUN-26,,,,,,,,,,HOM,,,,,,ALL
Bi-Directional,Namibia:MTC Namibia JUL25 JUN26,01-JUL-2025,30-JUN-2026,United Kingdom,Namibia,Monthly,Access Fee,IMSI,Per Day Per IMSI (Access Fee),"GBRME, GBROR",NAM01,25.00000,Value,Gross,GBP,,Actual,,,,01-JUL-25,30-JUN-26,,,,,,,,,,N/A,,,,,,ALL
Customer/Outbound,Namibia:MTC Namibia JUL25 JUN26,01-JUL-2025,30-JUN-2026,United Kingdom,Namibia,End of Agreement,Data,MB,"Single Rate Effective (Voice, SMS, Data, VoLTE)","GBRME, GBROR",NAM01,0.40000,Value,Gross,EUR,,Actual,,,,01-JUL-25,30-JUN-26,,,,,,,,,,N/A,,,,,,ALL
Customer/Outbound,Namibia:MTC Namibia JUL25 JUN26,01-JUL-2025,30-JUN-2026,United Kingdom,Namibia,End of Agreement,SMS,MO,"Single Rate Effective (Voice, SMS, Data, VoLTE)","GBRME, GBROR",NAM01,0.05000,Value,Gross,EUR,,Actual,,,,01-JUL-25,30-JUN-26,,,,,,,,,,ALL,,,,,,ALL
Customer/Outbound,Namibia:MTC Namibia JUL25 JUN26,01-JUL-2025,30-JUN-2026,United Kingdom,Namibia,End of Agreement,Voice,MO,"Single Rate Effective (Voice, SMS, Data, VoLTE)","GBRME, GBROR",NAM01,0.10000,Value,Gross,EUR,,Actual,,,,01-JUL-25,30-JUN-26,,,,,,,,,,LOC,,,,,,ALL
Customer/Outbound,Namibia:MTC Namibia JUL25 JUN26,01-JUL-2025,30-JUN-2026,United Kingdom,Namibia,End of Agreement,Voice,MT,"Single Rate Effective (Voice, SMS, Data, VoLTE)","GBRME, GBROR",NAM01,0.00000,Value,Gross,EUR,,Actual,,,,01-JUL-25,30-JUN-26,,,,,,,,,,N/A,,,,,,ALL
Customer/Outbound,Namibia:MTC Namibia JUL25 JUN26,01-JUL-2025,30-JUN-2026,United Kingdom,Namibia,End of Agreement,Voice,MO,"Single Rate Effective (Voice, SMS, Data, VoLTE)","GBRME, GBROR",NAM01,0.40000,Value,Gross,EUR,,Actual,,,,01-JUL-25,30-JUN-26,,,,,,,,,,INT,,,,,,ALL
Customer/Outbound,Namibia:MTC Namibia JUL25 JUN26,01-JUL-2025,30-JUN-2026,United Kingdom,Namibia,End of Agreement,Voice,MO,"Single Rate Effective (Voice, SMS, Data, VoLTE)","GBRME, GBROR",NAM01,0.20000,Value,Gross,EUR,,Actual,,,,01-JUL-25,30-JUN-26,,,,,,,,,,HOM,,,,,,ALL
Visitor/Inbound,Namibia:MTC Namibia JUL25 JUN26,01-JUL-2025,30-JUN-2026,United Kingdom,Namibia,End of Agreement,Data,MB,"Single Rate Effective (Voice, SMS, Data, VoLTE)","GBRME, GBROR",NAM01,0.34800,Value,Gross,GBP,,Actual,,,,01-JUL-25,30-JUN-26,,,,,,,,,,N/A,,,,,,ALL
Visitor/Inbound,Namibia:MTC Namibia JUL25 JUN26,01-JUL-2025,30-JUN-2026,United Kingdom,Namibia,End of Agreement,SMS,MO,"Single Rate Effective (Voice, SMS, Data, VoLTE)","GBRME, GBROR",NAM01,0.04400,Value,Gross,GBP,,Actual,,,,01-JUL-25,30-JUN-26,,,,,,,,,,ALL,,,,,,ALL
Visitor/Inbound,Namibia:MTC Namibia JUL25 JUN26,01-JUL-2025,30-JUN-2026,United Kingdom,Namibia,End of Agreement,Voice,MO,"Single Rate Effective (Voice, SMS, Data, VoLTE)","GBRME, GBROR",NAM01,0.08500,Value,Gross,GBP,,Actual,,,,01-JUL-25,30-JUN-26,,,,,,,,,,LOC,,,,,,ALL
Visitor/Inbound,Namibia:MTC Namibia JUL25 JUN26,01-JUL-2025,30-JUN-2026,United Kingdom,Namibia,End of Agreement,Voice,MT,"Single Rate Effective (Voice, SMS, Data, VoLTE)","GBRME, GBROR",NAM01,0.00000,Value,Gross,GBP,,Actual,,,,01-JUL-25,30-JUN-26,,,,,,,,,,N/A,,,,,,ALL
Visitor/Inbound,Namibia:MTC Namibia JUL25 JUN26,01-JUL-2025,30-JUN-2026,United Kingdom,Namibia,End of Agreement,Voice,MO,"Single Rate Effective (Voice, SMS, Data, VoLTE)","GBRME, GBROR",NAM01,0.34800,Value,Gross,GBP,,Actual,,,,01-JUL-25,30-JUN-26,,,,,,,,,,INT,,,,,,ALL
Visitor/Inbound,Namibia:MTC Namibia JUL25 JUN26,01-JUL-2025,30-JUN-2026,United Kingdom,Namibia,End of Agreement,Voice,MO,"Single Rate Effective (Voice, SMS, Data, VoLTE)","GBRME, GBROR",NAM01,0.17500,Value,Gross,GBP,,Actual,,,,01-JUL-25,30-JUN-26,,,,,,,,,,HOM,,,,,,ALL
Bi-Directional,Portugal:Optimus Portugal JUL25 JUN26,01-JUL-2025,30-JUN-2026,United Kingdom,Portugal,End of Agreement,Voice,MT,"Single Rate Effective (Voice, SMS, Data, VoLTE)","GBRME, GBROR",PRTOP,0.00000,Value,Gross,EUR,,Actual,,,,01-JUL-25,30-JUN-26,,,,,,,,,,,,,,,,ALL
Customer/Outbound,Portugal:Optimus Portugal JUL25 JUN26,01-JUL-2025,30-JUN-2026,United Kingdom,Portugal,End of Agreement,Data,MB,"Send or Pay Traffic (Voice, SMS, Data, VoLTE)","GBRME, GBROR",PRTOP,0.00021,Value,Gross,EUR,,Actual,"4,300,000,000.000",,Volume,01-JUL-25,30-JUN-26,,,,,,,,,,,,,,,,ALL
Customer/Outbound,Portugal:Optimus Portugal JUL25 JUN26,01-JUL-2025,30-JUN-2026,United Kingdom,Portugal,End of Agreement,Data,MB,"Stepped/Tiered (Voice, SMS, Data, VoLTE)","GBRME, GBROR",PRTOP,0.00021,Value,Gross,EUR,,Actual,0.000,"4,300,000,000.000",Volume,01-JUL-25,30-JUN-26,,,,,,,,,,,,,,,,ALL
Customer/Outbound,Portugal:Optimus Portugal JUL25 JUN26,01-JUL-2025,30-JUN-2026,United Kingdom,Portugal,End of Agreement,Data,MB,"Stepped/Tiered (Voice, SMS, Data, VoLTE)","GBRME, GBROR",PRTOP,0.00010,Value,Gross,EUR,,Actual,"4,300,000,000.000",,Volume,01-JUL-25,30-JUN-26,,,,,,,,,,,,,,,,ALL
Customer/Outbound,Portugal:Optimus Portugal JUL25 JUN26,01-JUL-2025,30-JUN-2026,United Kingdom,Portugal,End of Agreement,SMS,MO,"Send or Pay Traffic (Voice, SMS, Data, VoLTE)","GBRME, GBROR",PRTOP,0.00085,Value,Gross,EUR,,Actual,"10,000,000.000",,Volume,01-JUL-25,30-JUN-26,,,,,,,,,,,,,,,,ALL
Customer/Outbound,Portugal:Optimus Portugal JUL25 JUN26,01-JUL-2025,30-JUN-2026,United Kingdom,Portugal,End of Agreement,SMS,MO,"Stepped/Tiered (Voice, SMS, Data, VoLTE)","GBRME, GBROR",PRTOP,0.00085,Value,Gross,EUR,,Actual,0.000,"10,000,000.000",Volume,01-JUL-25,30-JUN-26,,,,,,,,,,,,,,,,ALL
Customer/Outbound,Portugal:Optimus Portugal JUL25 JUN26,01-JUL-2025,30-JUN-2026,United Kingdom,Portugal,End of Agreement,SMS,MO,"Stepped/Tiered (Voice, SMS, Data, VoLTE)","GBRME, GBROR",PRTOP,0.00050,Value,Gross,EUR,,Actual,"10,000,000.000",,Volume,01-JUL-25,30-JUN-26,,,,,,,,,,,,,,,,ALL
Customer/Outbound,Portugal:Optimus Portugal JUL25 JUN26,01-JUL-2025,30-JUN-2026,United Kingdom,Portugal,End of Agreement,Voice,MO,"Send or Pay Traffic (Voice, SMS, Data, VoLTE)","GBRME, GBROR",PRTOP,0.01300,Value,Gross,EUR,,Actual,"20,000,000.000",,Volume,01-JUL-25,30-JUN-26,,,,,,,,,,,,,,,,ALL
Customer/Outbound,Portugal:Optimus Portugal JUL25 JUN26,01-JUL-2025,30-JUN-2026,United Kingdom,Portugal,End of Agreement,Voice,MO,"Stepped/Tiered (Voice, SMS, Data, VoLTE)","GBRME, GBROR",PRTOP,0.01300,Value,Gross,EUR,,Actual,0.000,"20,000,000.000",Volume,01-JUL-25,30-JUN-26,,,,,,,,,,,,,,,,ALL
Customer/Outbound,Portugal:Optimus Portugal JUL25 JUN26,01-JUL-2025,30-JUN-2026,United Kingdom,Portugal,End of Agreement,Voice,MO,"Stepped/Tiered (Voice, SMS, Data, VoLTE)","GBRME, GBROR",PRTOP,0.01200,Value,Gross,EUR,,Actual,"20,000,000.000",,Volume,01-JUL-25,30-JUN-26,,,,,,,,,,,,,,,,ALL
Visitor/Inbound,Portugal:Optimus Portugal JUL25 JUN26,01-JUL-2025,30-JUN-2026,United Kingdom,Portugal,End of Agreement,Data,MB,"Send or Pay Traffic (Voice, SMS, Data, VoLTE)","GBRME, GBROR",PRTOP,0.00036,Value,Gross,EUR,,Actual,"1,000,000,000.000",,Volume,01-JUL-25,30-JUN-26,,,,,,,,,,,,,,,,ALL
Visitor/Inbound,Portugal:Optimus Portugal JUL25 JUN26,01-JUL-2025,30-JUN-2026,United Kingdom,Portugal,End of Agreement,Data,MB,"Stepped/Tiered (Voice, SMS, Data, VoLTE)","GBRME, GBROR",PRTOP,0.00036,Value,Gross,EUR,,Actual,0.000,"1,000,000,000.000",Volume,01-JUL-25,30-JUN-26,,,,,,,,,,,,,,,,ALL
Visitor/Inbound,Portugal:Optimus Portugal JUL25 JUN26,01-JUL-2025,30-JUN-2026,United Kingdom,Portugal,End of Agreement,Data,MB,"Stepped/Tiered (Voice, SMS, Data, VoLTE)","GBRME, GBROR",PRTOP,0.00030,Value,Gross,EUR,,Actual,"1,000,000,000.000",,Volume,01-JUL-25,30-JUN-26,,,,,,,,,,,,,,,,ALL
Visitor/Inbound,Portugal:Optimus Portugal JUL25 JUN26,01-JUL-2025,30-JUN-2026,United Kingdom,Portugal,End of Agreement,SMS,MO,"Send or Pay Traffic (Voice, SMS, Data, VoLTE)","GBRME, GBROR",PRTOP,0.00100,Value,Gross,EUR,,Actual,"7,000,000.000",,Volume,01-JUL-25,30-JUN-26,,,,,,,,,,,,,,,,ALL
Visitor/Inbound,Portugal:Optimus Portugal JUL25 JUN26,01-JUL-2025,30-JUN-2026,United Kingdom,Portugal,End of Agreement,SMS,MO,"Stepped/Tiered (Voice, SMS, Data, VoLTE)","GBRME, GBROR",PRTOP,0.00200,Value,Gross,EUR,,Actual,"7,000,000.000",,Volume,01-JUL-25,30-JUN-26,,,,,,,,,,,,,,,,ALL
Visitor/Inbound,Portugal:Optimus Portugal JUL25 JUN26,01-JUL-2025,30-JUN-2026,United Kingdom,Portugal,End of Agreement,SMS,MO,"Stepped/Tiered (Voice, SMS, Data, VoLTE)","GBRME, GBROR",PRTOP,0.00100,Value,Gross,EUR,,Actual,0.000,"7,000,000.000",Volume,01-JUL-25,30-JUN-26,,,,,,,,,,,,,,,,ALL
Visitor/Inbound,Portugal:Optimus Portugal JUL25 JUN26,01-JUL-2025,30-JUN-2026,United Kingdom,Portugal,End of Agreement,Voice,MO,"Send or Pay Traffic (Voice, SMS, Data, VoLTE)","GBRME, GBROR",PRTOP,0.01300,Value,Gross,EUR,,Actual,"18,000,000.000",,Volume,01-JUL-25,30-JUN-26,,,,,,,,,,,,,,,,ALL
Visitor/Inbound,Portugal:Optimus Portugal JUL25 JUN26,01-JUL-2025,30-JUN-2026,United Kingdom,Portugal,End of Agreement,Voice,MO,"Stepped/Tiered (Voice, SMS, Data, VoLTE)","GBRME, GBROR",PRTOP,0.01300,Value,Gross,EUR,,Actual,"18,000,000.000",,Volume,01-JUL-25,30-JUN-26,,,,,,,,,,,,,,,,ALL
Visitor/Inbound,Portugal:Optimus Portugal JUL25 JUN26,01-JUL-2025,30-JUN-2026,United Kingdom,Portugal,End of Agreement,Voice,MO,"Stepped/Tiered (Voice, SMS, Data, VoLTE)","GBRME, GBROR",PRTOP,0.01300,Value,Gross,EUR,,Actual,0.000,"18,000,000.000",Volume,01-JUL-25,30-JUN-26,,,,,,,,,,,,,,,,ALL
Bi-Directional,Bhutan:Tashi Bhutan JUN25 MAY26_test agrref,01-JUN-2025,31-MAY-2026,United Kingdom,Bhutan,End of Agreement,Data,MB,"Single Rate Effective (Voice, SMS, Data, VoLTE)","GBRME, GBROR",BTNTC,0.45000,Value,Gross,USD,,Actual,,,,01-JUN-25,31-MAY-26,,,,,,,,,,N/A,,,,,,ALL
Bi-Directional,Bhutan:Tashi Bhutan JUN25 MAY26_test agrref,01-JUN-2025,31-MAY-2026,United Kingdom,Bhutan,End of Agreement,SMS,MO,"Single Rate Effective (Voice, SMS, Data, VoLTE)","GBRME, GBROR",BTNTC,0.06000,Value,Gross,USD,,Actual,,,,01-JUN-25,31-MAY-26,,,,,,,,,,ALL,,,,,,ALL
Bi-Directional,Bhutan:Tashi Bhutan JUN25 MAY26_test agrref,01-JUN-2025,31-MAY-2026,United Kingdom,Bhutan,End of Agreement,Voice,MO,"Single Rate Effective (Voice, SMS, Data, VoLTE)","GBRME, GBROR",BTNTC,0.20000,Value,Gross,USD,,Actual,,,,01-JUN-25,31-MAY-26,,,,,,,,,,"HOM, LOC",,,,,,ALL
Bi-Directional,Bhutan:Tashi Bhutan JUN25 MAY26_test agrref,01-JUN-2025,31-MAY-2026,United Kingdom,Bhutan,End of Agreement,Voice,MT,"Single Rate Effective (Voice, SMS, Data, VoLTE)","GBRME, GBROR",BTNTC,0.08000,Value,Gross,USD,,Actual,,,,01-JUN-25,31-MAY-26,,,,,,,,,,N/A,,,,,,ALL
Bi-Directional,Bhutan:Tashi Bhutan JUN25 MAY26_test agrref,01-JUN-2025,31-MAY-2026,United Kingdom,Bhutan,End of Agreement,Voice,MO,"Single Rate Effective (Voice, SMS, Data, VoLTE)","GBRME, GBROR",BTNTC,0.75000,Value,Gross,USD,,Actual,,,,01-JUN-25,31-MAY-26,,,,,,,,,,INT,,,,,,ALL
Bi-Directional,Cambodia:Mobitel Cambodia JUN25 MAY26,01-JUN-2025,31-MAY-2026,United Kingdom,Cambodia,End of Agreement,Data,MB,"Single Rate Effective (Voice, SMS, Data, VoLTE)","GBRME, GBROR",KHMGM,0.01000,Value,Net,USD,,Actual,,,,01-JUN-25,31-MAY-26,,,,,,,,,,,,,,,,ALL
Bi-Directional,Cambodia:Mobitel Cambodia JUN25 MAY26,01-JUN-2025,31-MAY-2026,United Kingdom,Cambodia,End of Agreement,SMS,MO,"Single Rate Effective (Voice, SMS, Data, VoLTE)","GBRME, GBROR",KHMGM,0.05000,Value,Net,USD,,Billed,,,,01-JUN-25,31-MAY-26,,,,,,,,,,,,,,,,ALL
Bi-Directional,Cambodia:Mobitel Cambodia JUN25 MAY26,01-JUN-2025,31-MAY-2026,United Kingdom,Cambodia,End of Agreement,Voice,MO,"Single Rate Effective (Voice, SMS, Data, VoLTE)","GBRME, GBROR",KHMGM,0.50000,Value,Net,USD,,Billed,,,,01-JUN-25,31-MAY-26,,,,,,,,,,,,,,,,ALL
Bi-Directional,Cambodia:Mobitel Cambodia JUN25 MAY26,01-JUN-2025,31-MAY-2026,United Kingdom,Cambodia,End of Agreement,Voice,MT,"Single Rate Effective (Voice, SMS, Data, VoLTE)","GBRME, GBROR",KHMGM,0.00000,Value,Net,USD,,Billed,,,,01-JUN-25,31-MAY-26,,,,,,,,,,,,,,,,ALL
Bi-Directional,Maldives:Ooredoo Maldives JUN25 MAY26,01-JUN-2025,31-MAY-2026,United Kingdom,Maldives,End of Agreement,Data,MB,"Single Rate Effective (Voice, SMS, Data, VoLTE)","GBRME, GBROR",MDVWM,0.01000,Value,Gross,USD,,Actual,,,,01-JUN-25,31-MAY-26,,,,,,,,,,,,,,,,ALL
Bi-Directional,Maldives:Ooredoo Maldives JUN25 MAY26,01-JUN-2025,31-MAY-2026,United Kingdom,Maldives,End of Agreement,SMS,MO,"Single Rate Effective (Voice, SMS, Data, VoLTE)","GBRME, GBROR",MDVWM,0.01000,Value,Gross,USD,,Actual,,,,01-JUN-25,31-MAY-26,,,,,,,,,,,,,,,,ALL
Bi-Directional,Maldives:Ooredoo Maldives JUN25 MAY26,01-JUN-2025,31-MAY-2026,United Kingdom,Maldives,End of Agreement,Voice,MO,"Single Rate Effective (Voice, SMS, Data, VoLTE)","GBRME, GBROR",MDVWM,0.80000,Value,Gross,USD,,Actual,,,,01-JUN-25,31-MAY-26,,,,,,,,,,,,,,,,ALL
Bi-Directional,Maldives:Ooredoo Maldives JUN25 MAY26,01-JUN-2025,31-MAY-2026,United Kingdom,Maldives,End of Agreement,Voice,MT,"Single Rate Effective (Voice, SMS, Data, VoLTE)","GBRME, GBROR",MDVWM,0.05000,Value,Gross,USD,,Actual,,,,01-JUN-25,31-MAY-26,,,,,,,,,,,,,,,,ALL
Customer/Outbound,Maldives:Ooredoo Maldives JUN25 MAY26,01-JUN-2025,31-MAY-2026,United Kingdom,Maldives,End of Agreement,All,All,Send or Pay Financial (All Services),"GBRME, GBROR",MDVWM,,Value,Gross,USD,,Actual,"700,000.000",,Financial Commitment,01-JUN-25,31-MAY-26,,,,,,,,,,,,,,,,ALL
Bi-Directional,Oman:Nawras Oman JUN25 MAY26,01-JUN-2025,31-MAY-2026,United Kingdom,Oman,End of Agreement,Data,MB,"Single Rate Effective (Voice, SMS, Data, VoLTE)","GBRME, GBROR",OMNNT,0.00200,Value,Gross,EUR,No-Balancing,Actual,,,,01-JUN-25,31-MAY-26,,,,,,,,,,N/A,,,,,,ALL
Bi-Directional,Oman:Nawras Oman JUN25 MAY26,01-JUN-2025,31-MAY-2026,United Kingdom,Oman,End of Agreement,SMS,MO,"Single Rate Effective (Voice, SMS, Data, VoLTE)","GBRME, GBROR",OMNNT,0.01000,Value,Gross,EUR,No-Balancing,Actual,,,,01-JUN-25,31-MAY-26,,,,,,,,,,ALL,,,,,,ALL
Bi-Directional,Oman:Nawras Oman JUN25 MAY26,01-JUN-2025,31-MAY-2026,United Kingdom,Oman,End of Agreement,Voice,MO,"Single Rate Effective (Voice, SMS, Data, VoLTE)","GBRME, GBROR",OMNNT,0.15000,Value,Gross,EUR,No-Balancing,Actual,,,,01-JUN-25,31-MAY-26,,,,,,,,,,LOC,,,,,,ALL
Bi-Directional,Oman:Nawras Oman JUN25 MAY26,01-JUN-2025,31-MAY-2026,United Kingdom,Oman,End of Agreement,Voice,MT,"Single Rate Effective (Voice, SMS, Data, VoLTE)","GBRME, GBROR",OMNNT,0.00000,Value,Gross,EUR,No-Balancing,Actual,,,,01-JUN-25,31-MAY-26,,,,,,,,,,N/A,,,,,,ALL
Bi-Directional,Oman:Nawras Oman JUN25 MAY26,01-JUN-2025,31-MAY-2026,United Kingdom,Oman,End of Agreement,Voice,MO,"Single Rate Effective (Voice, SMS, Data, VoLTE)","GBRME, GBROR",OMNNT,0.50000,Value,Gross,EUR,No-Balancing,Actual,,,,01-JUN-25,31-MAY-26,,,,,,,,,,INT,,,,,,ALL
Bi-Directional,Oman:Nawras Oman JUN25 MAY26,01-JUN-2025,31-MAY-2026,United Kingdom,Oman,End of Agreement,Voice,MO,"Single Rate Effective (Voice, SMS, Data, VoLTE)","GBRME, GBROR",OMNNT,0.25000,Value,Gross,EUR,No-Balancing,Actual,,,,01-JUN-25,31-MAY-26,,,,,,,,,,HOM,,,,,,ALL
Customer/Outbound,Oman:Nawras Oman JUN25 MAY26,01-JUN-2025,31-MAY-2026,United Kingdom,Oman,End of Agreement,All,All,Send or Pay Financial (All Services),"GBRME, GBROR",OMNNT,,Value,Gross,EUR,No-Balancing,Actual,"15,000.000",,Financial Commitment,01-JUN-25,31-MAY-26,,,,,,,,,,N/A,,,,,,ALL
Visitor/Inbound,Oman:Nawras Oman JUN25 MAY26,01-JUN-2025,31-MAY-2026,United Kingdom,Oman,End of Agreement,All,All,Send or Pay Financial (All Services),"GBRME, GBROR",OMNNT,,Value,Gross,EUR,No-Balancing,Actual,"15,000.000",,Financial Commitment,01-JUN-25,31-MAY-26,,,,,,,,,,N/A,,,,,,ALL
Bi-Directional,Seychelles:Ca&W Seychelles JUN25 MAY26,01-JUN-2025,31-MAY-2026,United Kingdom,Seychelles,End of Agreement,Data,MB,"Single Rate Effective (Voice, SMS, Data, VoLTE)","GBRME, GBROR",SYCCW,0.00250,Value,Gross,USD,,Actual,,,,01-JUN-25,31-MAY-26,,,,,,,,,,N/A,,,,,,ALL
Bi-Directional,Seychelles:Ca&W Seychelles JUN25 MAY26,01-JUN-2025,31-MAY-2026,United Kingdom,Seychelles,End of Agreement,SMS,MO,"Single Rate Effective (Voice, SMS, Data, VoLTE)","GBRME, GBROR",SYCCW,0.03000,Value,Gross,USD,,Actual,,,,01-JUN-25,31-MAY-26,,,,,,,,,,ALL,,,,,,ALL
Bi-Directional,Seychelles:Ca&W Seychelles JUN25 MAY26,01-JUN-2025,31-MAY-2026,United Kingdom,Seychelles,End of Agreement,Voice,MO,"Single Rate Effective (Voice, SMS, Data, VoLTE)","GBRME, GBROR",SYCCW,0.03000,Value,Gross,USD,,Actual,,,,01-JUN-25,31-MAY-26,,,,,,,,,,LOC,,,,,,ALL
Bi-Directional,Seychelles:Ca&W Seychelles JUN25 MAY26,01-JUN-2025,31-MAY-2026,United Kingdom,Seychelles,End of Agreement,Voice,MT,"Single Rate Effective (Voice, SMS, Data, VoLTE)","GBRME, GBROR",SYCCW,0.00000,Value,Gross,USD,,Actual,,,,01-JUN-25,31-MAY-26,,,,,,,,,,N/A,,,,,,ALL
Bi-Directional,Seychelles:Ca&W Seychelles JUN25 MAY26,01-JUN-2025,31-MAY-2026,United Kingdom,Seychelles,End of Agreement,Voice,MO,"Single Rate Effective (Voice, SMS, Data, VoLTE)","GBRME, GBROR",SYCCW,0.40000,Value,Gross,USD,,Actual,,,,01-JUN-25,31-MAY-26,,,,,,,,,,INT,,,,,,ALL
Bi-Directional,Seychelles:Ca&W Seychelles JUN25 MAY26,01-JUN-2025,31-MAY-2026,United Kingdom,Seychelles,End of Agreement,Voice,MO,"Single Rate Effective (Voice, SMS, Data, VoLTE)","GBRME, GBROR",SYCCW,0.10000,Value,Gross,USD,,Actual,,,,01-JUN-25,31-MAY-26,,,,,,,,,,HOM,,,,,,ALL
Customer/Outbound,Tampnet AAMT1:Tampnet Norway JUN25 MAY26,01-JUN-2025,31-MAY-2026,United Kingdom,Norway,End of Agreement,Data,MB,"Single Rate Effective (Voice, SMS, Data, VoLTE)","GBRME, GBROR",AAMT1,0.02500,Value,Gross,EUR,,Actual,,,,01-JUN-25,31-MAY-26,,,,,,,,,,,,,,,,ALL
Customer/Outbound,Tampnet AAMT1:Tampnet Norway JUN25 MAY26,01-JUN-2025,31-MAY-2026,United Kingdom,Norway,End of Agreement,SMS,MO,"Single Rate Effective (Voice, SMS, Data, VoLTE)","GBRME, GBROR",AAMT1,0.15000,Value,Gross,EUR,,Actual,,,,01-JUN-25,31-MAY-26,,,,,,,,,,,,,,,,ALL
Customer/Outbound,Tampnet AAMT1:Tampnet Norway JUN25 MAY26,01-JUN-2025,31-MAY-2026,United Kingdom,Norway,End of Agreement,Voice,MO,"Single Rate Effective (Voice, SMS, Data, VoLTE)","GBRME, GBROR",AAMT1,0.02800,Value,Gross,EUR,,Actual,,,,01-JUN-25,31-MAY-26,,,,,,,,,,,,,,,,ALL
Customer/Outbound,Tampnet AAMT1:Tampnet Norway JUN25 MAY26,01-JUN-2025,31-MAY-2026,United Kingdom,Norway,End of Agreement,Voice,MT,"Single Rate Effective (Voice, SMS, Data, VoLTE)","GBRME, GBROR",AAMT1,0.02800,Value,Gross,EUR,,Actual,,,,01-JUN-25,31-MAY-26,,,,,,,,,,,,,,,,ALL
Bi-Directional,Yemen:YOU Telecom JUN25 MAY26,01-JUN-2025,31-MAY-2026,United Kingdom,Yemen,End of Agreement,All,All,Send or Pay Financial (All Services),"GBRME, GBROR",YEMSP,,Value,Gross,USD,,Actual,10.240,,Financial Commitment,01-JUN-25,31-MAY-26,,,,,,,,,,N/A,,,,,,ALL
Bi-Directional,Yemen:YOU Telecom JUN25 MAY26,01-JUN-2025,31-MAY-2026,United Kingdom,Yemen,End of Agreement,Data,MB,"Send or Pay Traffic (Voice, SMS, Data, VoLTE)","GBRME, GBROR",YEMSP,5.00000,Value,Gross,USD,,Actual,"4,000,000.250",,Volume,01-JUN-25,31-MAY-26,,,,,,,,,,N/A,,,,,,ALL
Bi-Directional,Yemen:YOU Telecom JUN25 MAY26,01-JUN-2025,31-MAY-2026,United Kingdom,Yemen,Monthly,Data,MB,Minimum Charge Per IMSI Per Month (Data only),"GBRME, GBROR",YEMSP,0.05000,Value,Net,USD,,Actual,1.545,,Minimum Charge,01-JUN-25,31-MAY-26,,,,,,,,,,N/A,,,,,,ALL
Bi-Directional,Yemen:YOU Telecom JUN25 MAY26,01-JUN-2025,31-MAY-2026,United Kingdom,Yemen,End of Agreement,SMS,MO,"Single Rate Effective (Voice, SMS, Data, VoLTE)","GBRME, GBROR",YEMSP,0.05000,Value,Net,USD,,Actual,,,,01-JUN-25,31-MAY-26,,,,,,,,,,ALL,,,,,,ALL
Bi-Directional,Yemen:YOU Telecom JUN25 MAY26,01-JUN-2025,31-MAY-2026,United Kingdom,Yemen,End of Agreement,Voice,MT,"Single Rate Effective (Voice, SMS, Data, VoLTE)","GBRME, GBROR",YEMSP,0.00000,Value,Net,USD,,Actual,,,,01-JUN-25,31-MAY-26,,,,,,,,,,N/A,,,,,,ALL
Customer/Outbound,Yemen:YOU Telecom JUN25 MAY26,01-JUN-2025,31-MAY-2026,United Kingdom,Yemen,End of Agreement,Voice,MO,"Single Rate Effective (Voice, SMS, Data, VoLTE)","GBRME, GBROR",YEMSP,0.05000,Value,Net,USD,,Actual,,,,01-JUN-25,31-MAY-26,,,,,,,,,,LOC,,,,,,ALL
Customer/Outbound,Yemen:YOU Telecom JUN25 MAY26,01-JUN-2025,31-MAY-2026,United Kingdom,Yemen,End of Agreement,Voice,MO,"Single Rate Effective (Voice, SMS, Data, VoLTE)","GBRME, GBROR",YEMSP,1.40000,Value,Net,USD,,Actual,,,,01-JUN-25,31-MAY-26,,,,,,,,,,HOM,,,,,,ALL
Customer/Outbound,Yemen:YOU Telecom JUN25 MAY26,01-JUN-2025,31-MAY-2026,United Kingdom,Yemen,End of Agreement,Voice,MO,"Single Rate Effective (Voice, SMS, Data, VoLTE)","GBRME, GBROR",YEMSP,0.55000,Value,Net,USD,,Actual,,,,01-JUN-25,31-MAY-26,,,,,,,,,,INT,,,,,,ALL
Visitor/Inbound,Yemen:YOU Telecom JUN25 MAY26,01-JUN-2025,31-MAY-2026,United Kingdom,Yemen,End of Agreement,Voice,MO,"Single Rate Effective (Voice, SMS, Data, VoLTE)","GBRME, GBROR",YEMSP,0.05000,Value,Net,USD,,Actual,,,,01-JUN-25,31-MAY-26,,,,,,,,,,LOC,,,,,,ALL
Visitor/Inbound,Yemen:YOU Telecom JUN25 MAY26,01-JUN-2025,31-MAY-2026,United Kingdom,Yemen,End of Agreement,Voice,MO,"Single Rate Effective (Voice, SMS, Data, VoLTE)","GBRME, GBROR",YEMSP,1.40000,Value,Net,USD,,Actual,,,,01-JUN-25,31-MAY-26,,,,,,,,,,HOM,,,,,,ALL
Visitor/Inbound,Yemen:YOU Telecom JUN25 MAY26,01-JUN-2025,31-MAY-2026,United Kingdom,Yemen,End of Agreement,Voice,MO,"Single Rate Effective (Voice, SMS, Data, VoLTE)","GBRME, GBROR",YEMSP,0.55000,Value,Net,USD,,Actual,,,,01-JUN-25,31-MAY-26,,,,,,,,,,INT,,,,,,ALL
Bi-Directional,:Sky UK JAN25 DEC26,01-JAN-2025,31-DEC-2026,United Kingdom,United Kingdom,End of Agreement,Data,MB,Per Month Per IMSI With Incremental Charging (Data),"GBRME, GBROR",IRLKY,,Value,Gross,GBP,,Actual,225.500,,Volume included in Access Fee,01-JAN-25,31-DEC-26,,,,,,,,25.00000,0.20000,,,,,,,ALL
Bi-Directional,Falkland Islands (Malvinas):Sure Falkland Island JAN25 DEC26,01-JAN-2025,31-DEC-2026,United Kingdom,Falkland Islands (Malvinas),End of Agreement,All,All,Send or Pay Financial (All Services),"GBRME, GBROR",FLKCW,,Value,Gross,GBP,,Actual,"75,000.000",,Financial Commitment,01-JAN-25,31-DEC-26,,,,,,,,,,N/A,,,,,,ALL
Bi-Directional,Falkland Islands (Malvinas):Sure Falkland Island JAN25 DEC26,01-JAN-2025,31-DEC-2026,United Kingdom,Falkland Islands (Malvinas),End of Agreement,Data,MB,"Single Rate Effective (Voice, SMS, Data, VoLTE)","GBRME, GBROR",FLKCW,0.07500,Value,Gross,GBP,,Actual,,,,01-JAN-25,31-DEC-26,,,,,,,,,,N/A,,,,,,Segment_test
Bi-Directional,Falkland Islands (Malvinas):Sure Falkland Island JAN25 DEC26,01-JAN-2025,31-DEC-2026,United Kingdom,Falkland Islands (Malvinas),End of Agreement,SMS,MO,"Single Rate Effective (Voice, SMS, Data, VoLTE)","GBRME, GBROR",FLKCW,0.10000,Value,Gross,GBP,,Actual,,,,01-JAN-25,31-DEC-26,,,,,,,,,,ALL,,,,,,ALL
Bi-Directional,Falkland Islands (Malvinas):Sure Falkland Island JAN25 DEC26,01-JAN-2025,31-DEC-2026,United Kingdom,Falkland Islands (Malvinas),End of Agreement,Voice,MO,"Single Rate Effective (Voice, SMS, Data, VoLTE)","GBRME, GBROR",FLKCW,0.20000,Value,Gross,GBP,,Actual,,,,01-JAN-25,31-DEC-26,,,,,,,,,,LOC,,,,,,ALL
Bi-Directional,Falkland Islands (Malvinas):Sure Falkland Island JAN25 DEC26,01-JAN-2025,31-DEC-2026,United Kingdom,Falkland Islands (Malvinas),End of Agreement,Voice,MO,"Single Rate Effective (Voice, SMS, Data, VoLTE)","GBRME, GBROR",FLKCW,0.60000,Value,Gross,GBP,,Actual,,,,01-JAN-25,31-DEC-26,,,,,,,,,,INT,,,,,,ALL
Bi-Directional,Falkland Islands (Malvinas):Sure Falkland Island JAN25 DEC26,01-JAN-2025,31-DEC-2026,United Kingdom,Falkland Islands (Malvinas),End of Agreement,Voice,MO,"Single Rate Effective (Voice, SMS, Data, VoLTE)","GBRME, GBROR",FLKCW,0.95000,Value,Gross,GBP,,Actual,,,,01-JAN-25,31-DEC-26,,,,,,,,,,HOM,,,,,,ALL
Bi-Directional,Falkland Islands (Malvinas):Sure Falkland Island JAN25 DEC26,01-JAN-2025,31-DEC-2026,United Kingdom,Falkland Islands (Malvinas),End of Agreement,Voice,MT,"Single Rate Effective (Voice, SMS, Data, VoLTE)","GBRME, GBROR",FLKCW,0.00000,Value,Gross,GBP,,Actual,,,,01-JAN-25,31-DEC-26,,,,,,,,,,N/A,,,,,,ALL
Visitor/Inbound,France:SFR France NOV23 OCT26,01-NOV-2023,31-OCT-2026,United Kingdom,France,End of Agreement,Access Fee,IMSI,Per Month Per IMSI (All Services),GBRPR,FRA09,,,Gross,EUR,,Actual,,,,01-NOV-23,31-OCT-26,,,,,,,,,,N/A,,,,,ALL,
Visitor/Inbound,France:SFR France NOV23 OCT26,01-NOV-2023,31-OCT-2026,United Kingdom,France,End of Agreement,Data,MB,"Single Rate Effective (Voice, SMS, Data)",GBRPR,FRA09,0.00240,Value,Gross,EUR,,Actual,,,,01-NOV-23,31-OCT-26,,,,,,,,,,N/A,,,,,ALL,
Visitor/Inbound,France:SFR France NOV23 OCT26,01-NOV-2023,31-OCT-2026,United Kingdom,France,End of Agreement,SMS,MO,"Single Rate Effective (Voice, SMS, Data)",GBRPR,FRA09,0.00200,Value,Gross,EUR,,Actual,,,,01-NOV-23,31-OCT-26,,,,,,,,,,ALL,,,,,ALL,
Visitor/Inbound,France:SFR France NOV23 OCT26,01-NOV-2023,31-OCT-2026,United Kingdom,France,End of Agreement,Voice,MO,"Single Rate Effective (Voice, SMS, Data)",GBRPR,FRA09,0.02000,Value,Gross,EUR,,Actual,,,,01-NOV-23,31-OCT-26,,,,,,,,,,MULTI,Austria,,,,ALL,
Visitor/Inbound,France:SFR France NOV23 OCT26,01-NOV-2023,31-OCT-2026,United Kingdom,France,End of Agreement,Voice,MO,"Single Rate Effective (Voice, SMS, Data)",GBRPR,FRA09,0.02000,Value,Gross,EUR,,Actual,,,,01-NOV-23,31-OCT-26,,,,,,,,,,MULTI,Belgium,,,,ALL,
Visitor/Inbound,France:SFR France NOV23 OCT26,01-NOV-2023,31-OCT-2026,United Kingdom,France,End of Agreement,Voice,MO,"Single Rate Effective (Voice, SMS, Data)",GBRPR,FRA09,0.02000,Value,Gross,EUR,,Actual,,,,01-NOV-23,31-OCT-26,,,,,,,,,,MULTI,Bulgaria,,,,ALL,
Visitor/Inbound,France:SFR France NOV23 OCT26,01-NOV-2023,31-OCT-2026,United Kingdom,France,End of Agreement,Voice,MO,"Single Rate Effective (Voice, SMS, Data)",GBRPR,FRA09,0.02000,Value,Gross,EUR,,Actual,,,,01-NOV-23,31-OCT-26,,,,,,,,,,MULTI,Croatia,,,,ALL,
Visitor/Inbound,France:SFR France NOV23 OCT26,01-NOV-2023,31-OCT-2026,United Kingdom,France,End of Agreement,Voice,MO,"Single Rate Effective (Voice, SMS, Data)",GBRPR,FRA09,0.02000,Value,Gross,EUR,,Actual,,,,01-NOV-23,31-OCT-26,,,,,,,,,,MULTI,Cyprus,,,,ALL,
Visitor/Inbound,France:SFR France NOV23 OCT26,01-NOV-2023,31-OCT-2026,United Kingdom,France,End of Agreement,Voice,MO,"Single Rate Effective (Voice, SMS, Data)",GBRPR,FRA09,0.02000,Value,Gross,EUR,,Actual,,,,01-NOV-23,31-OCT-26,,,,,,,,,,MULTI,Czech Republic,,,,ALL,
Visitor/Inbound,France:SFR France NOV23 OCT26,01-NOV-2023,31-OCT-2026,United Kingdom,France,End of Agreement,Voice,MO,"Single Rate Effective (Voice, SMS, Data)",GBRPR,FRA09,0.02000,Value,Gross,EUR,,Actual,,,,01-NOV-23,31-OCT-26,,,,,,,,,,MULTI,Denmark,,,,ALL,
Visitor/Inbound,France:SFR France NOV23 OCT26,01-NOV-2023,31-OCT-2026,United Kingdom,France,End of Agreement,Voice,MO,"Single Rate Effective (Voice, SMS, Data)",GBRPR,FRA09,0.02000,Value,Gross,EUR,,Actual,,,,01-NOV-23,31-OCT-26,,,,,,,,,,MULTI,Estonia,,,,ALL,
Visitor/Inbound,France:SFR France NOV23 OCT26,01-NOV-2023,31-OCT-2026,United Kingdom,France,End of Agreement,Voice,MO,"Single Rate Effective (Voice, SMS, Data)",GBRPR,FRA09,0.02000,Value,Gross,EUR,,Actual,,,,01-NOV-23,31-OCT-26,,,,,,,,,,MULTI,Finland,,,,ALL,
Visitor/Inbound,France:SFR France NOV23 OCT26,01-NOV-2023,31-OCT-2026,United Kingdom,France,End of Agreement,Voice,MO,"Single Rate Effective (Voice, SMS, Data)",GBRPR,FRA09,0.02000,Value,Gross,EUR,,Actual,,,,01-NOV-23,31-OCT-26,,,,,,,,,,MULTI,France,,,,ALL,
Visitor/Inbound,France:SFR France NOV23 OCT26,01-NOV-2023,31-OCT-2026,United Kingdom,France,End of Agreement,Voice,MO,"Single Rate Effective (Voice, SMS, Data)",GBRPR,FRA09,0.02000,Value,Gross,EUR,,Actual,,,,01-NOV-23,31-OCT-26,,,,,,,,,,MULTI,Germany,,,,ALL,
Visitor/Inbound,France:SFR France NOV23 OCT26,01-NOV-2023,31-OCT-2026,United Kingdom,France,End of Agreement,Voice,MO,"Single Rate Effective (Voice, SMS, Data)",GBRPR,FRA09,0.02000,Value,Gross,EUR,,Actual,,,,01-NOV-23,31-OCT-26,,,,,,,,,,MULTI,Greece,,,,ALL,
Visitor/Inbound,France:SFR France NOV23 OCT26,01-NOV-2023,31-OCT-2026,United Kingdom,France,End of Agreement,Voice,MO,"Single Rate Effective (Voice, SMS, Data)",GBRPR,FRA09,0.02000,Value,Gross,EUR,,Actual,,,,01-NOV-23,31-OCT-26,,,,,,,,,,MULTI,Hungary,,,,ALL,
Visitor/Inbound,France:SFR France NOV23 OCT26,01-NOV-2023,31-OCT-2026,United Kingdom,France,End of Agreement,Voice,MO,"Single Rate Effective (Voice, SMS, Data)",GBRPR,FRA09,0.02000,Value,Gross,EUR,,Actual,,,,01-NOV-23,31-OCT-26,,,,,,,,,,MULTI,Iceland,,,,ALL,
Visitor/Inbound,France:SFR France NOV23 OCT26,01-NOV-2023,31-OCT-2026,United Kingdom,France,End of Agreement,Voice,MO,"Single Rate Effective (Voice, SMS, Data)",GBRPR,FRA09,0.02000,Value,Gross,EUR,,Actual,,,,01-NOV-23,31-OCT-26,,,,,,,,,,MULTI,Ireland,,,,ALL,
Visitor/Inbound,France:SFR France NOV23 OCT26,01-NOV-2023,31-OCT-2026,United Kingdom,France,End of Agreement,Voice,MO,"Single Rate Effective (Voice, SMS, Data)",GBRPR,FRA09,0.02000,Value,Gross,EUR,,Actual,,,,01-NOV-23,31-OCT-26,,,,,,,,,,MULTI,Italy,,,,ALL,
Visitor/Inbound,France:SFR France NOV23 OCT26,01-NOV-2023,31-OCT-2026,United Kingdom,France,End of Agreement,Voice,MO,"Single Rate Effective (Voice, SMS, Data)",GBRPR,FRA09,0.02000,Value,Gross,EUR,,Actual,,,,01-NOV-23,31-OCT-26,,,,,,,,,,MULTI,Latvia,,,,ALL,
Visitor/Inbound,France:SFR France NOV23 OCT26,01-NOV-2023,31-OCT-2026,United Kingdom,France,End of Agreement,Voice,MO,"Single Rate Effective (Voice, SMS, Data)",GBRPR,FRA09,0.02000,Value,Gross,EUR,,Actual,,,,01-NOV-23,31-OCT-26,,,,,,,,,,MULTI,Liechtenstein,,,,ALL,
Visitor/Inbound,France:SFR France NOV23 OCT26,01-NOV-2023,31-OCT-2026,United Kingdom,France,End of Agreement,Voice,MO,"Single Rate Effective (Voice, SMS, Data)",GBRPR,FRA09,0.02000,Value,Gross,EUR,,Actual,,,,01-NOV-23,31-OCT-26,,,,,,,,,,MULTI,Lithuania,,,,ALL,
Visitor/Inbound,France:SFR France NOV23 OCT26,01-NOV-2023,31-OCT-2026,United Kingdom,France,End of Agreement,Voice,MO,"Single Rate Effective (Voice, SMS, Data)",GBRPR,FRA09,0.02000,Value,Gross,EUR,,Actual,,,,01-NOV-23,31-OCT-26,,,,,,,,,,MULTI,Luxembourg,,,,ALL,
Visitor/Inbound,France:SFR France NOV23 OCT26,01-NOV-2023,31-OCT-2026,United Kingdom,France,End of Agreement,Voice,MO,"Single Rate Effective (Voice, SMS, Data)",GBRPR,FRA09,0.02000,Value,Gross,EUR,,Actual,,,,01-NOV-23,31-OCT-26,,,,,,,,,,MULTI,Malta,,,,ALL,
Visitor/Inbound,France:SFR France NOV23 OCT26,01-NOV-2023,31-OCT-2026,United Kingdom,France,End of Agreement,Voice,MO,"Single Rate Effective (Voice, SMS, Data)",GBRPR,FRA09,0.02000,Value,Gross,EUR,,Actual,,,,01-NOV-23,31-OCT-26,,,,,,,,,,MULTI,Netherlands,,,,ALL,
Visitor/Inbound,France:SFR France NOV23 OCT26,01-NOV-2023,31-OCT-2026,United Kingdom,France,End of Agreement,Voice,MO,"Single Rate Effective (Voice, SMS, Data)",GBRPR,FRA09,0.02000,Value,Gross,EUR,,Actual,,,,01-NOV-23,31-OCT-26,,,,,,,,,,MULTI,Norway,,,,ALL,
Visitor/Inbound,France:SFR France NOV23 OCT26,01-NOV-2023,31-OCT-2026,United Kingdom,France,End of Agreement,Voice,MO,"Single Rate Effective (Voice, SMS, Data)",GBRPR,FRA09,0.02000,Value,Gross,EUR,,Actual,,,,01-NOV-23,31-OCT-26,,,,,,,,,,MULTI,Poland,,,,ALL,
Visitor/Inbound,France:SFR France NOV23 OCT26,01-NOV-2023,31-OCT-2026,United Kingdom,France,End of Agreement,Voice,MO,"Single Rate Effective (Voice, SMS, Data)",GBRPR,FRA09,0.02000,Value,Gross,EUR,,Actual,,,,01-NOV-23,31-OCT-26,,,,,,,,,,MULTI,Portugal,,,,ALL,
Visitor/Inbound,France:SFR France NOV23 OCT26,01-NOV-2023,31-OCT-2026,United Kingdom,France,End of Agreement,Voice,MO,"Single Rate Effective (Voice, SMS, Data)",GBRPR,FRA09,0.02000,Value,Gross,EUR,,Actual,,,,01-NOV-23,31-OCT-26,,,,,,,,,,MULTI,Romania,,,,ALL,
Visitor/Inbound,France:SFR France NOV23 OCT26,01-NOV-2023,31-OCT-2026,United Kingdom,France,End of Agreement,Voice,MO,"Single Rate Effective (Voice, SMS, Data)",GBRPR,FRA09,0.02000,Value,Gross,EUR,,Actual,,,,01-NOV-23,31-OCT-26,,,,,,,,,,MULTI,Slovakia,,,,ALL,
Visitor/Inbound,France:SFR France NOV23 OCT26,01-NOV-2023,31-OCT-2026,United Kingdom,France,End of Agreement,Voice,MO,"Single Rate Effective (Voice, SMS, Data)",GBRPR,FRA09,0.02000,Value,Gross,EUR,,Actual,,,,01-NOV-23,31-OCT-26,,,,,,,,,,MULTI,Slovenia,,,,ALL,
Visitor/Inbound,France:SFR France NOV23 OCT26,01-NOV-2023,31-OCT-2026,United Kingdom,France,End of Agreement,Voice,MO,"Single Rate Effective (Voice, SMS, Data)",GBRPR,FRA09,0.02000,Value,Gross,EUR,,Actual,,,,01-NOV-23,31-OCT-26,,,,,,,,,,MULTI,Spain,,,,ALL,
Visitor/Inbound,France:SFR France NOV23 OCT26,01-NOV-2023,31-OCT-2026,United Kingdom,France,End of Agreement,Voice,MO,"Single Rate Effective (Voice, SMS, Data)",GBRPR,FRA09,0.02000,Value,Gross,EUR,,Actual,,,,01-NOV-23,31-OCT-26,,,,,,,,,,MULTI,Sweden,,,,ALL,
Visitor/Inbound,France:SFR France NOV23 OCT26,01-NOV-2023,31-OCT-2026,United Kingdom,France,End of Agreement,Voice,MO,"Single Rate Effective (Voice, SMS, Data)",GBRPR,FRA09,0.02000,Value,Gross,EUR,,Actual,,,,01-NOV-23,31-OCT-26,,,,,,,,,,MULTI,United Kingdom,,,,ALL,
Visitor/Inbound,France:SFR France NOV23 OCT26,01-NOV-2023,31-OCT-2026,United Kingdom,France,End of Agreement,Voice,MO,"Single Rate Effective (Voice, SMS, Data)",GBRPR,FRA09,0.25000,Value,Gross,EUR,,Actual,,,,01-NOV-23,31-OCT-26,,,,,,,,,,MULTI,Afghanistan,,,,ALL,
Visitor/Inbound,France:SFR France NOV23 OCT26,01-NOV-2023,31-OCT-2026,United Kingdom,France,End of Agreement,Voice,MO,"Single Rate Effective (Voice, SMS, Data)",GBRPR,FRA09,0.25000,Value,Gross,EUR,,Actual,,,,01-NOV-23,31-OCT-26,,,,,,,,,,MULTI,Aland Islands,,,,ALL,
Visitor/Inbound,France:SFR France NOV23 OCT26,01-NOV-2023,31-OCT-2026,United Kingdom,France,End of Agreement,Voice,MO,"Single Rate Effective (Voice, SMS, Data)",GBRPR,FRA09,0.25000,Value,Gross,EUR,,Actual,,,,01-NOV-23,31-OCT-26,,,,,,,,,,MULTI,Albania,,,,ALL,
Visitor/Inbound,France:SFR France NOV23 OCT26,01-NOV-2023,31-OCT-2026,United Kingdom,France,End of Agreement,Voice,MO,"Single Rate Effective (Voice, SMS, Data)",GBRPR,FRA09,0.25000,Value,Gross,EUR,,Actual,,,,01-NOV-23,31-OCT-26,,,,,,,,,,MULTI,Algeria,,,,ALL,
Visitor/Inbound,France:SFR France NOV23 OCT26,01-NOV-2023,31-OCT-2026,United Kingdom,France,End of Agreement,Voice,MO,"Single Rate Effective (Voice, SMS, Data)",GBRPR,FRA09,0.25000,Value,Gross,EUR,,Actual,,,,01-NOV-23,31-OCT-26,,,,,,,,,,MULTI,American Samoa,,,,ALL,
Visitor/Inbound,France:SFR France NOV23 OCT26,01-NOV-2023,31-OCT-2026,United Kingdom,France,End of Agreement,Voice,MO,"Single Rate Effective (Voice, SMS, Data)",GBRPR,FRA09,0.25000,Value,Gross,EUR,,Actual,,,,01-NOV-23,31-OCT-26,,,,,,,,,,MULTI,Andorra,,,,ALL,
Visitor/Inbound,France:SFR France NOV23 OCT26,01-NOV-2023,31-OCT-2026,United Kingdom,France,End of Agreement,Voice,MO,"Single Rate Effective (Voice, SMS, Data)",GBRPR,FRA09,0.25000,Value,Gross,EUR,,Actual,,,,01-NOV-23,31-OCT-26,,,,,,,,,,MULTI,Angola,,,,ALL,
Visitor/Inbound,France:SFR France NOV23 OCT26,01-NOV-2023,31-OCT-2026,United Kingdom,France,End of Agreement,Voice,MO,"Single Rate Effective (Voice, SMS, Data)",GBRPR,FRA09,0.25000,Value,Gross,EUR,,Actual,,,,01-NOV-23,31-OCT-26,,,,,,,,,,MULTI,Anguilla,,,,ALL,
Visitor/Inbound,France:SFR France NOV23 OCT26,01-NOV-2023,31-OCT-2026,United Kingdom,France,End of Agreement,Voice,MO,"Single Rate Effective (Voice, SMS, Data)",GBRPR,FRA09,0.25000,Value,Gross,EUR,,Actual,,,,01-NOV-23,31-OCT-26,,,,,,,,,,MULTI,Antartica,,,,ALL,
Visitor/Inbound,France:SFR France NOV23 OCT26,01-NOV-2023,31-OCT-2026,United Kingdom,France,End of Agreement,Voice,MO,"Single Rate Effective (Voice, SMS, Data)",GBRPR,FRA09,0.25000,Value,Gross,EUR,,Actual,,,,01-NOV-23,31-OCT-26,,,,,,,,,,MULTI,Antigua and Barbuda,,,,ALL,
Visitor/Inbound,France:SFR France NOV23 OCT26,01-NOV-2023,31-OCT-2026,United Kingdom,France,End of Agreement,Voice,MO,"Single Rate Effective (Voice, SMS, Data)",GBRPR,FRA09,0.25000,Value,Gross,EUR,,Actual,,,,01-NOV-23,31-OCT-26,,,,,,,,,,MULTI,Argentina,,,,ALL,
Visitor/Inbound,France:SFR France NOV23 OCT26,01-NOV-2023,31-OCT-2026,United Kingdom,France,End of Agreement,Voice,MO,"Single Rate Effective (Voice, SMS, Data)",GBRPR,FRA09,0.25000,Value,Gross,EUR,,Actual,,,,01-NOV-23,31-OCT-26,,,,,,,,,,MULTI,Armenia,,,,ALL,
Visitor/Inbound,France:SFR France NOV23 OCT26,01-NOV-2023,31-OCT-2026,United Kingdom,France,End of Agreement,Voice,MO,"Single Rate Effective (Voice, SMS, Data)",GBRPR,FRA09,0.25000,Value,Gross,EUR,,Actual,,,,01-NOV-23,31-OCT-26,,,,,,,,,,MULTI,Aruba,,,,ALL,
Visitor/Inbound,France:SFR France NOV23 OCT26,01-NOV-2023,31-OCT-2026,United Kingdom,France,End of Agreement,Voice,MO,"Single Rate Effective (Voice, SMS, Data)",GBRPR,FRA09,0.25000,Value,Gross,EUR,,Actual,,,,01-NOV-23,31-OCT-26,,,,,,,,,,MULTI,Ascension Island,,,,ALL,
Visitor/Inbound,France:SFR France NOV23 OCT26,01-NOV-2023,31-OCT-2026,United Kingdom,France,End of Agreement,Voice,MO,"Single Rate Effective (Voice, SMS, Data)",GBRPR,FRA09,0.25000,Value,Gross,EUR,,Actual,,,,01-NOV-23,31-OCT-26,,,,,,,,,,MULTI,Australia,,,,ALL,
Visitor/Inbound,France:SFR France NOV23 OCT26,01-NOV-2023,31-OCT-2026,United Kingdom,France,End of Agreement,Voice,MO,"Single Rate Effective (Voice, SMS, Data)",GBRPR,FRA09,0.25000,Value,Gross,EUR,,Actual,,,,01-NOV-23,31-OCT-26,,,,,,,,,,MULTI,Azerbaijan,,,,ALL,
Visitor/Inbound,France:SFR France NOV23 OCT26,01-NOV-2023,31-OCT-2026,United Kingdom,France,End of Agreement,Voice,MO,"Single Rate Effective (Voice, SMS, Data)",GBRPR,FRA09,0.25000,Value,Gross,EUR,,Actual,,,,01-NOV-23,31-OCT-26,,,,,,,,,,MULTI,Bahamas,,,,ALL,
Visitor/Inbound,France:SFR France NOV23 OCT26,01-NOV-2023,31-OCT-2026,United Kingdom,France,End of Agreement,Voice,MO,"Single Rate Effective (Voice, SMS, Data)",GBRPR,FRA09,0.25000,Value,Gross,EUR,,Actual,,,,01-NOV-23,31-OCT-26,,,,,,,,,,MULTI,Bahrain,,,,ALL,
Visitor/Inbound,France:SFR France NOV23 OCT26,01-NOV-2023,31-OCT-2026,United Kingdom,France,End of Agreement,Voice,MO,"Single Rate Effective (Voice, SMS, Data)",GBRPR,FRA09,0.25000,Value,Gross,EUR,,Actual,,,,01-NOV-23,31-OCT-26,,,,,,,,,,MULTI,Bangladesh,,,,ALL,
Visitor/Inbound,France:SFR France NOV23 OCT26,01-NOV-2023,31-OCT-2026,United Kingdom,France,End of Agreement,Voice,MO,"Single Rate Effective (Voice, SMS, Data)",GBRPR,FRA09,0.25000,Value,Gross,EUR,,Actual,,,,01-NOV-23,31-OCT-26,,,,,,,,,,MULTI,Barbados,,,,ALL,
Visitor/Inbound,France:SFR France NOV23 OCT26,01-NOV-2023,31-OCT-2026,United Kingdom,France,End of Agreement,Voice,MO,"Single Rate Effective (Voice, SMS, Data)",GBRPR,FRA09,0.25000,Value,Gross,EUR,,Actual,,,,01-NOV-23,31-OCT-26,,,,,,,,,,MULTI,Belarus,,,,ALL,
Visitor/Inbound,France:SFR France NOV23 OCT26,01-NOV-2023,31-OCT-2026,United Kingdom,France,End of Agreement,Voice,MO,"Single Rate Effective (Voice, SMS, Data)",GBRPR,FRA09,0.25000,Value,Gross,EUR,,Actual,,,,01-NOV-23,31-OCT-26,,,,,,,,,,MULTI,Belize,,,,ALL,
Visitor/Inbound,France:SFR France NOV23 OCT26,01-NOV-2023,31-OCT-2026,United Kingdom,France,End of Agreement,Voice,MO,"Single Rate Effective (Voice, SMS, Data)",GBRPR,FRA09,0.25000,Value,Gross,EUR,,Actual,,,,01-NOV-23,31-OCT-26,,,,,,,,,,MULTI,Benin,,,,ALL,
Visitor/Inbound,France:SFR France NOV23 OCT26,01-NOV-2023,31-OCT-2026,United Kingdom,France,End of Agreement,Voice,MO,"Single Rate Effective (Voice, SMS, Data)",GBRPR,FRA09,0.25000,Value,Gross,EUR,,Actual,,,,01-NOV-23,31-OCT-26,,,,,,,,,,MULTI,Bermuda,,,,ALL,
Visitor/Inbound,France:SFR France NOV23 OCT26,01-NOV-2023,31-OCT-2026,United Kingdom,France,End of Agreement,Voice,MO,"Single Rate Effective (Voice, SMS, Data)",GBRPR,FRA09,0.25000,Value,Gross,EUR,,Actual,,,,01-NOV-23,31-OCT-26,,,,,,,,,,MULTI,Bhutan,,,,ALL,
Visitor/Inbound,France:SFR France NOV23 OCT26,01-NOV-2023,31-OCT-2026,United Kingdom,France,End of Agreement,Voice,MO,"Single Rate Effective (Voice, SMS, Data)",GBRPR,FRA09,0.25000,Value,Gross,EUR,,Actual,,,,01-NOV-23,31-OCT-26,,,,,,,,,,MULTI,Bolivia,,,,ALL,
Visitor/Inbound,France:SFR France NOV23 OCT26,01-NOV-2023,31-OCT-2026,United Kingdom,France,End of Agreement,Voice,MO,"Single Rate Effective (Voice, SMS, Data)",GBRPR,FRA09,0.25000,Value,Gross,EUR,,Actual,,,,01-NOV-23,31-OCT-26,,,,,,,,,,MULTI,"Bonaire, Saint Eustatius and Saba",,,,ALL,
Visitor/Inbound,France:SFR France NOV23 OCT26,01-NOV-2023,31-OCT-2026,United Kingdom,France,End of Agreement,Voice,MO,"Single Rate Effective (Voice, SMS, Data)",GBRPR,FRA09,0.25000,Value,Gross,EUR,,Actual,,,,01-NOV-23,31-OCT-26,,,,,,,,,,MULTI,Bosnia and Herzegovina,,,,ALL,
Visitor/Inbound,France:SFR France NOV23 OCT26,01-NOV-2023,31-OCT-2026,United Kingdom,France,End of Agreement,Voice,MO,"Single Rate Effective (Voice, SMS, Data)",GBRPR,FRA09,0.25000,Value,Gross,EUR,,Actual,,,,01-NOV-23,31-OCT-26,,,,,,,,,,MULTI,Botswana,,,,ALL,
Visitor/Inbound,France:SFR France NOV23 OCT26,01-NOV-2023,31-OCT-2026,United Kingdom,France,End of Agreement,Voice,MO,"Single Rate Effective (Voice, SMS, Data)",GBRPR,FRA09,0.25000,Value,Gross,EUR,,Actual,,,,01-NOV-23,31-OCT-26,,,,,,,,,,MULTI,Bouvet Island,,,,ALL,
Visitor/Inbound,France:SFR France NOV23 OCT26,01-NOV-2023,31-OCT-2026,United Kingdom,France,End of Agreement,Voice,MO,"Single Rate Effective (Voice, SMS, Data)",GBRPR,FRA09,0.25000,Value,Gross,EUR,,Actual,,,,01-NOV-23,31-OCT-26,,,,,,,,,,MULTI,Brazil,,,,ALL,
Visitor/Inbound,France:SFR France NOV23 OCT26,01-NOV-2023,31-OCT-2026,United Kingdom,France,End of Agreement,Voice,MO,"Single Rate Effective (Voice, SMS, Data)",GBRPR,FRA09,0.25000,Value,Gross,EUR,,Actual,,,,01-NOV-23,31-OCT-26,,,,,,,,,,MULTI,British Indian Ocean Territory,,,,ALL,
Visitor/Inbound,France:SFR France NOV23 OCT26,01-NOV-2023,31-OCT-2026,United Kingdom,France,End of Agreement,Voice,MO,"Single Rate Effective (Voice, SMS, Data)",GBRPR,FRA09,0.25000,Value,Gross,EUR,,Actual,,,,01-NOV-23,31-OCT-26,,,,,,,,,,MULTI,Brunei Darussalam,,,,ALL,
Visitor/Inbound,France:SFR France NOV23 OCT26,01-NOV-2023,31-OCT-2026,United Kingdom,France,End of Agreement,Voice,MO,"Single Rate Effective (Voice, SMS, Data)",GBRPR,FRA09,0.25000,Value,Gross,EUR,,Actual,,,,01-NOV-23,31-OCT-26,,,,,,,,,,MULTI,Burkina Faso,,,,ALL,
Visitor/Inbound,France:SFR France NOV23 OCT26,01-NOV-2023,31-OCT-2026,United Kingdom,France,End of Agreement,Voice,MO,"Single Rate Effective (Voice, SMS, Data)",GBRPR,FRA09,0.25000,Value,Gross,EUR,,Actual,,,,01-NOV-23,31-OCT-26,,,,,,,,,,MULTI,Burundi,,,,ALL,
Visitor/Inbound,France:SFR France NOV23 OCT26,01-NOV-2023,31-OCT-2026,United Kingdom,France,End of Agreement,Voice,MO,"Single Rate Effective (Voice, SMS, Data)",GBRPR,FRA09,0.25000,Value,Gross,EUR,,Actual,,,,01-NOV-23,31-OCT-26,,,,,,,,,,MULTI,Cambodia,,,,ALL,
Visitor/Inbound,France:SFR France NOV23 OCT26,01-NOV-2023,31-OCT-2026,United Kingdom,France,End of Agreement,Voice,MO,"Single Rate Effective (Voice, SMS, Data)",GBRPR,FRA09,0.25000,Value,Gross,EUR,,Actual,,,,01-NOV-23,31-OCT-26,,,,,,,,,,MULTI,Cameroon,,,,ALL,
Visitor/Inbound,France:SFR France NOV23 OCT26,01-NOV-2023,31-OCT-2026,United Kingdom,France,End of Agreement,Voice,MO,"Single Rate Effective (Voice, SMS, Data)",GBRPR,FRA09,0.25000,Value,Gross,EUR,,Actual,,,,01-NOV-23,31-OCT-26,,,,,,,,,,MULTI,Canada,,,,ALL,
Visitor/Inbound,France:SFR France NOV23 OCT26,01-NOV-2023,31-OCT-2026,United Kingdom,France,End of Agreement,Voice,MO,"Single Rate Effective (Voice, SMS, Data)",GBRPR,FRA09,0.25000,Value,Gross,EUR,,Actual,,,,01-NOV-23,31-OCT-26,,,,,,,,,,MULTI,Cape Verde,,,,ALL,
Visitor/Inbound,France:SFR France NOV23 OCT26,01-NOV-2023,31-OCT-2026,United Kingdom,France,End of Agreement,Voice,MO,"Single Rate Effective (Voice, SMS, Data)",GBRPR,FRA09,0.25000,Value,Gross,EUR,,Actual,,,,01-NOV-23,31-OCT-26,,,,,,,,,,MULTI,Cayman Islands,,,,ALL,
Visitor/Inbound,France:SFR France NOV23 OCT26,01-NOV-2023,31-OCT-2026,United Kingdom,France,End of Agreement,Voice,MO,"Single Rate Effective (Voice, SMS, Data)",GBRPR,FRA09,0.25000,Value,Gross,EUR,,Actual,,,,01-NOV-23,31-OCT-26,,,,,,,,,,MULTI,Central African Republic,,,,ALL,
Visitor/Inbound,France:SFR France NOV23 OCT26,01-NOV-2023,31-OCT-2026,United Kingdom,France,End of Agreement,Voice,MO,"Single Rate Effective (Voice, SMS, Data)",GBRPR,FRA09,0.25000,Value,Gross,EUR,,Actual,,,,01-NOV-23,31-OCT-26,,,,,,,,,,MULTI,Chad,,,,ALL,
Visitor/Inbound,France:SFR France NOV23 OCT26,01-NOV-2023,31-OCT-2026,United Kingdom,France,End of Agreement,Voice,MO,"Single Rate Effective (Voice, SMS, Data)",GBRPR,FRA09,0.25000,Value,Gross,EUR,,Actual,,,,01-NOV-23,31-OCT-26,,,,,,,,,,MULTI,Chile,,,,ALL,
Visitor/Inbound,France:SFR France NOV23 OCT26,01-NOV-2023,31-OCT-2026,United Kingdom,France,End of Agreement,Voice,MO,"Single Rate Effective (Voice, SMS, Data)",GBRPR,FRA09,0.25000,Value,Gross,EUR,,Actual,,,,01-NOV-23,31-OCT-26,,,,,,,,,,MULTI,China,,,,ALL,
Visitor/Inbound,France:SFR France NOV23 OCT26,01-NOV-2023,31-OCT-2026,United Kingdom,France,End of Agreement,Voice,MO,"Single Rate Effective (Voice, SMS, Data)",GBRPR,FRA09,0.25000,Value,Gross,EUR,,Actual,,,,01-NOV-23,31-OCT-26,,,,,,,,,,MULTI,Christmas Island,,,,ALL,
Visitor/Inbound,France:SFR France NOV23 OCT26,01-NOV-2023,31-OCT-2026,United Kingdom,France,End of Agreement,Voice,MO,"Single Rate Effective (Voice, SMS, Data)",GBRPR,FRA09,0.25000,Value,Gross,EUR,,Actual,,,,01-NOV-23,31-OCT-26,,,,,,,,,,MULTI,Cocos (Keeling) Islands,,,,ALL,
Visitor/Inbound,France:SFR France NOV23 OCT26,01-NOV-2023,31-OCT-2026,United Kingdom,France,End of Agreement,Voice,MO,"Single Rate Effective (Voice, SMS, Data)",GBRPR,FRA09,0.25000,Value,Gross,EUR,,Actual,,,,01-NOV-23,31-OCT-26,,,,,,,,,,MULTI,Colombia,,,,ALL,
Visitor/Inbound,France:SFR France NOV23 OCT26,01-NOV-2023,31-OCT-2026,United Kingdom,France,End of Agreement,Voice,MO,"Single Rate Effective (Voice, SMS, Data)",GBRPR,FRA09,0.25000,Value,Gross,EUR,,Actual,,,,01-NOV-23,31-OCT-26,,,,,,,,,,MULTI,Comoros,,,,ALL,
Visitor/Inbound,France:SFR France NOV23 OCT26,01-NOV-2023,31-OCT-2026,United Kingdom,France,End of Agreement,Voice,MO,"Single Rate Effective (Voice, SMS, Data)",GBRPR,FRA09,0.25000,Value,Gross,EUR,,Actual,,,,01-NOV-23,31-OCT-26,,,,,,,,,,MULTI,Congo,,,,ALL,
Visitor/Inbound,France:SFR France NOV23 OCT26,01-NOV-2023,31-OCT-2026,United Kingdom,France,End of Agreement,Voice,MO,"Single Rate Effective (Voice, SMS, Data)",GBRPR,FRA09,0.25000,Value,Gross,EUR,,Actual,,,,01-NOV-23,31-OCT-26,,,,,,,,,,MULTI,"Congo, the Democratic Republic of the",,,,ALL,
Visitor/Inbound,France:SFR France NOV23 OCT26,01-NOV-2023,31-OCT-2026,United Kingdom,France,End of Agreement,Voice,MO,"Single Rate Effective (Voice, SMS, Data)",GBRPR,FRA09,0.25000,Value,Gross,EUR,,Actual,,,,01-NOV-23,31-OCT-26,,,,,,,,,,MULTI,Cook Islands,,,,ALL,
Visitor/Inbound,France:SFR France NOV23 OCT26,01-NOV-2023,31-OCT-2026,United Kingdom,France,End of Agreement,Voice,MO,"Single Rate Effective (Voice, SMS, Data)",GBRPR,FRA09,0.25000,Value,Gross,EUR,,Actual,,,,01-NOV-23,31-OCT-26,,,,,,,,,,MULTI,Costa Rica,,,,ALL,
Visitor/Inbound,France:SFR France NOV23 OCT26,01-NOV-2023,31-OCT-2026,United Kingdom,France,End of Agreement,Voice,MO,"Single Rate Effective (Voice, SMS, Data)",GBRPR,FRA09,0.25000,Value,Gross,EUR,,Actual,,,,01-NOV-23,31-OCT-26,,,,,,,,,,MULTI,Cuba,,,,ALL,
Visitor/Inbound,France:SFR France NOV23 OCT26,01-NOV-2023,31-OCT-2026,United Kingdom,France,End of Agreement,Voice,MO,"Single Rate Effective (Voice, SMS, Data)",GBRPR,FRA09,0.25000,Value,Gross,EUR,,Actual,,,,01-NOV-23,31-OCT-26,,,,,,,,,,MULTI,Curacao,,,,ALL,
Visitor/Inbound,France:SFR France NOV23 OCT26,01-NOV-2023,31-OCT-2026,United Kingdom,France,End of Agreement,Voice,MO,"Single Rate Effective (Voice, SMS, Data)",GBRPR,FRA09,0.25000,Value,Gross,EUR,,Actual,,,,01-NOV-23,31-OCT-26,,,,,,,,,,MULTI,Djibouti,,,,ALL,
Visitor/Inbound,France:SFR France NOV23 OCT26,01-NOV-2023,31-OCT-2026,United Kingdom,France,End of Agreement,Voice,MO,"Single Rate Effective (Voice, SMS, Data)",GBRPR,FRA09,0.25000,Value,Gross,EUR,,Actual,,,,01-NOV-23,31-OCT-26,,,,,,,,,,MULTI,Dominica,,,,ALL,
Visitor/Inbound,France:SFR France NOV23 OCT26,01-NOV-2023,31-OCT-2026,United Kingdom,France,End of Agreement,Voice,MO,"Single Rate Effective (Voice, SMS, Data)",GBRPR,FRA09,0.25000,Value,Gross,EUR,,Actual,,,,01-NOV-23,31-OCT-26,,,,,,,,,,MULTI,Dominican Republic,,,,ALL,
Visitor/Inbound,France:SFR France NOV23 OCT26,01-NOV-2023,31-OCT-2026,United Kingdom,France,End of Agreement,Voice,MO,"Single Rate Effective (Voice, SMS, Data)",GBRPR,FRA09,0.25000,Value,Gross,EUR,,Actual,,,,01-NOV-23,31-OCT-26,,,,,,,,,,MULTI,East Timor,,,,ALL,
Visitor/Inbound,France:SFR France NOV23 OCT26,01-NOV-2023,31-OCT-2026,United Kingdom,France,End of Agreement,Voice,MO,"Single Rate Effective (Voice, SMS, Data)",GBRPR,FRA09,0.25000,Value,Gross,EUR,,Actual,,,,01-NOV-23,31-OCT-26,,,,,,,,,,MULTI,Ecuador,,,,ALL,
Visitor/Inbound,France:SFR France NOV23 OCT26,01-NOV-2023,31-OCT-2026,United Kingdom,France,End of Agreement,Voice,MO,"Single Rate Effective (Voice, SMS, Data)",GBRPR,FRA09,0.25000,Value,Gross,EUR,,Actual,,,,01-NOV-23,31-OCT-26,,,,,,,,,,MULTI,Egypt,,,,ALL,
Visitor/Inbound,France:SFR France NOV23 OCT26,01-NOV-2023,31-OCT-2026,United Kingdom,France,End of Agreement,Voice,MO,"Single Rate Effective (Voice, SMS, Data)",GBRPR,FRA09,0.25000,Value,Gross,EUR,,Actual,,,,01-NOV-23,31-OCT-26,,,,,,,,,,MULTI,El Salvador,,,,ALL,
Visitor/Inbound,France:SFR France NOV23 OCT26,01-NOV-2023,31-OCT-2026,United Kingdom,France,End of Agreement,Voice,MO,"Single Rate Effective (Voice, SMS, Data)",GBRPR,FRA09,0.25000,Value,Gross,EUR,,Actual,,,,01-NOV-23,31-OCT-26,,,,,,,,,,MULTI,Equatorial Guinea,,,,ALL,
Visitor/Inbound,France:SFR France NOV23 OCT26,01-NOV-2023,31-OCT-2026,United Kingdom,France,End of Agreement,Voice,MO,"Single Rate Effective (Voice, SMS, Data)",GBRPR,FRA09,0.25000,Value,Gross,EUR,,Actual,,,,01-NOV-23,31-OCT-26,,,,,,,,,,MULTI,Eritrea,,,,ALL,
Visitor/Inbound,France:SFR France NOV23 OCT26,01-NOV-2023,31-OCT-2026,United Kingdom,France,End of Agreement,Voice,MO,"Single Rate Effective (Voice, SMS, Data)",GBRPR,FRA09,0.25000,Value,Gross,EUR,,Actual,,,,01-NOV-23,31-OCT-26,,,,,,,,,,MULTI,Ethiopia,,,,ALL,
Visitor/Inbound,France:SFR France NOV23 OCT26,01-NOV-2023,31-OCT-2026,United Kingdom,France,End of Agreement,Voice,MO,"Single Rate Effective (Voice, SMS, Data)",GBRPR,FRA09,0.25000,Value,Gross,EUR,,Actual,,,,01-NOV-23,31-OCT-26,,,,,,,,,,MULTI,Falkland Islands (Malvinas),,,,ALL,
Visitor/Inbound,France:SFR France NOV23 OCT26,01-NOV-2023,31-OCT-2026,United Kingdom,France,End of Agreement,Voice,MO,"Single Rate Effective (Voice, SMS, Data)",GBRPR,FRA09,0.25000,Value,Gross,EUR,,Actual,,,,01-NOV-23,31-OCT-26,,,,,,,,,,MULTI,Faroe Islands,,,,ALL,
Visitor/Inbound,France:SFR France NOV23 OCT26,01-NOV-2023,31-OCT-2026,United Kingdom,France,End of Agreement,Voice,MO,"Single Rate Effective (Voice, SMS, Data)",GBRPR,FRA09,0.25000,Value,Gross,EUR,,Actual,,,,01-NOV-23,31-OCT-26,,,,,,,,,,MULTI,Fiji,,,,ALL,
Visitor/Inbound,France:SFR France NOV23 OCT26,01-NOV-2023,31-OCT-2026,United Kingdom,France,End of Agreement,Voice,MO,"Single Rate Effective (Voice, SMS, Data)",GBRPR,FRA09,0.25000,Value,Gross,EUR,,Actual,,,,01-NOV-23,31-OCT-26,,,,,,,,,,MULTI,French Guiana,,,,ALL,
Visitor/Inbound,France:SFR France NOV23 OCT26,01-NOV-2023,31-OCT-2026,United Kingdom,France,End of Agreement,Voice,MO,"Single Rate Effective (Voice, SMS, Data)",GBRPR,FRA09,0.25000,Value,Gross,EUR,,Actual,,,,01-NOV-23,31-OCT-26,,,,,,,,,,MULTI,French Polynesia,,,,ALL,
Visitor/Inbound,France:SFR France NOV23 OCT26,01-NOV-2023,31-OCT-2026,United Kingdom,France,End of Agreement,Voice,MO,"Single Rate Effective (Voice, SMS, Data)",GBRPR,FRA09,0.25000,Value,Gross,EUR,,Actual,,,,01-NOV-23,31-OCT-26,,,,,,,,,,MULTI,French Southern Territories (the),,,,ALL,
Visitor/Inbound,France:SFR France NOV23 OCT26,01-NOV-2023,31-OCT-2026,United Kingdom,France,End of Agreement,Voice,MO,"Single Rate Effective (Voice, SMS, Data)",GBRPR,FRA09,0.25000,Value,Gross,EUR,,Actual,,,,01-NOV-23,31-OCT-26,,,,,,,,,,MULTI,Gabon,,,,ALL,
Visitor/Inbound,France:SFR France NOV23 OCT26,01-NOV-2023,31-OCT-2026,United Kingdom,France,End of Agreement,Voice,MO,"Single Rate Effective (Voice, SMS, Data)",GBRPR,FRA09,0.25000,Value,Gross,EUR,,Actual,,,,01-NOV-23,31-OCT-26,,,,,,,,,,MULTI,Gambia,,,,ALL,
Visitor/Inbound,France:SFR France NOV23 OCT26,01-NOV-2023,31-OCT-2026,United Kingdom,France,End of Agreement,Voice,MO,"Single Rate Effective (Voice, SMS, Data)",GBRPR,FRA09,0.25000,Value,Gross,EUR,,Actual,,,,01-NOV-23,31-OCT-26,,,,,,,,,,MULTI,Georgia,,,,ALL,
Visitor/Inbound,France:SFR France NOV23 OCT26,01-NOV-2023,31-OCT-2026,United Kingdom,France,End of Agreement,Voice,MO,"Single Rate Effective (Voice, SMS, Data)",GBRPR,FRA09,0.25000,Value,Gross,EUR,,Actual,,,,01-NOV-23,31-OCT-26,,,,,,,,,,MULTI,Ghana,,,,ALL,
Visitor/Inbound,France:SFR France NOV23 OCT26,01-NOV-2023,31-OCT-2026,United Kingdom,France,End of Agreement,Voice,MO,"Single Rate Effective (Voice, SMS, Data)",GBRPR,FRA09,0.25000,Value,Gross,EUR,,Actual,,,,01-NOV-23,31-OCT-26,,,,,,,,,,MULTI,Gibraltar,,,,ALL,
Visitor/Inbound,France:SFR France NOV23 OCT26,01-NOV-2023,31-OCT-2026,United Kingdom,France,End of Agreement,Voice,MO,"Single Rate Effective (Voice, SMS, Data)",GBRPR,FRA09,0.25000,Value,Gross,EUR,,Actual,,,,01-NOV-23,31-OCT-26,,,,,,,,,,MULTI,Greenland,,,,ALL,
Visitor/Inbound,France:SFR France NOV23 OCT26,01-NOV-2023,31-OCT-2026,United Kingdom,France,End of Agreement,Voice,MO,"Single Rate Effective (Voice, SMS, Data)",GBRPR,FRA09,0.25000,Value,Gross,EUR,,Actual,,,,01-NOV-23,31-OCT-26,,,,,,,,,,MULTI,Grenada,,,,ALL,
Visitor/Inbound,France:SFR France NOV23 OCT26,01-NOV-2023,31-OCT-2026,United Kingdom,France,End of Agreement,Voice,MO,"Single Rate Effective (Voice, SMS, Data)",GBRPR,FRA09,0.25000,Value,Gross,EUR,,Actual,,,,01-NOV-23,31-OCT-26,,,,,,,,,,MULTI,Guadeloupe,,,,ALL,
Visitor/Inbound,France:SFR France NOV23 OCT26,01-NOV-2023,31-OCT-2026,United Kingdom,France,End of Agreement,Voice,MO,"Single Rate Effective (Voice, SMS, Data)",GBRPR,FRA09,0.25000,Value,Gross,EUR,,Actual,,,,01-NOV-23,31-OCT-26,,,,,,,,,,MULTI,Guam,,,,ALL,
Visitor/Inbound,France:SFR France NOV23 OCT26,01-NOV-2023,31-OCT-2026,United Kingdom,France,End of Agreement,Voice,MO,"Single Rate Effective (Voice, SMS, Data)",GBRPR,FRA09,0.25000,Value,Gross,EUR,,Actual,,,,01-NOV-23,31-OCT-26,,,,,,,,,,MULTI,Guatemala,,,,ALL,
Visitor/Inbound,France:SFR France NOV23 OCT26,01-NOV-2023,31-OCT-2026,United Kingdom,France,End of Agreement,Voice,MO,"Single Rate Effective (Voice, SMS, Data)",GBRPR,FRA09,0.25000,Value,Gross,EUR,,Actual,,,,01-NOV-23,31-OCT-26,,,,,,,,,,MULTI,Guernsey,,,,ALL,
Visitor/Inbound,France:SFR France NOV23 OCT26,01-NOV-2023,31-OCT-2026,United Kingdom,France,End of Agreement,Voice,MO,"Single Rate Effective (Voice, SMS, Data)",GBRPR,FRA09,0.25000,Value,Gross,EUR,,Actual,,,,01-NOV-23,31-OCT-26,,,,,,,,,,MULTI,Guinea,,,,ALL,
Visitor/Inbound,France:SFR France NOV23 OCT26,01-NOV-2023,31-OCT-2026,United Kingdom,France,End of Agreement,Voice,MO,"Single Rate Effective (Voice, SMS, Data)",GBRPR,FRA09,0.25000,Value,Gross,EUR,,Actual,,,,01-NOV-23,31-OCT-26,,,,,,,,,,MULTI,Guinea-Bissau,,,,ALL,
Visitor/Inbound,France:SFR France NOV23 OCT26,01-NOV-2023,31-OCT-2026,United Kingdom,France,End of Agreement,Voice,MO,"Single Rate Effective (Voice, SMS, Data)",GBRPR,FRA09,0.25000,Value,Gross,EUR,,Actual,,,,01-NOV-23,31-OCT-26,,,,,,,,,,MULTI,Guyana,,,,ALL,
Visitor/Inbound,France:SFR France NOV23 OCT26,01-NOV-2023,31-OCT-2026,United Kingdom,France,End of Agreement,Voice,MO,"Single Rate Effective (Voice, SMS, Data)",GBRPR,FRA09,0.25000,Value,Gross,EUR,,Actual,,,,01-NOV-23,31-OCT-26,,,,,,,,,,MULTI,Haiti,,,,ALL,
Visitor/Inbound,France:SFR France NOV23 OCT26,01-NOV-2023,31-OCT-2026,United Kingdom,France,End of Agreement,Voice,MO,"Single Rate Effective (Voice, SMS, Data)",GBRPR,FRA09,0.25000,Value,Gross,EUR,,Actual,,,,01-NOV-23,31-OCT-26,,,,,,,,,,MULTI,Heard Island and McDonald Islands,,,,ALL,
Visitor/Inbound,France:SFR France NOV23 OCT26,01-NOV-2023,31-OCT-2026,United Kingdom,France,End of Agreement,Voice,MO,"Single Rate Effective (Voice, SMS, Data)",GBRPR,FRA09,0.25000,Value,Gross,EUR,,Actual,,,,01-NOV-23,31-OCT-26,,,,,,,,,,MULTI,Holy See (Vatican City State),,,,ALL,
Visitor/Inbound,France:SFR France NOV23 OCT26,01-NOV-2023,31-OCT-2026,United Kingdom,France,End of Agreement,Voice,MO,"Single Rate Effective (Voice, SMS, Data)",GBRPR,FRA09,0.25000,Value,Gross,EUR,,Actual,,,,01-NOV-23,31-OCT-26,,,,,,,,,,MULTI,Honduras,,,,ALL,
Visitor/Inbound,France:SFR France NOV23 OCT26,01-NOV-2023,31-OCT-2026,United Kingdom,France,End of Agreement,Voice,MO,"Single Rate Effective (Voice, SMS, Data)",GBRPR,FRA09,0.25000,Value,Gross,EUR,,Actual,,,,01-NOV-23,31-OCT-26,,,,,,,,,,MULTI,Hong Kong,,,,ALL,
Visitor/Inbound,France:SFR France NOV23 OCT26,01-NOV-2023,31-OCT-2026,United Kingdom,France,End of Agreement,Voice,MO,"Single Rate Effective (Voice, SMS, Data)",GBRPR,FRA09,0.25000,Value,Gross,EUR,,Actual,,,,01-NOV-23,31-OCT-26,,,,,,,,,,MULTI,India,,,,ALL,
Visitor/Inbound,France:SFR France NOV23 OCT26,01-NOV-2023,31-OCT-2026,United Kingdom,France,End of Agreement,Voice,MO,"Single Rate Effective (Voice, SMS, Data)",GBRPR,FRA09,0.25000,Value,Gross,EUR,,Actual,,,,01-NOV-23,31-OCT-26,,,,,,,,,,MULTI,Indonesia,,,,ALL,
Visitor/Inbound,France:SFR France NOV23 OCT26,01-NOV-2023,31-OCT-2026,United Kingdom,France,End of Agreement,Voice,MO,"Single Rate Effective (Voice, SMS, Data)",GBRPR,FRA09,0.25000,Value,Gross,EUR,,Actual,,,,01-NOV-23,31-OCT-26,,,,,,,,,,MULTI,"Iran, Islamic Republic of",,,,ALL,
Visitor/Inbound,France:SFR France NOV23 OCT26,01-NOV-2023,31-OCT-2026,United Kingdom,France,End of Agreement,Voice,MO,"Single Rate Effective (Voice, SMS, Data)",GBRPR,FRA09,0.25000,Value,Gross,EUR,,Actual,,,,01-NOV-23,31-OCT-26,,,,,,,,,,MULTI,Iraq,,,,ALL,
Visitor/Inbound,France:SFR France NOV23 OCT26,01-NOV-2023,31-OCT-2026,United Kingdom,France,End of Agreement,Voice,MO,"Single Rate Effective (Voice, SMS, Data)",GBRPR,FRA09,0.25000,Value,Gross,EUR,,Actual,,,,01-NOV-23,31-OCT-26,,,,,,,,,,MULTI,Isle of Man,,,,ALL,
Visitor/Inbound,France:SFR France NOV23 OCT26,01-NOV-2023,31-OCT-2026,United Kingdom,France,End of Agreement,Voice,MO,"Single Rate Effective (Voice, SMS, Data)",GBRPR,FRA09,0.25000,Value,Gross,EUR,,Actual,,,,01-NOV-23,31-OCT-26,,,,,,,,,,MULTI,Israel,,,,ALL,
Visitor/Inbound,France:SFR France NOV23 OCT26,01-NOV-2023,31-OCT-2026,United Kingdom,France,End of Agreement,Voice,MO,"Single Rate Effective (Voice, SMS, Data)",GBRPR,FRA09,0.25000,Value,Gross,EUR,,Actual,,,,01-NOV-23,31-OCT-26,,,,,,,,,,MULTI,Ivory Coast,,,,ALL,
Visitor/Inbound,France:SFR France NOV23 OCT26,01-NOV-2023,31-OCT-2026,United Kingdom,France,End of Agreement,Voice,MO,"Single Rate Effective (Voice, SMS, Data)",GBRPR,FRA09,0.25000,Value,Gross,EUR,,Actual,,,,01-NOV-23,31-OCT-26,,,,,,,,,,MULTI,Jamaica,,,,ALL,
Visitor/Inbound,France:SFR France NOV23 OCT26,01-NOV-2023,31-OCT-2026,United Kingdom,France,End of Agreement,Voice,MO,"Single Rate Effective (Voice, SMS, Data)",GBRPR,FRA09,0.25000,Value,Gross,EUR,,Actual,,,,01-NOV-23,31-OCT-26,,,,,,,,,,MULTI,Japan,,,,ALL,
Visitor/Inbound,France:SFR France NOV23 OCT26,01-NOV-2023,31-OCT-2026,United Kingdom,France,End of Agreement,Voice,MO,"Single Rate Effective (Voice, SMS, Data)",GBRPR,FRA09,0.25000,Value,Gross,EUR,,Actual,,,,01-NOV-23,31-OCT-26,,,,,,,,,,MULTI,Jersey,,,,ALL,
Visitor/Inbound,France:SFR France NOV23 OCT26,01-NOV-2023,31-OCT-2026,United Kingdom,France,End of Agreement,Voice,MO,"Single Rate Effective (Voice, SMS, Data)",GBRPR,FRA09,0.25000,Value,Gross,EUR,,Actual,,,,01-NOV-23,31-OCT-26,,,,,,,,,,MULTI,Jordan,,,,ALL,
Visitor/Inbound,France:SFR France NOV23 OCT26,01-NOV-2023,31-OCT-2026,United Kingdom,France,End of Agreement,Voice,MO,"Single Rate Effective (Voice, SMS, Data)",GBRPR,FRA09,0.25000,Value,Gross,EUR,,Actual,,,,01-NOV-23,31-OCT-26,,,,,,,,,,MULTI,Kazakhstan,,,,ALL,
Visitor/Inbound,France:SFR France NOV23 OCT26,01-NOV-2023,31-OCT-2026,United Kingdom,France,End of Agreement,Voice,MO,"Single Rate Effective (Voice, SMS, Data)",GBRPR,FRA09,0.25000,Value,Gross,EUR,,Actual,,,,01-NOV-23,31-OCT-26,,,,,,,,,,MULTI,Kenya,,,,ALL,
Visitor/Inbound,France:SFR France NOV23 OCT26,01-NOV-2023,31-OCT-2026,United Kingdom,France,End of Agreement,Voice,MO,"Single Rate Effective (Voice, SMS, Data)",GBRPR,FRA09,0.25000,Value,Gross,EUR,,Actual,,,,01-NOV-23,31-OCT-26,,,,,,,,,,MULTI,Kiribati,,,,ALL,
Visitor/Inbound,France:SFR France NOV23 OCT26,01-NOV-2023,31-OCT-2026,United Kingdom,France,End of Agreement,Voice,MO,"Single Rate Effective (Voice, SMS, Data)",GBRPR,FRA09,0.25000,Value,Gross,EUR,,Actual,,,,01-NOV-23,31-OCT-26,,,,,,,,,,MULTI,"Korea, Democratic People's Republic of",,,,ALL,
Visitor/Inbound,France:SFR France NOV23 OCT26,01-NOV-2023,31-OCT-2026,United Kingdom,France,End of Agreement,Voice,MO,"Single Rate Effective (Voice, SMS, Data)",GBRPR,FRA09,0.25000,Value,Gross,EUR,,Actual,,,,01-NOV-23,31-OCT-26,,,,,,,,,,MULTI,"Korea, Republic of",,,,ALL,
Visitor/Inbound,France:SFR France NOV23 OCT26,01-NOV-2023,31-OCT-2026,United Kingdom,France,End of Agreement,Voice,MO,"Single Rate Effective (Voice, SMS, Data)",GBRPR,FRA09,0.25000,Value,Gross,EUR,,Actual,,,,01-NOV-23,31-OCT-26,,,,,,,,,,MULTI,Kosovo,,,,ALL,
Visitor/Inbound,France:SFR France NOV23 OCT26,01-NOV-2023,31-OCT-2026,United Kingdom,France,End of Agreement,Voice,MO,"Single Rate Effective (Voice, SMS, Data)",GBRPR,FRA09,0.25000,Value,Gross,EUR,,Actual,,,,01-NOV-23,31-OCT-26,,,,,,,,,,MULTI,Kuwait,,,,ALL,
Visitor/Inbound,France:SFR France NOV23 OCT26,01-NOV-2023,31-OCT-2026,United Kingdom,France,End of Agreement,Voice,MO,"Single Rate Effective (Voice, SMS, Data)",GBRPR,FRA09,0.25000,Value,Gross,EUR,,Actual,,,,01-NOV-23,31-OCT-26,,,,,,,,,,MULTI,Kyrgyzstan,,,,ALL,
Visitor/Inbound,France:SFR France NOV23 OCT26,01-NOV-2023,31-OCT-2026,United Kingdom,France,End of Agreement,Voice,MO,"Single Rate Effective (Voice, SMS, Data)",GBRPR,FRA09,0.25000,Value,Gross,EUR,,Actual,,,,01-NOV-23,31-OCT-26,,,,,,,,,,MULTI,Lao People's Democratic Republic,,,,ALL,
Visitor/Inbound,France:SFR France NOV23 OCT26,01-NOV-2023,31-OCT-2026,United Kingdom,France,End of Agreement,Voice,MO,"Single Rate Effective (Voice, SMS, Data)",GBRPR,FRA09,0.25000,Value,Gross,EUR,,Actual,,,,01-NOV-23,31-OCT-26,,,,,,,,,,MULTI,Lebanon,,,,ALL,
Visitor/Inbound,France:SFR France NOV23 OCT26,01-NOV-2023,31-OCT-2026,United Kingdom,France,End of Agreement,Voice,MO,"Single Rate Effective (Voice, SMS, Data)",GBRPR,FRA09,0.25000,Value,Gross,EUR,,Actual,,,,01-NOV-23,31-OCT-26,,,,,,,,,,MULTI,Lesotho,,,,ALL,
Visitor/Inbound,France:SFR France NOV23 OCT26,01-NOV-2023,31-OCT-2026,United Kingdom,France,End of Agreement,Voice,MO,"Single Rate Effective (Voice, SMS, Data)",GBRPR,FRA09,0.25000,Value,Gross,EUR,,Actual,,,,01-NOV-23,31-OCT-26,,,,,,,,,,MULTI,Liberia,,,,ALL,
Visitor/Inbound,France:SFR France NOV23 OCT26,01-NOV-2023,31-OCT-2026,United Kingdom,France,End of Agreement,Voice,MO,"Single Rate Effective (Voice, SMS, Data)",GBRPR,FRA09,0.25000,Value,Gross,EUR,,Actual,,,,01-NOV-23,31-OCT-26,,,,,,,,,,MULTI,Libyan Arab Jamahiriya,,,,ALL,
Visitor/Inbound,France:SFR France NOV23 OCT26,01-NOV-2023,31-OCT-2026,United Kingdom,France,End of Agreement,Voice,MO,"Single Rate Effective (Voice, SMS, Data)",GBRPR,FRA09,0.25000,Value,Gross,EUR,,Actual,,,,01-NOV-23,31-OCT-26,,,,,,,,,,MULTI,Macao,,,,ALL,
Visitor/Inbound,France:SFR France NOV23 OCT26,01-NOV-2023,31-OCT-2026,United Kingdom,France,End of Agreement,Voice,MO,"Single Rate Effective (Voice, SMS, Data)",GBRPR,FRA09,0.25000,Value,Gross,EUR,,Actual,,,,01-NOV-23,31-OCT-26,,,,,,,,,,MULTI,Madagascar,,,,ALL,
Visitor/Inbound,France:SFR France NOV23 OCT26,01-NOV-2023,31-OCT-2026,United Kingdom,France,End of Agreement,Voice,MO,"Single Rate Effective (Voice, SMS, Data)",GBRPR,FRA09,0.25000,Value,Gross,EUR,,Actual,,,,01-NOV-23,31-OCT-26,,,,,,,,,,MULTI,Malawi,,,,ALL,
Visitor/Inbound,France:SFR France NOV23 OCT26,01-NOV-2023,31-OCT-2026,United Kingdom,France,End of Agreement,Voice,MO,"Single Rate Effective (Voice, SMS, Data)",GBRPR,FRA09,0.25000,Value,Gross,EUR,,Actual,,,,01-NOV-23,31-OCT-26,,,,,,,,,,MULTI,Malaysia,,,,ALL,
Visitor/Inbound,France:SFR France NOV23 OCT26,01-NOV-2023,31-OCT-2026,United Kingdom,France,End of Agreement,Voice,MO,"Single Rate Effective (Voice, SMS, Data)",GBRPR,FRA09,0.25000,Value,Gross,EUR,,Actual,,,,01-NOV-23,31-OCT-26,,,,,,,,,,MULTI,Maldives,,,,ALL,
Visitor/Inbound,France:SFR France NOV23 OCT26,01-NOV-2023,31-OCT-2026,United Kingdom,France,End of Agreement,Voice,MO,"Single Rate Effective (Voice, SMS, Data)",GBRPR,FRA09,0.25000,Value,Gross,EUR,,Actual,,,,01-NOV-23,31-OCT-26,,,,,,,,,,MULTI,Mali,,,,ALL,
Visitor/Inbound,France:SFR France NOV23 OCT26,01-NOV-2023,31-OCT-2026,United Kingdom,France,End of Agreement,Voice,MO,"Single Rate Effective (Voice, SMS, Data)",GBRPR,FRA09,0.25000,Value,Gross,EUR,,Actual,,,,01-NOV-23,31-OCT-26,,,,,,,,,,MULTI,Maritime,,,,ALL,
Visitor/Inbound,France:SFR France NOV23 OCT26,01-NOV-2023,31-OCT-2026,United Kingdom,France,End of Agreement,Voice,MO,"Single Rate Effective (Voice, SMS, Data)",GBRPR,FRA09,0.25000,Value,Gross,EUR,,Actual,,,,01-NOV-23,31-OCT-26,,,,,,,,,,MULTI,Marshall Islands,,,,ALL,
Visitor/Inbound,France:SFR France NOV23 OCT26,01-NOV-2023,31-OCT-2026,United Kingdom,France,End of Agreement,Voice,MO,"Single Rate Effective (Voice, SMS, Data)",GBRPR,FRA09,0.25000,Value,Gross,EUR,,Actual,,,,01-NOV-23,31-OCT-26,,,,,,,,,,MULTI,Martinique,,,,ALL,
Visitor/Inbound,France:SFR France NOV23 OCT26,01-NOV-2023,31-OCT-2026,United Kingdom,France,End of Agreement,Voice,MO,"Single Rate Effective (Voice, SMS, Data)",GBRPR,FRA09,0.25000,Value,Gross,EUR,,Actual,,,,01-NOV-23,31-OCT-26,,,,,,,,,,MULTI,Mauritania,,,,ALL,
Visitor/Inbound,France:SFR France NOV23 OCT26,01-NOV-2023,31-OCT-2026,United Kingdom,France,End of Agreement,Voice,MO,"Single Rate Effective (Voice, SMS, Data)",GBRPR,FRA09,0.25000,Value,Gross,EUR,,Actual,,,,01-NOV-23,31-OCT-26,,,,,,,,,,MULTI,Mauritius,,,,ALL,
Visitor/Inbound,France:SFR France NOV23 OCT26,01-NOV-2023,31-OCT-2026,United Kingdom,France,End of Agreement,Voice,MO,"Single Rate Effective (Voice, SMS, Data)",GBRPR,FRA09,0.25000,Value,Gross,EUR,,Actual,,,,01-NOV-23,31-OCT-26,,,,,,,,,,MULTI,Mayotte,,,,ALL,
Visitor/Inbound,France:SFR France NOV23 OCT26,01-NOV-2023,31-OCT-2026,United Kingdom,France,End of Agreement,Voice,MO,"Single Rate Effective (Voice, SMS, Data)",GBRPR,FRA09,0.25000,Value,Gross,EUR,,Actual,,,,01-NOV-23,31-OCT-26,,,,,,,,,,MULTI,Mexico,,,,ALL,
Visitor/Inbound,France:SFR France NOV23 OCT26,01-NOV-2023,31-OCT-2026,United Kingdom,France,End of Agreement,Voice,MO,"Single Rate Effective (Voice, SMS, Data)",GBRPR,FRA09,0.25000,Value,Gross,EUR,,Actual,,,,01-NOV-23,31-OCT-26,,,,,,,,,,MULTI,"Micronesia, Federated States of",,,,ALL,
Visitor/Inbound,France:SFR France NOV23 OCT26,01-NOV-2023,31-OCT-2026,United Kingdom,France,End of Agreement,Voice,MO,"Single Rate Effective (Voice, SMS, Data)",GBRPR,FRA09,0.25000,Value,Gross,EUR,,Actual,,,,01-NOV-23,31-OCT-26,,,,,,,,,,MULTI,"Moldova, Republic of",,,,ALL,
Visitor/Inbound,France:SFR France NOV23 OCT26,01-NOV-2023,31-OCT-2026,United Kingdom,France,End of Agreement,Voice,MO,"Single Rate Effective (Voice, SMS, Data)",GBRPR,FRA09,0.25000,Value,Gross,EUR,,Actual,,,,01-NOV-23,31-OCT-26,,,,,,,,,,MULTI,Monaco,,,,ALL,
Visitor/Inbound,France:SFR France NOV23 OCT26,01-NOV-2023,31-OCT-2026,United Kingdom,France,End of Agreement,Voice,MO,"Single Rate Effective (Voice, SMS, Data)",GBRPR,FRA09,0.25000,Value,Gross,EUR,,Actual,,,,01-NOV-23,31-OCT-26,,,,,,,,,,MULTI,Mongolia,,,,ALL,
Visitor/Inbound,France:SFR France NOV23 OCT26,01-NOV-2023,31-OCT-2026,United Kingdom,France,End of Agreement,Voice,MO,"Single Rate Effective (Voice, SMS, Data)",GBRPR,FRA09,0.25000,Value,Gross,EUR,,Actual,,,,01-NOV-23,31-OCT-26,,,,,,,,,,MULTI,Montenegro,,,,ALL,
Visitor/Inbound,France:SFR France NOV23 OCT26,01-NOV-2023,31-OCT-2026,United Kingdom,France,End of Agreement,Voice,MO,"Single Rate Effective (Voice, SMS, Data)",GBRPR,FRA09,0.25000,Value,Gross,EUR,,Actual,,,,01-NOV-23,31-OCT-26,,,,,,,,,,MULTI,Montserrat,,,,ALL,
Visitor/Inbound,France:SFR France NOV23 OCT26,01-NOV-2023,31-OCT-2026,United Kingdom,France,End of Agreement,Voice,MO,"Single Rate Effective (Voice, SMS, Data)",GBRPR,FRA09,0.25000,Value,Gross,EUR,,Actual,,,,01-NOV-23,31-OCT-26,,,,,,,,,,MULTI,Morocco,,,,ALL,
Visitor/Inbound,France:SFR France NOV23 OCT26,01-NOV-2023,31-OCT-2026,United Kingdom,France,End of Agreement,Voice,MO,"Single Rate Effective (Voice, SMS, Data)",GBRPR,FRA09,0.25000,Value,Gross,EUR,,Actual,,,,01-NOV-23,31-OCT-26,,,,,,,,,,MULTI,Mozambique,,,,ALL,
Visitor/Inbound,France:SFR France NOV23 OCT26,01-NOV-2023,31-OCT-2026,United Kingdom,France,End of Agreement,Voice,MO,"Single Rate Effective (Voice, SMS, Data)",GBRPR,FRA09,0.25000,Value,Gross,EUR,,Actual,,,,01-NOV-23,31-OCT-26,,,,,,,,,,MULTI,Myanmar,,,,ALL,
Visitor/Inbound,France:SFR France NOV23 OCT26,01-NOV-2023,31-OCT-2026,United Kingdom,France,End of Agreement,Voice,MO,"Single Rate Effective (Voice, SMS, Data)",GBRPR,FRA09,0.25000,Value,Gross,EUR,,Actual,,,,01-NOV-23,31-OCT-26,,,,,,,,,,MULTI,Namibia,,,,ALL,
Visitor/Inbound,France:SFR France NOV23 OCT26,01-NOV-2023,31-OCT-2026,United Kingdom,France,End of Agreement,Voice,MO,"Single Rate Effective (Voice, SMS, Data)",GBRPR,FRA09,0.25000,Value,Gross,EUR,,Actual,,,,01-NOV-23,31-OCT-26,,,,,,,,,,MULTI,Nauru,,,,ALL,
Visitor/Inbound,France:SFR France NOV23 OCT26,01-NOV-2023,31-OCT-2026,United Kingdom,France,End of Agreement,Voice,MO,"Single Rate Effective (Voice, SMS, Data)",GBRPR,FRA09,0.25000,Value,Gross,EUR,,Actual,,,,01-NOV-23,31-OCT-26,,,,,,,,,,MULTI,Nepal,,,,ALL,
Visitor/Inbound,France:SFR France NOV23 OCT26,01-NOV-2023,31-OCT-2026,United Kingdom,France,End of Agreement,Voice,MO,"Single Rate Effective (Voice, SMS, Data)",GBRPR,FRA09,0.25000,Value,Gross,EUR,,Actual,,,,01-NOV-23,31-OCT-26,,,,,,,,,,MULTI,Netherlands Antilles,,,,ALL,
Visitor/Inbound,France:SFR France NOV23 OCT26,01-NOV-2023,31-OCT-2026,United Kingdom,France,End of Agreement,Voice,MO,"Single Rate Effective (Voice, SMS, Data)",GBRPR,FRA09,0.25000,Value,Gross,EUR,,Actual,,,,01-NOV-23,31-OCT-26,,,,,,,,,,MULTI,New Caledonia,,,,ALL,
Visitor/Inbound,France:SFR France NOV23 OCT26,01-NOV-2023,31-OCT-2026,United Kingdom,France,End of Agreement,Voice,MO,"Single Rate Effective (Voice, SMS, Data)",GBRPR,FRA09,0.25000,Value,Gross,EUR,,Actual,,,,01-NOV-23,31-OCT-26,,,,,,,,,,MULTI,New Zealand,,,,ALL,
Visitor/Inbound,France:SFR France NOV23 OCT26,01-NOV-2023,31-OCT-2026,United Kingdom,France,End of Agreement,Voice,MO,"Single Rate Effective (Voice, SMS, Data)",GBRPR,FRA09,0.25000,Value,Gross,EUR,,Actual,,,,01-NOV-23,31-OCT-26,,,,,,,,,,MULTI,Nicaragua,,,,ALL,
Visitor/Inbound,France:SFR France NOV23 OCT26,01-NOV-2023,31-OCT-2026,United Kingdom,France,End of Agreement,Voice,MO,"Single Rate Effective (Voice, SMS, Data)",GBRPR,FRA09,0.25000,Value,Gross,EUR,,Actual,,,,01-NOV-23,31-OCT-26,,,,,,,,,,MULTI,Niger,,,,ALL,
Visitor/Inbound,France:SFR France NOV23 OCT26,01-NOV-2023,31-OCT-2026,United Kingdom,France,End of Agreement,Voice,MO,"Single Rate Effective (Voice, SMS, Data)",GBRPR,FRA09,0.25000,Value,Gross,EUR,,Actual,,,,01-NOV-23,31-OCT-26,,,,,,,,,,MULTI,Nigeria,,,,ALL,
Visitor/Inbound,France:SFR France NOV23 OCT26,01-NOV-2023,31-OCT-2026,United Kingdom,France,End of Agreement,Voice,MO,"Single Rate Effective (Voice, SMS, Data)",GBRPR,FRA09,0.25000,Value,Gross,EUR,,Actual,,,,01-NOV-23,31-OCT-26,,,,,,,,,,MULTI,Niue,,,,ALL,
Visitor/Inbound,France:SFR France NOV23 OCT26,01-NOV-2023,31-OCT-2026,United Kingdom,France,End of Agreement,Voice,MO,"Single Rate Effective (Voice, SMS, Data)",GBRPR,FRA09,0.25000,Value,Gross,EUR,,Actual,,,,01-NOV-23,31-OCT-26,,,,,,,,,,MULTI,Norfolk Island,,,,ALL,
Visitor/Inbound,France:SFR France NOV23 OCT26,01-NOV-2023,31-OCT-2026,United Kingdom,France,End of Agreement,Voice,MO,"Single Rate Effective (Voice, SMS, Data)",GBRPR,FRA09,0.25000,Value,Gross,EUR,,Actual,,,,01-NOV-23,31-OCT-26,,,,,,,,,,MULTI,Northern Mariana Islands,,,,ALL,
Visitor/Inbound,France:SFR France NOV23 OCT26,01-NOV-2023,31-OCT-2026,United Kingdom,France,End of Agreement,Voice,MO,"Single Rate Effective (Voice, SMS, Data)",GBRPR,FRA09,0.25000,Value,Gross,EUR,,Actual,,,,01-NOV-23,31-OCT-26,,,,,,,,,,MULTI,Oman,,,,ALL,
Visitor/Inbound,France:SFR France NOV23 OCT26,01-NOV-2023,31-OCT-2026,United Kingdom,France,End of Agreement,Voice,MO,"Single Rate Effective (Voice, SMS, Data)",GBRPR,FRA09,0.25000,Value,Gross,EUR,,Actual,,,,01-NOV-23,31-OCT-26,,,,,,,,,,MULTI,Pakistan,,,,ALL,
Visitor/Inbound,France:SFR France NOV23 OCT26,01-NOV-2023,31-OCT-2026,United Kingdom,France,End of Agreement,Voice,MO,"Single Rate Effective (Voice, SMS, Data)",GBRPR,FRA09,0.25000,Value,Gross,EUR,,Actual,,,,01-NOV-23,31-OCT-26,,,,,,,,,,MULTI,Palau,,,,ALL,
Visitor/Inbound,France:SFR France NOV23 OCT26,01-NOV-2023,31-OCT-2026,United Kingdom,France,End of Agreement,Voice,MO,"Single Rate Effective (Voice, SMS, Data)",GBRPR,FRA09,0.25000,Value,Gross,EUR,,Actual,,,,01-NOV-23,31-OCT-26,,,,,,,,,,MULTI,Palestinian Territory,,,,ALL,
Visitor/Inbound,France:SFR France NOV23 OCT26,01-NOV-2023,31-OCT-2026,United Kingdom,France,End of Agreement,Voice,MO,"Single Rate Effective (Voice, SMS, Data)",GBRPR,FRA09,0.25000,Value,Gross,EUR,,Actual,,,,01-NOV-23,31-OCT-26,,,,,,,,,,MULTI,Panama,,,,ALL,
Visitor/Inbound,France:SFR France NOV23 OCT26,01-NOV-2023,31-OCT-2026,United Kingdom,France,End of Agreement,Voice,MO,"Single Rate Effective (Voice, SMS, Data)",GBRPR,FRA09,0.25000,Value,Gross,EUR,,Actual,,,,01-NOV-23,31-OCT-26,,,,,,,,,,MULTI,Papua New Guinea,,,,ALL,
Visitor/Inbound,France:SFR France NOV23 OCT26,01-NOV-2023,31-OCT-2026,United Kingdom,France,End of Agreement,Voice,MO,"Single Rate Effective (Voice, SMS, Data)",GBRPR,FRA09,0.25000,Value,Gross,EUR,,Actual,,,,01-NOV-23,31-OCT-26,,,,,,,,,,MULTI,Paraguay,,,,ALL,
Visitor/Inbound,France:SFR France NOV23 OCT26,01-NOV-2023,31-OCT-2026,United Kingdom,France,End of Agreement,Voice,MO,"Single Rate Effective (Voice, SMS, Data)",GBRPR,FRA09,0.25000,Value,Gross,EUR,,Actual,,,,01-NOV-23,31-OCT-26,,,,,,,,,,MULTI,Peru,,,,ALL,
Visitor/Inbound,France:SFR France NOV23 OCT26,01-NOV-2023,31-OCT-2026,United Kingdom,France,End of Agreement,Voice,MO,"Single Rate Effective (Voice, SMS, Data)",GBRPR,FRA09,0.25000,Value,Gross,EUR,,Actual,,,,01-NOV-23,31-OCT-26,,,,,,,,,,MULTI,Philippines,,,,ALL,
Visitor/Inbound,France:SFR France NOV23 OCT26,01-NOV-2023,31-OCT-2026,United Kingdom,France,End of Agreement,Voice,MO,"Single Rate Effective (Voice, SMS, Data)",GBRPR,FRA09,0.25000,Value,Gross,EUR,,Actual,,,,01-NOV-23,31-OCT-26,,,,,,,,,,MULTI,Pitcairn Group of Islands,,,,ALL,
Visitor/Inbound,France:SFR France NOV23 OCT26,01-NOV-2023,31-OCT-2026,United Kingdom,France,End of Agreement,Voice,MO,"Single Rate Effective (Voice, SMS, Data)",GBRPR,FRA09,0.25000,Value,Gross,EUR,,Actual,,,,01-NOV-23,31-OCT-26,,,,,,,,,,MULTI,Puerto Rico,,,,ALL,
Visitor/Inbound,France:SFR France NOV23 OCT26,01-NOV-2023,31-OCT-2026,United Kingdom,France,End of Agreement,Voice,MO,"Single Rate Effective (Voice, SMS, Data)",GBRPR,FRA09,0.25000,Value,Gross,EUR,,Actual,,,,01-NOV-23,31-OCT-26,,,,,,,,,,MULTI,Qatar,,,,ALL,
Visitor/Inbound,France:SFR France NOV23 OCT26,01-NOV-2023,31-OCT-2026,United Kingdom,France,End of Agreement,Voice,MO,"Single Rate Effective (Voice, SMS, Data)",GBRPR,FRA09,0.25000,Value,Gross,EUR,,Actual,,,,01-NOV-23,31-OCT-26,,,,,,,,,,MULTI,Republic of North Macedonia,,,,ALL,
Visitor/Inbound,France:SFR France NOV23 OCT26,01-NOV-2023,31-OCT-2026,United Kingdom,France,End of Agreement,Voice,MO,"Single Rate Effective (Voice, SMS, Data)",GBRPR,FRA09,0.25000,Value,Gross,EUR,,Actual,,,,01-NOV-23,31-OCT-26,,,,,,,,,,MULTI,Russian Federation,,,,ALL,
Visitor/Inbound,France:SFR France NOV23 OCT26,01-NOV-2023,31-OCT-2026,United Kingdom,France,End of Agreement,Voice,MO,"Single Rate Effective (Voice, SMS, Data)",GBRPR,FRA09,0.25000,Value,Gross,EUR,,Actual,,,,01-NOV-23,31-OCT-26,,,,,,,,,,MULTI,Rwanda,,,,ALL,
Visitor/Inbound,France:SFR France NOV23 OCT26,01-NOV-2023,31-OCT-2026,United Kingdom,France,End of Agreement,Voice,MO,"Single Rate Effective (Voice, SMS, Data)",GBRPR,FRA09,0.25000,Value,Gross,EUR,,Actual,,,,01-NOV-23,31-OCT-26,,,,,,,,,,MULTI,Réunion,,,,ALL,
Visitor/Inbound,France:SFR France NOV23 OCT26,01-NOV-2023,31-OCT-2026,United Kingdom,France,End of Agreement,Voice,MO,"Single Rate Effective (Voice, SMS, Data)",GBRPR,FRA09,0.25000,Value,Gross,EUR,,Actual,,,,01-NOV-23,31-OCT-26,,,,,,,,,,MULTI,Saint Barthelemy,,,,ALL,
Visitor/Inbound,France:SFR France NOV23 OCT26,01-NOV-2023,31-OCT-2026,United Kingdom,France,End of Agreement,Voice,MO,"Single Rate Effective (Voice, SMS, Data)",GBRPR,FRA09,0.25000,Value,Gross,EUR,,Actual,,,,01-NOV-23,31-OCT-26,,,,,,,,,,MULTI,Saint Helena,,,,ALL,
Visitor/Inbound,France:SFR France NOV23 OCT26,01-NOV-2023,31-OCT-2026,United Kingdom,France,End of Agreement,Voice,MO,"Single Rate Effective (Voice, SMS, Data)",GBRPR,FRA09,0.25000,Value,Gross,EUR,,Actual,,,,01-NOV-23,31-OCT-26,,,,,,,,,,MULTI,Saint Kitts and Nevis,,,,ALL,
Visitor/Inbound,France:SFR France NOV23 OCT26,01-NOV-2023,31-OCT-2026,United Kingdom,France,End of Agreement,Voice,MO,"Single Rate Effective (Voice, SMS, Data)",GBRPR,FRA09,0.25000,Value,Gross,EUR,,Actual,,,,01-NOV-23,31-OCT-26,,,,,,,,,,MULTI,Saint Lucia,,,,ALL,
Visitor/Inbound,France:SFR France NOV23 OCT26,01-NOV-2023,31-OCT-2026,United Kingdom,France,End of Agreement,Voice,MO,"Single Rate Effective (Voice, SMS, Data)",GBRPR,FRA09,0.25000,Value,Gross,EUR,,Actual,,,,01-NOV-23,31-OCT-26,,,,,,,,,,MULTI,Saint Martin (French part),,,,ALL,
Visitor/Inbound,France:SFR France NOV23 OCT26,01-NOV-2023,31-OCT-2026,United Kingdom,France,End of Agreement,Voice,MO,"Single Rate Effective (Voice, SMS, Data)",GBRPR,FRA09,0.25000,Value,Gross,EUR,,Actual,,,,01-NOV-23,31-OCT-26,,,,,,,,,,MULTI,Saint Pierre and Miquelon,,,,ALL,
Visitor/Inbound,France:SFR France NOV23 OCT26,01-NOV-2023,31-OCT-2026,United Kingdom,France,End of Agreement,Voice,MO,"Single Rate Effective (Voice, SMS, Data)",GBRPR,FRA09,0.25000,Value,Gross,EUR,,Actual,,,,01-NOV-23,31-OCT-26,,,,,,,,,,MULTI,Saint Vincent and the Grenadines,,,,ALL,
Visitor/Inbound,France:SFR France NOV23 OCT26,01-NOV-2023,31-OCT-2026,United Kingdom,France,End of Agreement,Voice,MO,"Single Rate Effective (Voice, SMS, Data)",GBRPR,FRA09,0.25000,Value,Gross,EUR,,Actual,,,,01-NOV-23,31-OCT-26,,,,,,,,,,MULTI,Samoa,,,,ALL,
Visitor/Inbound,France:SFR France NOV23 OCT26,01-NOV-2023,31-OCT-2026,United Kingdom,France,End of Agreement,Voice,MO,"Single Rate Effective (Voice, SMS, Data)",GBRPR,FRA09,0.25000,Value,Gross,EUR,,Actual,,,,01-NOV-23,31-OCT-26,,,,,,,,,,MULTI,San Marino,,,,ALL,
Visitor/Inbound,France:SFR France NOV23 OCT26,01-NOV-2023,31-OCT-2026,United Kingdom,France,End of Agreement,Voice,MO,"Single Rate Effective (Voice, SMS, Data)",GBRPR,FRA09,0.25000,Value,Gross,EUR,,Actual,,,,01-NOV-23,31-OCT-26,,,,,,,,,,MULTI,Sao Tome and Principe,,,,ALL,
Visitor/Inbound,France:SFR France NOV23 OCT26,01-NOV-2023,31-OCT-2026,United Kingdom,France,End of Agreement,Voice,MO,"Single Rate Effective (Voice, SMS, Data)",GBRPR,FRA09,0.25000,Value,Gross,EUR,,Actual,,,,01-NOV-23,31-OCT-26,,,,,,,,,,MULTI,Satellite,,,,ALL,
Visitor/Inbound,France:SFR France NOV23 OCT26,01-NOV-2023,31-OCT-2026,United Kingdom,France,End of Agreement,Voice,MO,"Single Rate Effective (Voice, SMS, Data)",GBRPR,FRA09,0.25000,Value,Gross,EUR,,Actual,,,,01-NOV-23,31-OCT-26,,,,,,,,,,MULTI,Saudi Arabia,,,,ALL,
Visitor/Inbound,France:SFR France NOV23 OCT26,01-NOV-2023,31-OCT-2026,United Kingdom,France,End of Agreement,Voice,MO,"Single Rate Effective (Voice, SMS, Data)",GBRPR,FRA09,0.25000,Value,Gross,EUR,,Actual,,,,01-NOV-23,31-OCT-26,,,,,,,,,,MULTI,Senegal,,,,ALL,
Visitor/Inbound,France:SFR France NOV23 OCT26,01-NOV-2023,31-OCT-2026,United Kingdom,France,End of Agreement,Voice,MO,"Single Rate Effective (Voice, SMS, Data)",GBRPR,FRA09,0.25000,Value,Gross,EUR,,Actual,,,,01-NOV-23,31-OCT-26,,,,,,,,,,MULTI,Serbia,,,,ALL,
Visitor/Inbound,France:SFR France NOV23 OCT26,01-NOV-2023,31-OCT-2026,United Kingdom,France,End of Agreement,Voice,MO,"Single Rate Effective (Voice, SMS, Data)",GBRPR,FRA09,0.25000,Value,Gross,EUR,,Actual,,,,01-NOV-23,31-OCT-26,,,,,,,,,,MULTI,Seychelles,,,,ALL,
Visitor/Inbound,France:SFR France NOV23 OCT26,01-NOV-2023,31-OCT-2026,United Kingdom,France,End of Agreement,Voice,MO,"Single Rate Effective (Voice, SMS, Data)",GBRPR,FRA09,0.25000,Value,Gross,EUR,,Actual,,,,01-NOV-23,31-OCT-26,,,,,,,,,,MULTI,Sierra Leone,,,,ALL,
Visitor/Inbound,France:SFR France NOV23 OCT26,01-NOV-2023,31-OCT-2026,United Kingdom,France,End of Agreement,Voice,MO,"Single Rate Effective (Voice, SMS, Data)",GBRPR,FRA09,0.25000,Value,Gross,EUR,,Actual,,,,01-NOV-23,31-OCT-26,,,,,,,,,,MULTI,Singapore,,,,ALL,
Visitor/Inbound,France:SFR France NOV23 OCT26,01-NOV-2023,31-OCT-2026,United Kingdom,France,End of Agreement,Voice,MO,"Single Rate Effective (Voice, SMS, Data)",GBRPR,FRA09,0.25000,Value,Gross,EUR,,Actual,,,,01-NOV-23,31-OCT-26,,,,,,,,,,MULTI,Sint Maarten,,,,ALL,
Visitor/Inbound,France:SFR France NOV23 OCT26,01-NOV-2023,31-OCT-2026,United Kingdom,France,End of Agreement,Voice,MO,"Single Rate Effective (Voice, SMS, Data)",GBRPR,FRA09,0.25000,Value,Gross,EUR,,Actual,,,,01-NOV-23,31-OCT-26,,,,,,,,,,MULTI,Solomon Islands,,,,ALL,
Visitor/Inbound,France:SFR France NOV23 OCT26,01-NOV-2023,31-OCT-2026,United Kingdom,France,End of Agreement,Voice,MO,"Single Rate Effective (Voice, SMS, Data)",GBRPR,FRA09,0.25000,Value,Gross,EUR,,Actual,,,,01-NOV-23,31-OCT-26,,,,,,,,,,MULTI,Somalia,,,,ALL,
Visitor/Inbound,France:SFR France NOV23 OCT26,01-NOV-2023,31-OCT-2026,United Kingdom,France,End of Agreement,Voice,MO,"Single Rate Effective (Voice, SMS, Data)",GBRPR,FRA09,0.25000,Value,Gross,EUR,,Actual,,,,01-NOV-23,31-OCT-26,,,,,,,,,,MULTI,South Africa,,,,ALL,
Visitor/Inbound,France:SFR France NOV23 OCT26,01-NOV-2023,31-OCT-2026,United Kingdom,France,End of Agreement,Voice,MO,"Single Rate Effective (Voice, SMS, Data)",GBRPR,FRA09,0.25000,Value,Gross,EUR,,Actual,,,,01-NOV-23,31-OCT-26,,,,,,,,,,MULTI,South Georgia and the South Sandwich Islands,,,,ALL,
Visitor/Inbound,France:SFR France NOV23 OCT26,01-NOV-2023,31-OCT-2026,United Kingdom,France,End of Agreement,Voice,MO,"Single Rate Effective (Voice, SMS, Data)",GBRPR,FRA09,0.25000,Value,Gross,EUR,,Actual,,,,01-NOV-23,31-OCT-26,,,,,,,,,,MULTI,South Sudan,,,,ALL,
Visitor/Inbound,France:SFR France NOV23 OCT26,01-NOV-2023,31-OCT-2026,United Kingdom,France,End of Agreement,Voice,MO,"Single Rate Effective (Voice, SMS, Data)",GBRPR,FRA09,0.25000,Value,Gross,EUR,,Actual,,,,01-NOV-23,31-OCT-26,,,,,,,,,,MULTI,Sri Lanka,,,,ALL,
Visitor/Inbound,France:SFR France NOV23 OCT26,01-NOV-2023,31-OCT-2026,United Kingdom,France,End of Agreement,Voice,MO,"Single Rate Effective (Voice, SMS, Data)",GBRPR,FRA09,0.25000,Value,Gross,EUR,,Actual,,,,01-NOV-23,31-OCT-26,,,,,,,,,,MULTI,Sudan,,,,ALL,
Visitor/Inbound,France:SFR France NOV23 OCT26,01-NOV-2023,31-OCT-2026,United Kingdom,France,End of Agreement,Voice,MO,"Single Rate Effective (Voice, SMS, Data)",GBRPR,FRA09,0.25000,Value,Gross,EUR,,Actual,,,,01-NOV-23,31-OCT-26,,,,,,,,,,MULTI,Suriname,,,,ALL,
Visitor/Inbound,France:SFR France NOV23 OCT26,01-NOV-2023,31-OCT-2026,United Kingdom,France,End of Agreement,Voice,MO,"Single Rate Effective (Voice, SMS, Data)",GBRPR,FRA09,0.25000,Value,Gross,EUR,,Actual,,,,01-NOV-23,31-OCT-26,,,,,,,,,,MULTI,Svalbard,,,,ALL,
Visitor/Inbound,France:SFR France NOV23 OCT26,01-NOV-2023,31-OCT-2026,United Kingdom,France,End of Agreement,Voice,MO,"Single Rate Effective (Voice, SMS, Data)",GBRPR,FRA09,0.25000,Value,Gross,EUR,,Actual,,,,01-NOV-23,31-OCT-26,,,,,,,,,,MULTI,Swaziland,,,,ALL,
Visitor/Inbound,France:SFR France NOV23 OCT26,01-NOV-2023,31-OCT-2026,United Kingdom,France,End of Agreement,Voice,MO,"Single Rate Effective (Voice, SMS, Data)",GBRPR,FRA09,0.25000,Value,Gross,EUR,,Actual,,,,01-NOV-23,31-OCT-26,,,,,,,,,,MULTI,Switzerland,,,,ALL,
Visitor/Inbound,France:SFR France NOV23 OCT26,01-NOV-2023,31-OCT-2026,United Kingdom,France,End of Agreement,Voice,MO,"Single Rate Effective (Voice, SMS, Data)",GBRPR,FRA09,0.25000,Value,Gross,EUR,,Actual,,,,01-NOV-23,31-OCT-26,,,,,,,,,,MULTI,Syrian Arab Republic,,,,ALL,
Visitor/Inbound,France:SFR France NOV23 OCT26,01-NOV-2023,31-OCT-2026,United Kingdom,France,End of Agreement,Voice,MO,"Single Rate Effective (Voice, SMS, Data)",GBRPR,FRA09,0.25000,Value,Gross,EUR,,Actual,,,,01-NOV-23,31-OCT-26,,,,,,,,,,MULTI,"Taiwan, Province of China",,,,ALL,
Visitor/Inbound,France:SFR France NOV23 OCT26,01-NOV-2023,31-OCT-2026,United Kingdom,France,End of Agreement,Voice,MO,"Single Rate Effective (Voice, SMS, Data)",GBRPR,FRA09,0.25000,Value,Gross,EUR,,Actual,,,,01-NOV-23,31-OCT-26,,,,,,,,,,MULTI,Tajikistan,,,,ALL,
Visitor/Inbound,France:SFR France NOV23 OCT26,01-NOV-2023,31-OCT-2026,United Kingdom,France,End of Agreement,Voice,MO,"Single Rate Effective (Voice, SMS, Data)",GBRPR,FRA09,0.25000,Value,Gross,EUR,,Actual,,,,01-NOV-23,31-OCT-26,,,,,,,,,,MULTI,"Tanzania, United Republic of",,,,ALL,
Visitor/Inbound,France:SFR France NOV23 OCT26,01-NOV-2023,31-OCT-2026,United Kingdom,France,End of Agreement,Voice,MO,"Single Rate Effective (Voice, SMS, Data)",GBRPR,FRA09,0.25000,Value,Gross,EUR,,Actual,,,,01-NOV-23,31-OCT-26,,,,,,,,,,MULTI,Thailand,,,,ALL,
Visitor/Inbound,France:SFR France NOV23 OCT26,01-NOV-2023,31-OCT-2026,United Kingdom,France,End of Agreement,Voice,MO,"Single Rate Effective (Voice, SMS, Data)",GBRPR,FRA09,0.25000,Value,Gross,EUR,,Actual,,,,01-NOV-23,31-OCT-26,,,,,,,,,,MULTI,Togo,,,,ALL,
Visitor/Inbound,France:SFR France NOV23 OCT26,01-NOV-2023,31-OCT-2026,United Kingdom,France,End of Agreement,Voice,MO,"Single Rate Effective (Voice, SMS, Data)",GBRPR,FRA09,0.25000,Value,Gross,EUR,,Actual,,,,01-NOV-23,31-OCT-26,,,,,,,,,,MULTI,Tokelau,,,,ALL,
Visitor/Inbound,France:SFR France NOV23 OCT26,01-NOV-2023,31-OCT-2026,United Kingdom,France,End of Agreement,Voice,MO,"Single Rate Effective (Voice, SMS, Data)",GBRPR,FRA09,0.25000,Value,Gross,EUR,,Actual,,,,01-NOV-23,31-OCT-26,,,,,,,,,,MULTI,Tonga,,,,ALL,
Visitor/Inbound,France:SFR France NOV23 OCT26,01-NOV-2023,31-OCT-2026,United Kingdom,France,End of Agreement,Voice,MO,"Single Rate Effective (Voice, SMS, Data)",GBRPR,FRA09,0.25000,Value,Gross,EUR,,Actual,,,,01-NOV-23,31-OCT-26,,,,,,,,,,MULTI,Trinidad and Tobago,,,,ALL,
Visitor/Inbound,France:SFR France NOV23 OCT26,01-NOV-2023,31-OCT-2026,United Kingdom,France,End of Agreement,Voice,MO,"Single Rate Effective (Voice, SMS, Data)",GBRPR,FRA09,0.25000,Value,Gross,EUR,,Actual,,,,01-NOV-23,31-OCT-26,,,,,,,,,,MULTI,Tunisia,,,,ALL,
Visitor/Inbound,France:SFR France NOV23 OCT26,01-NOV-2023,31-OCT-2026,United Kingdom,France,End of Agreement,Voice,MO,"Single Rate Effective (Voice, SMS, Data)",GBRPR,FRA09,0.25000,Value,Gross,EUR,,Actual,,,,01-NOV-23,31-OCT-26,,,,,,,,,,MULTI,Turkey,,,,ALL,
Visitor/Inbound,France:SFR France NOV23 OCT26,01-NOV-2023,31-OCT-2026,United Kingdom,France,End of Agreement,Voice,MO,"Single Rate Effective (Voice, SMS, Data)",GBRPR,FRA09,0.25000,Value,Gross,EUR,,Actual,,,,01-NOV-23,31-OCT-26,,,,,,,,,,MULTI,Turkmenistan,,,,ALL,
Visitor/Inbound,France:SFR France NOV23 OCT26,01-NOV-2023,31-OCT-2026,United Kingdom,France,End of Agreement,Voice,MO,"Single Rate Effective (Voice, SMS, Data)",GBRPR,FRA09,0.25000,Value,Gross,EUR,,Actual,,,,01-NOV-23,31-OCT-26,,,,,,,,,,MULTI,Turks and Caicos Islands,,,,ALL,
Visitor/Inbound,France:SFR France NOV23 OCT26,01-NOV-2023,31-OCT-2026,United Kingdom,France,End of Agreement,Voice,MO,"Single Rate Effective (Voice, SMS, Data)",GBRPR,FRA09,0.25000,Value,Gross,EUR,,Actual,,,,01-NOV-23,31-OCT-26,,,,,,,,,,MULTI,Tuvalu,,,,ALL,
Visitor/Inbound,France:SFR France NOV23 OCT26,01-NOV-2023,31-OCT-2026,United Kingdom,France,End of Agreement,Voice,MO,"Single Rate Effective (Voice, SMS, Data)",GBRPR,FRA09,0.25000,Value,Gross,EUR,,Actual,,,,01-NOV-23,31-OCT-26,,,,,,,,,,MULTI,Uganda,,,,ALL,
Visitor/Inbound,France:SFR France NOV23 OCT26,01-NOV-2023,31-OCT-2026,United Kingdom,France,End of Agreement,Voice,MO,"Single Rate Effective (Voice, SMS, Data)",GBRPR,FRA09,0.25000,Value,Gross,EUR,,Actual,,,,01-NOV-23,31-OCT-26,,,,,,,,,,MULTI,Ukraine,,,,ALL,
Visitor/Inbound,France:SFR France NOV23 OCT26,01-NOV-2023,31-OCT-2026,United Kingdom,France,End of Agreement,Voice,MO,"Single Rate Effective (Voice, SMS, Data)",GBRPR,FRA09,0.25000,Value,Gross,EUR,,Actual,,,,01-NOV-23,31-OCT-26,,,,,,,,,,MULTI,United Arab Emirates,,,,ALL,
Visitor/Inbound,France:SFR France NOV23 OCT26,01-NOV-2023,31-OCT-2026,United Kingdom,France,End of Agreement,Voice,MO,"Single Rate Effective (Voice, SMS, Data)",GBRPR,FRA09,0.25000,Value,Gross,EUR,,Actual,,,,01-NOV-23,31-OCT-26,,,,,,,,,,MULTI,United States,,,,ALL,
Visitor/Inbound,France:SFR France NOV23 OCT26,01-NOV-2023,31-OCT-2026,United Kingdom,France,End of Agreement,Voice,MO,"Single Rate Effective (Voice, SMS, Data)",GBRPR,FRA09,0.25000,Value,Gross,EUR,,Actual,,,,01-NOV-23,31-OCT-26,,,,,,,,,,MULTI,United States Minor Outlying Islands,,,,ALL,
Visitor/Inbound,France:SFR France NOV23 OCT26,01-NOV-2023,31-OCT-2026,United Kingdom,France,End of Agreement,Voice,MO,"Single Rate Effective (Voice, SMS, Data)",GBRPR,FRA09,0.25000,Value,Gross,EUR,,Actual,,,,01-NOV-23,31-OCT-26,,,,,,,,,,MULTI,Uruguay,,,,ALL,
Visitor/Inbound,France:SFR France NOV23 OCT26,01-NOV-2023,31-OCT-2026,United Kingdom,France,End of Agreement,Voice,MO,"Single Rate Effective (Voice, SMS, Data)",GBRPR,FRA09,0.25000,Value,Gross,EUR,,Actual,,,,01-NOV-23,31-OCT-26,,,,,,,,,,MULTI,Uzbekistan,,,,ALL,
Visitor/Inbound,France:SFR France NOV23 OCT26,01-NOV-2023,31-OCT-2026,United Kingdom,France,End of Agreement,Voice,MO,"Single Rate Effective (Voice, SMS, Data)",GBRPR,FRA09,0.25000,Value,Gross,EUR,,Actual,,,,01-NOV-23,31-OCT-26,,,,,,,,,,MULTI,Vanuatu,,,,ALL,
Visitor/Inbound,France:SFR France NOV23 OCT26,01-NOV-2023,31-OCT-2026,United Kingdom,France,End of Agreement,Voice,MO,"Single Rate Effective (Voice, SMS, Data)",GBRPR,FRA09,0.25000,Value,Gross,EUR,,Actual,,,,01-NOV-23,31-OCT-26,,,,,,,,,,MULTI,Venezuela,,,,ALL,
Visitor/Inbound,France:SFR France NOV23 OCT26,01-NOV-2023,31-OCT-2026,United Kingdom,France,End of Agreement,Voice,MO,"Single Rate Effective (Voice, SMS, Data)",GBRPR,FRA09,0.25000,Value,Gross,EUR,,Actual,,,,01-NOV-23,31-OCT-26,,,,,,,,,,MULTI,Viet Nam,,,,ALL,
Visitor/Inbound,France:SFR France NOV23 OCT26,01-NOV-2023,31-OCT-2026,United Kingdom,France,End of Agreement,Voice,MO,"Single Rate Effective (Voice, SMS, Data)",GBRPR,FRA09,0.25000,Value,Gross,EUR,,Actual,,,,01-NOV-23,31-OCT-26,,,,,,,,,,MULTI,"Virgin Islands, British",,,,ALL,
Visitor/Inbound,France:SFR France NOV23 OCT26,01-NOV-2023,31-OCT-2026,United Kingdom,France,End of Agreement,Voice,MO,"Single Rate Effective (Voice, SMS, Data)",GBRPR,FRA09,0.25000,Value,Gross,EUR,,Actual,,,,01-NOV-23,31-OCT-26,,,,,,,,,,MULTI,"Virgin Islands, U.S.",,,,ALL,
Visitor/Inbound,France:SFR France NOV23 OCT26,01-NOV-2023,31-OCT-2026,United Kingdom,France,End of Agreement,Voice,MO,"Single Rate Effective (Voice, SMS, Data)",GBRPR,FRA09,0.25000,Value,Gross,EUR,,Actual,,,,01-NOV-23,31-OCT-26,,,,,,,,,,MULTI,Wallis and Futuna,,,,ALL,
Visitor/Inbound,France:SFR France NOV23 OCT26,01-NOV-2023,31-OCT-2026,United Kingdom,France,End of Agreement,Voice,MO,"Single Rate Effective (Voice, SMS, Data)",GBRPR,FRA09,0.25000,Value,Gross,EUR,,Actual,,,,01-NOV-23,31-OCT-26,,,,,,,,,,MULTI,Western Sahara,,,,ALL,
Visitor/Inbound,France:SFR France NOV23 OCT26,01-NOV-2023,31-OCT-2026,United Kingdom,France,End of Agreement,Voice,MO,"Single Rate Effective (Voice, SMS, Data)",GBRPR,FRA09,0.25000,Value,Gross,EUR,,Actual,,,,01-NOV-23,31-OCT-26,,,,,,,,,,MULTI,Yemen,,,,ALL,
Visitor/Inbound,France:SFR France NOV23 OCT26,01-NOV-2023,31-OCT-2026,United Kingdom,France,End of Agreement,Voice,MO,"Single Rate Effective (Voice, SMS, Data)",GBRPR,FRA09,0.25000,Value,Gross,EUR,,Actual,,,,01-NOV-23,31-OCT-26,,,,,,,,,,MULTI,Zambia,,,,ALL,
Visitor/Inbound,France:SFR France NOV23 OCT26,01-NOV-2023,31-OCT-2026,United Kingdom,France,End of Agreement,Voice,MO,"Single Rate Effective (Voice, SMS, Data)",GBRPR,FRA09,0.25000,Value,Gross,EUR,,Actual,,,,01-NOV-23,31-OCT-26,,,,,,,,,,MULTI,Zimbabwe,,,,ALL,
